entity_id	business_name	business_address	country
S1_TRAIN_000001	Unified Communications 1825 Co.	3658 Brigade Road, Seattle, 28289, US	US
S1_TRAIN_000002	Zenith Broadcast Group 8936 Ltd.	521 George Street, Glasgow, 13905, GB	GB
S1_TRAIN_000003	Prosper Wealth Advisors 3612 SNC	107 Oxford Street, Bordeaux, 30926, FR	FR
S1_TRAIN_000004	Enclave Networks 5882 GmbH	712 Oxford Street, Stuttgart, 70217, DE	DE
S1_TRAIN_000005	Kodiak Tactical 1655 Ltd.	5978 Friedrichstrasse, Singapore, 31319, SG	SG
S1_TRAIN_000006	Ultratech Industrial 2804 Kabushiki Kaisha	7574 Industrial Boulevard, Osaka, 59735, JP	JP
S1_TRAIN_000007	Velocity Motors 8180 Private Limited	4340 Market Street, Singapore, 28301, SG	SG
S1_TRAIN_000008	Falcon Heavy Transport 2505 Pvt. Ltd.	6917 King Street, Kolkata, 88172, IN	IN
S1_TRAIN_000009	First Horizon Banking 8798 Proprietary Limited	4809 Broadway, Brisbane, 66985, AU	AU
S1_TRAIN_000010	Heritage Distilling 8318 Co. Ltd.	4890 Washington Blvd, Edinburgh, 93748, GB	GB
S1_TRAIN_000011	Acme Global 9814 GmbH & Co. KG	1833 Main St, Hamburg, 57576, DE	DE
S1_TRAIN_000012	Spectrum Communications 2061 Pvt Ltd	9008 Rue de Rivoli, Pune, 31643, IN	IN
S1_TRAIN_000013	Volt Electrical Services 3296 NL	6119 King Street, Perth, 67422, AU	AU
S1_TRAIN_000014	Keystone Civil Works 1050 AG	9076 Elm Street, Berlin, 40161, DE	DE
S1_TRAIN_000015	West Coast Distribution 965 ULC	5414 High Street, Toronto, 19287, CA	CA
S1_TRAIN_000016	Synthesis Data Labs 7745 Inc.	3120 George Street, Calgary, 22363, CA	CA
S1_TRAIN_000017	Evergreen Forestry 4074 Limited	7351 Church St, Vancouver, 28373, CA	CA
S1_TRAIN_000018	Riverstone Capital 4093 Co. Ltd.	1605 Church St, Leeds, 16630, GB	GB
S1_TRAIN_000019	Crestview Holdings 2698 Ltd.	4346 Bay Street, Singapore, 69638, SG	SG
S1_TRAIN_000020	Iconic Architecture 4862 Ltée	8884 Elm Street, Toronto, 17989, CA	CA
S1_TRAIN_000021	Tandem Software 7812 K.K.	932 Industrial Boulevard, Yokohama, 76562, JP	JP
S1_TRAIN_000022	Trident Subsea Works 1344 Ltd.	3347 Oxford Street, Singapore, 97782, SG	SG
S1_TRAIN_000023	Beacon Health 7509 N.V.	8809 Park Avenue, Amsterdam, 37938, NL	NL
S1_TRAIN_000024	OnPoint Diagnostics 1128 ULC	2585 Queen Street, Montreal, 67433, CA	CA
S1_TRAIN_000025	Luminary Lighting 1892 PLC	2547 Church St, Bristol, 45697, GB	GB
S1_TRAIN_000026	Compass Point Marine 1513 Private Limited	59 High Street, Singapore, 53719, SG	SG
S1_TRAIN_000027	Falcon Heavy Transport 1233 Limited	6050 High Street, Chennai, 86350, IN	IN
S1_TRAIN_000028	Fusion Power Dynamics 686 Proprietary Limited	5863 High Street, Brisbane, 37535, AU	AU
S1_TRAIN_000029	Heritage Distilling 6756 LLP	5443 Harbor Drive, Austin, 63964, US	US
S1_TRAIN_000030	Safeguard Insurance 3645 Corp.	5001 Commercial Road, Calgary, 39831, CA	CA
S1_TRAIN_000031	Infinity Robotics 6529 UG	4574 Park Avenue, Frankfurt, 56025, DE	DE
S1_TRAIN_000032	Luminary Lighting 627 LLP	5664 George Street, Glasgow, 51114, GB	GB
S1_TRAIN_000033	Radiant Energy 28 Kabushiki Kaisha	3229 King Street, Yokohama, 57739, JP	JP
S1_TRAIN_000034	Vertex Engineering 5410 N.V.	2042 King Street, Utrecht, 49363, NL	NL
S1_TRAIN_000035	Treasure Coast Marine 9325 Ltd	7 Church St, Perth, 49829, AU	AU
S1_TRAIN_000036	Xcel Precision Tools 2781 Limited	5492 Orchard Road, Birmingham, 22240, GB	GB
S1_TRAIN_000037	Resolute Mining 6791 N.V.	6292 Victoria Road, Rotterdam, 74799, NL	NL
S1_TRAIN_000038	Waveform Acoustic 8487 SNC	4083 Church St, Paris, 25906, FR	FR
S1_TRAIN_000039	Riverstone Capital 8703 G.K.	7252 Station Road, Yokohama, 90301, JP	JP
S1_TRAIN_000040	SoundWave Media 7940 Corp.	1270 Friedrichstrasse, Montreal, 47450, CA	CA
S1_TRAIN_000041	Wellspring Health 3506 LLP	5422 George Street, Leeds, 81121, GB	GB
S1_TRAIN_000042	Synthesis Data Labs 6233 SNC	4893 Commercial Road, Paris, 61116, FR	FR
S1_TRAIN_000043	Matrix Computing 7141 SNC	5508 Bay Street, Paris, 97670, FR	FR
S1_TRAIN_000044	United Parcel Express 7023 Pvt Ltd	2978 Friedrichstrasse, Kolkata, 16590, IN	IN
S1_TRAIN_000045	Prosper Wealth Advisors 4134 PLC	8838 Main St, Leeds, 16826, GB	GB
S1_TRAIN_000046	Legacy Manufacturing 3267 Co.	2069 Brigade Road, Austin, 72070, US	US
S1_TRAIN_000047	Jade Palace Dining 7620 Pty Ltd	9927 Industrial Boulevard, Brisbane, 89593, AU	AU
S1_TRAIN_000048	Prairie Wind Renewables 3250 PLC	3979 Victoria Road, Glasgow, 23356, GB	GB
S1_TRAIN_000049	Prosper Wealth Advisors 8032 LLP	7533 Commercial Road, Leeds, 30052, GB	GB
S1_TRAIN_000050	SoundWave Media 4426 N.V.	7137 Friedrichstrasse, The Hague, 87656, NL	NL
S1_TRAIN_000051	Riverstone Capital 9337 N.V.	471 Station Road, The Hague, 74789, NL	NL
S1_TRAIN_000052	Ivy League Education 5814 Pty Ltd	9768 Oxford Street, Brisbane, 46211, AU	AU
S1_TRAIN_000053	Sanctuary Spa Group 8042 SNC	4821 Park Avenue, Paris, 39045, FR	FR
S1_TRAIN_000054	Optima Insurance 7435 Proprietary Limited	3778 Oxford Street, Brisbane, 25814, AU	AU
S1_TRAIN_000055	Zenith Broadcast Group 7934 Pty Ltd	9778 Orchard Road, Adelaide, 47093, AU	AU
S1_TRAIN_000056	Compass Point Marine 9067 Pty Ltd	8043 Washington Blvd, Melbourne, 23446, AU	AU
S1_TRAIN_000057	Sapphire Healthcare 1870 Ltd.	1214 Rue de Rivoli, Leeds, 85631, GB	GB
S1_TRAIN_000058	Sunrise Bakery 4979 Co. Ltd.	9144 Broadway, Manchester, 64548, GB	GB
S1_TRAIN_000059	Monarch Aerospace 9643 Pte. Ltd.	987 Elm Street, Singapore, 89905, SG	SG
S1_TRAIN_000060	Wayfarer Outdoors 7439 Co. Ltd.	4335 Brigade Road, Bristol, 91927, GB	GB
S1_TRAIN_000061	Harbor Light Logistics 5040 N.V.	2038 Friedrichstrasse, Utrecht, 71433, NL	NL
S1_TRAIN_000062	Kinetic Sports 9425 B.V.	4416 King Street, Amsterdam, 85529, NL	NL
S1_TRAIN_000063	Vibrant Media Group 1714 LLP	8118 George Street, New Delhi, 47777, IN	IN
S1_TRAIN_000064	Standard Petroleum 7570 LLP	8495 MG Road, Singapore, 57419, SG	SG
S1_TRAIN_000065	Waveform Acoustic 7942 Limited	9976 Washington Blvd, London, 41365, GB	GB
S1_TRAIN_000066	Fleetwood Engineering 2523 SNC	4480 Orchard Road, Marseille, 64459, FR	FR
S1_TRAIN_000067	Acme Global 4635 NL	8023 Elm Street, Adelaide, 29476, AU	AU
S1_TRAIN_000068	Waveform Acoustic 3913 N.V.	6731 Brigade Road, The Hague, 15720, NL	NL
S1_TRAIN_000069	TerraFirma Landscaping 5440 LLP	1634 Friedrichstrasse, Edinburgh, 78937, GB	GB
S1_TRAIN_000070	Global Trade Alliance 6718 Limited	4343 Rue de Rivoli, Bengaluru, 54375, IN	IN
S1_TRAIN_000071	Standard Petroleum 589 B.V.	4709 Brigade Road, Amsterdam, 39817, NL	NL
S1_TRAIN_000072	CloudScale Systems 5315 Inc.	6142 Commercial Road, Seattle, 66450, US	US
S1_TRAIN_000073	Trident Subsea Works 3946 SA	3805 Market Street, Bordeaux, 70443, FR	FR
S1_TRAIN_000074	Guardian Asset Management 1211 SNC	4902 Elm Street, Marseille, 93746, FR	FR
S1_TRAIN_000075	Wayfarer Outdoors 4838 LLP	133 Oxford Street, Atlanta, 84177, US	US
S1_TRAIN_000076	TopTier Athletics 5773 Corp.	4107 Maple Ave, Vancouver, 98835, CA	CA
S1_TRAIN_000077	Galaxy Softworks 1477 Proprietary Limited	6808 Harbor Drive, Brisbane, 33021, AU	AU
S1_TRAIN_000078	Standard Petroleum 5995 Kabushiki Kaisha	2696 Oxford Street, Yokohama, 43681, JP	JP
S1_TRAIN_000079	Prairie Wind Renewables 229 Ltd	7452 Broadway, Adelaide, 58311, AU	AU
S1_TRAIN_000080	Catalyst Innovation 9199 UG	1036 Brigade Road, Stuttgart, 93283, DE	DE
S1_TRAIN_000081	Waveform Acoustic 8851 LLP	1623 George Street, Singapore, 74139, SG	SG
S1_TRAIN_000082	Crestview Holdings 6524 Proprietary Limited	7451 Broadway, Melbourne, 22015, AU	AU
S1_TRAIN_000083	Sunrise Bakery 3363 Limited	3395 Church St, Edinburgh, 86858, GB	GB
S1_TRAIN_000084	Standard Petroleum 4107 Pvt. Ltd.	423 King Street, Bengaluru, 27275, IN	IN
S1_TRAIN_000085	Southland Agriculture 1863 Co. Ltd.	5932 Friedrichstrasse, Leeds, 77271, GB	GB
S1_TRAIN_000086	Sigma BioPharma 3630 N.V.	8544 Harbor Drive, Amsterdam, 49535, NL	NL
S1_TRAIN_000087	Evergreen Forestry 8033 SARL	5278 Park Avenue, Paris, 89730, FR	FR
S1_TRAIN_000088	Maven Data Science 9591 Kabushiki Kaisha	9788 Bay Street, Nagoya, 79541, JP	JP
S1_TRAIN_000089	Sterling Bank & Trust 3523 LLP	6780 Brigade Road, Singapore, 54424, SG	SG
S1_TRAIN_000090	GreenLeaf Organics 7771 Ltd.	1528 Park Avenue, London, 66606, GB	GB
S1_TRAIN_000091	Optima Insurance 6930 LLC	5120 Maple Ave, Seattle, 56090, US	US
S1_TRAIN_000092	First Horizon Banking 4565 B.V.	9191 George Street, Rotterdam, 91490, NL	NL
S1_TRAIN_000093	Oceanic Seafoods 5752 Corporation	9279 Market Street, Austin, 96159, US	US
S1_TRAIN_000094	Zenith Broadcast Group 503 LLP	3525 Orchard Road, Bristol, 59308, GB	GB
S1_TRAIN_000095	Threshold Interactive 1392 LLC	816 Industrial Boulevard, Austin, 98338, US	US
S1_TRAIN_000096	First Horizon Banking 5656 Ltd.	9718 Queen Street, Singapore, 73783, SG	SG
S1_TRAIN_000097	Prairie Wind Renewables 9820 LLP	4939 MG Road, New York, 37686, US	US
S1_TRAIN_000098	Lighthouse Hospitality 4743 AG	8150 Main St, Berlin, 66446, DE	DE
S1_TRAIN_000099	Spectrum Communications 3771 Kabushiki Kaisha	5803 King Street, Yokohama, 19447, JP	JP
S1_TRAIN_000100	Premier Dental Care 342 GmbH	7539 Maple Ave, Munich, 57428, DE	DE
S1_TRAIN_000101	Zephyr Clean Energy 5563 Inc.	1252 Industrial Boulevard, Montreal, 76910, CA	CA
S1_TRAIN_000102	Universal Aerospace 2420 Corp.	4194 Market Street, Toronto, 35856, CA	CA
S1_TRAIN_000103	Sunrise Bakery 9495 SA	5296 Washington Blvd, Bordeaux, 92210, FR	FR
S1_TRAIN_000104	CyberShield Defense 7683 SA	9690 Oxford Street, Marseille, 17362, FR	FR
S1_TRAIN_000105	Emerald City Foods 9734 G.K.	9509 Friedrichstrasse, Fukuoka, 82655, JP	JP
S1_TRAIN_000106	Olympus Chemical 1382 Kabushiki Kaisha	4060 High Street, Osaka, 67377, JP	JP
S1_TRAIN_000107	Oceanic Seafoods 9796 Incorporated	5402 Park Avenue, Boston, 22387, US	US
S1_TRAIN_000108	Tandem Software 2318 GmbH	6422 Washington Blvd, Frankfurt, 26901, DE	DE
S1_TRAIN_000109	Zenith Broadcast Group 8625 PLC	6938 King Street, Bristol, 76648, GB	GB
S1_TRAIN_000110	Nebula Cloud Hosting 2954 Corp.	3146 Rue de Rivoli, Montreal, 39693, CA	CA
S1_TRAIN_000111	Modern Precision 1658 G.K.	8627 Harbor Drive, Yokohama, 14947, JP	JP
S1_TRAIN_000112	Voyager Travel Group 2713 SARL	5969 George Street, Paris, 98652, FR	FR
S1_TRAIN_000113	Sigma BioPharma 8642 Ltd.	9907 MG Road, Singapore, 28140, SG	SG
S1_TRAIN_000114	Saturn Heavy Industries 6082 Kabushiki Kaisha	8453 Victoria Road, Tokyo, 26341, JP	JP
S1_TRAIN_000115	Halo Interactive 4470 SARL	7168 Market Street, Bordeaux, 22021, FR	FR
S1_TRAIN_000116	Eagle Eye Surveillance 6143 Ltée	1624 Station Road, Toronto, 95191, CA	CA
S1_TRAIN_000117	Treasure Coast Marine 87 Co. Ltd.	3534 Oxford Street, London, 29597, GB	GB
S1_TRAIN_000118	Synthesis Data Labs 3964 Pvt Ltd	26 George Street, New Delhi, 90584, IN	IN
S1_TRAIN_000119	Starfire Gaming 8313 K.K.	6398 Main St, Yokohama, 71621, JP	JP
S1_TRAIN_000120	OmniSource Global 3951 Ltd.	5448 Elm Street, Edinburgh, 27486, GB	GB
S1_TRAIN_000121	CrossRoads Transport 7499 LLC	718 MG Road, Seattle, 36144, US	US
S1_TRAIN_000122	Cinnabar Creative 3132 Pty Ltd	5439 High Street, Brisbane, 45811, AU	AU
S1_TRAIN_000123	Magnolia Hospitality 1354 Ltd.	9871 George Street, Singapore, 33652, SG	SG
S1_TRAIN_000124	Redwood Software 5760 SNC	5777 Harbor Drive, Paris, 90589, FR	FR
S1_TRAIN_000125	Pacific Rim Trading 8407 Enterprises	9955 Market Street, Bengaluru, 98878, IN	IN
S1_TRAIN_000126	Supreme Logistics 531 N.V.	7372 King Street, Rotterdam, 58623, NL	NL
S1_TRAIN_000127	Legacy Manufacturing 1859 Incorporated	8483 Rue de Rivoli, Austin, 60723, US	US
S1_TRAIN_000128	Linear Motion Control 7312 Inc.	8048 Queen Street, Ottawa, 36237, CA	CA
S1_TRAIN_000129	Delta Wave Electronics 7407 Enterprises	1439 Friedrichstrasse, Pune, 99381, IN	IN
S1_TRAIN_000130	Genesis Industrial 3879 SA	9078 Commercial Road, Paris, 85009, FR	FR
S1_TRAIN_000131	Whispering Pines Resort 7843 K.K.	9420 George Street, Fukuoka, 19666, JP	JP
S1_TRAIN_000132	Frontier Biotech 8489 LLP	2654 Industrial Boulevard, New Delhi, 52291, IN	IN
S1_TRAIN_000133	Sterling Bank & Trust 4497 Limited	8741 Queen Street, Pune, 22245, IN	IN
S1_TRAIN_000134	Sunrise Bakery 675 Co.	9450 High Street, San Francisco, 44688, US	US
S1_TRAIN_000135	Nautilus Oceanic 7913 Inc.	7431 Queen Street, Calgary, 19564, CA	CA
S1_TRAIN_000136	ProActive Safety 7934 SA	9940 Station Road, Lyon, 28830, FR	FR
S1_TRAIN_000137	Evergreen Forestry 5229 Corp.	4383 Broadway, Calgary, 68929, CA	CA
S1_TRAIN_000138	Cobalt Media Group 4755 Ltd.	2617 Brigade Road, Singapore, 52917, SG	SG
S1_TRAIN_000139	Guardian Asset Management 8164 K.K.	5056 Rue de Rivoli, Fukuoka, 75191, JP	JP
S1_TRAIN_000140	Polaris Navigation 8282 SAS	9558 MG Road, Lyon, 56254, FR	FR
S1_TRAIN_000141	Serenity Living 9790 SNC	134 Church St, Marseille, 24089, FR	FR
S1_TRAIN_000142	Luminary Lighting 5993 Private Limited	6564 High Street, Singapore, 16705, SG	SG
S1_TRAIN_000143	TriState Utilities 1947 Limited	6115 Bay Street, Bengaluru, 54444, IN	IN
S1_TRAIN_000144	NorthStar Financial 5219 Pvt Ltd	4903 Maple Ave, Hyderabad, 87820, IN	IN
S1_TRAIN_000145	Victory Marine 1796 LLP	437 Harbor Drive, Singapore, 88238, SG	SG
S1_TRAIN_000146	Tandem Software 7872 Enterprises	6230 Washington Blvd, Chennai, 29369, IN	IN
S1_TRAIN_000147	Prism Optical 8222 B.V.	1021 Harbor Drive, The Hague, 28098, NL	NL
S1_TRAIN_000148	Spectrum Communications 5609 Kabushiki Kaisha	4332 King Street, Nagoya, 89963, JP	JP
S1_TRAIN_000149	Legacy Manufacturing 4572 G.K.	4877 Brigade Road, Nagoya, 47880, JP	JP
S1_TRAIN_000150	White Cloud Technologies 4481 NL	8900 Elm Street, Sydney, 59767, AU	AU
S1_TRAIN_000151	Redwood Software 4202 SA	8825 MG Road, Lyon, 45537, FR	FR
S1_TRAIN_000152	Treasure Coast Marine 9615 Corp.	8701 High Street, Vancouver, 39579, CA	CA
S1_TRAIN_000153	Prism Optical 5412 SARL	2253 King Street, Paris, 10679, FR	FR
S1_TRAIN_000154	MicroTech Semiconductor 5263 Pty Ltd	9407 Park Avenue, Sydney, 40437, AU	AU
S1_TRAIN_000155	Cinnabar Creative 152 Ltd	1759 Maple Ave, Adelaide, 53914, AU	AU
S1_TRAIN_000156	Matrix Computing 3160 PLC	7519 Industrial Boulevard, Birmingham, 94972, GB	GB
S1_TRAIN_000157	Premier Dental Care 7008 K.K.	6568 Park Avenue, Nagoya, 97720, JP	JP
S1_TRAIN_000158	Genesis Industrial 7823 AG	4273 Main St, Munich, 60275, DE	DE
S1_TRAIN_000159	Velocity Motors 5891 Ltée	1937 King Street, Toronto, 71000, CA	CA
S1_TRAIN_000160	Vista Window Systems 8234 Proprietary Limited	4834 Washington Blvd, Sydney, 58174, AU	AU
S1_TRAIN_000161	Spire Global Solutions 3579 ULC	8610 Park Avenue, Ottawa, 68556, CA	CA
S1_TRAIN_000162	Harbor Light Logistics 5376 Kabushiki Kaisha	3366 Broadway, Fukuoka, 86434, JP	JP
S1_TRAIN_000163	Silverline Transport 7299 Corporation	8410 Market Street, Dallas, 64450, US	US
S1_TRAIN_000164	Zephyr Clean Energy 3571 B.V.	6942 High Street, Amsterdam, 55158, NL	NL
S1_TRAIN_000165	MicroTech Semiconductor 6699 Ltd.	6888 Market Street, Kolkata, 59081, IN	IN
S1_TRAIN_000166	Standard Petroleum 2179 AG	8803 Industrial Boulevard, Berlin, 61518, DE	DE
S1_TRAIN_000167	Legacy Manufacturing 7547 GmbH	3089 Oxford Street, Munich, 24790, DE	DE
S1_TRAIN_000168	Wellspring Health 798 ULC	7192 Bay Street, Toronto, 40715, CA	CA
S1_TRAIN_000169	WorldBridge Express 9439 GmbH & Co. KG	5254 Maple Ave, Stuttgart, 41051, DE	DE
S1_TRAIN_000170	Serenity Living 769 UG	5223 Orchard Road, Hamburg, 64568, DE	DE
S1_TRAIN_000171	Pathfinder Robotics 3013 G.K.	3693 Brigade Road, Fukuoka, 49418, JP	JP
S1_TRAIN_000172	Riverstone Capital 945 K.K.	9131 George Street, Fukuoka, 79467, JP	JP
S1_TRAIN_000173	Paladin Risk Management 1515 G.K.	4399 High Street, Osaka, 59436, JP	JP
S1_TRAIN_000174	Sapphire Healthcare 3423 GmbH	3471 Main St, Frankfurt, 34906, DE	DE
S1_TRAIN_000175	Nimble Supply Chain 4638 Ltd.	5887 Church St, Singapore, 50425, SG	SG
S1_TRAIN_000176	Nexus Telecom 3329 AG	750 George Street, Frankfurt, 83731, DE	DE
S1_TRAIN_000177	Oceanic Seafoods 4217 SARL	2757 Friedrichstrasse, Toulouse, 56160, FR	FR
S1_TRAIN_000178	Starfire Gaming 8001 Pvt. Ltd.	963 Washington Blvd, Chennai, 78674, IN	IN
S1_TRAIN_000179	Beacon Health 3584 G.K.	991 Commercial Road, Fukuoka, 90980, JP	JP
S1_TRAIN_000180	MicroTech Semiconductor 281 G.K.	1754 Industrial Boulevard, Fukuoka, 22624, JP	JP
S1_TRAIN_000181	Infinity Robotics 8626 Ltd	6503 Oxford Street, Brisbane, 20357, AU	AU
S1_TRAIN_000182	CoreLogic Solutions 155 Enterprises	7110 Rue de Rivoli, Bengaluru, 94529, IN	IN
S1_TRAIN_000183	Kinetic Sports 3464 N.V.	763 Oxford Street, The Hague, 19744, NL	NL
S1_TRAIN_000184	Prairie Wind Renewables 1261 NL	3940 Elm Street, Melbourne, 84277, AU	AU
S1_TRAIN_000185	Radiant Energy 3804 PLC	9759 Maple Ave, Birmingham, 61996, GB	GB
S1_TRAIN_000186	Matrix Computing 7382 SNC	9061 Commercial Road, Lyon, 59207, FR	FR
S1_TRAIN_000187	Tandem Software 6228 Ltd.	4840 Maple Ave, Edinburgh, 42302, GB	GB
S1_TRAIN_000188	GreenLeaf Organics 6226 Pvt. Ltd.	5189 Bay Street, Pune, 57277, IN	IN
S1_TRAIN_000189	Navitas Clean Energy 7287 AG	2171 Broadway, Frankfurt, 21442, DE	DE
S1_TRAIN_000190	Threshold Interactive 9799 UG	4782 Main St, Hamburg, 64238, DE	DE
S1_TRAIN_000191	Magnolia Hospitality 8080 Ltd.	7122 Industrial Boulevard, Bengaluru, 46170, IN	IN
S1_TRAIN_000192	Serenity Living 9729 N.V.	1753 Friedrichstrasse, Rotterdam, 27758, NL	NL
S1_TRAIN_000193	Prairie Wind Renewables 5444 N.V.	7213 Station Road, The Hague, 53874, NL	NL
S1_TRAIN_000194	New Horizon Health 2911 Private Limited	8045 Queen Street, Singapore, 85481, SG	SG
S1_TRAIN_000195	Integrity Consulting 9704 G.K.	9013 King Street, Osaka, 13527, JP	JP
S1_TRAIN_000196	Prime Auto Group 8181 LLP	3966 Queen Street, Pune, 43119, IN	IN
S1_TRAIN_000197	Pulse Digital Marketing 6177 LLP	7852 Maple Ave, Leeds, 86315, GB	GB
S1_TRAIN_000198	Overland Express 8797 N.V.	4068 Broadway, Amsterdam, 96193, NL	NL
S1_TRAIN_000199	TransNational Logistics 726 B.V.	7053 Station Road, The Hague, 23886, NL	NL
S1_TRAIN_000200	Jupiter Aerospace 8367 Kabushiki Kaisha	9425 Elm Street, Yokohama, 38971, JP	JP
S1_TRAIN_000201	Modern Precision 6816 PLC	2322 Harbor Drive, London, 55656, GB	GB
S1_TRAIN_000202	Renaissance Arts 5226 PLC	1886 High Street, Birmingham, 12960, GB	GB
S1_TRAIN_000203	Sunlight Solar Power 6986 SNC	3023 Bay Street, Lyon, 34430, FR	FR
S1_TRAIN_000204	Wellspring Health 3520 Inc.	1026 Victoria Road, Montreal, 85674, CA	CA
S1_TRAIN_000205	TransNational Logistics 6432 B.V.	5767 Commercial Road, Amsterdam, 70012, NL	NL
S1_TRAIN_000206	First Horizon Banking 3000 AG	6365 Orchard Road, Munich, 64819, DE	DE
S1_TRAIN_000207	Helix BioSciences 9092 Pvt Ltd	2299 Queen Street, Hyderabad, 34523, IN	IN
S1_TRAIN_000208	Sentient AI Systems 6810 SAS	1355 Industrial Boulevard, Toulouse, 84107, FR	FR
S1_TRAIN_000209	Starlight Entertainment 8370 PLC	4390 Broadway, Glasgow, 81186, GB	GB
S1_TRAIN_000210	Equinox Venture Partners 4056 Pty Ltd	4306 Friedrichstrasse, Sydney, 55688, AU	AU
S1_TRAIN_000211	Taylor & Associates 5745 B.V.	2282 Industrial Boulevard, The Hague, 37082, NL	NL
S1_TRAIN_000212	Viking Freight 1561 Enterprises	972 George Street, Kolkata, 46349, IN	IN
S1_TRAIN_000213	Polaris Navigation 8020 Ltd.	4403 Washington Blvd, Chennai, 92288, IN	IN
S1_TRAIN_000214	Zion Natural Foods 4559 GmbH	5363 Rue de Rivoli, Hamburg, 86278, DE	DE
S1_TRAIN_000215	Quantum Computing Labs 3471 SARL	4647 Station Road, Marseille, 54270, FR	FR
S1_TRAIN_000216	Envision Healthcare 7530 LLC	7231 Industrial Boulevard, San Francisco, 69836, US	US
S1_TRAIN_000217	Vanguard Asset Management 2712 Corporation	5006 Washington Blvd, Atlanta, 40689, US	US
S1_TRAIN_000218	Waveform Acoustic 5630 Ltd.	2166 George Street, Edinburgh, 72613, GB	GB
S1_TRAIN_000219	Monarch Aerospace 2247 Pte. Ltd.	2341 Washington Blvd, Singapore, 18966, SG	SG
S1_TRAIN_000220	Prism Optical 7249 ULC	2294 Broadway, Toronto, 26142, CA	CA
S1_TRAIN_000221	Timberline Lumber 9955 Proprietary Limited	4943 King Street, Sydney, 36928, AU	AU
S1_TRAIN_000222	Unified Communications 9731 Limited	5917 Main St, Glasgow, 51480, GB	GB
S1_TRAIN_000223	Delta Wave Electronics 274 B.V.	4296 Main St, Amsterdam, 38277, NL	NL
S1_TRAIN_000224	Nebula Cloud Hosting 1295 Kabushiki Kaisha	8789 Market Street, Osaka, 52827, JP	JP
S1_TRAIN_000225	Lantern Publishing 949 ULC	1901 George Street, Toronto, 69424, CA	CA
S1_TRAIN_000226	West Coast Distribution 2249 Incorporated	5681 Rue de Rivoli, Austin, 78551, US	US
S1_TRAIN_000227	Cedar Point Energy 5489 Pte. Ltd.	1047 Orchard Road, Singapore, 44465, SG	SG
S1_TRAIN_000228	Equinox Venture Partners 9403 Ltd.	8337 Harbor Drive, Manchester, 10336, GB	GB
S1_TRAIN_000229	Prosper Wealth Advisors 3679 GmbH	5242 George Street, Munich, 45554, DE	DE
S1_TRAIN_000230	Precision Machining 1130 SNC	5363 Queen Street, Marseille, 21322, FR	FR
S1_TRAIN_000231	Integrity Consulting 4778 N.V.	3975 Harbor Drive, Utrecht, 70807, NL	NL
S1_TRAIN_000232	Latitude Geospatial 2467 Corp.	3818 Main St, Atlanta, 80981, US	US
S1_TRAIN_000233	Xcel Precision Tools 5039 LLP	3903 Orchard Road, Manchester, 65026, GB	GB
S1_TRAIN_000234	EcoSphere Solutions 9516 Co. Ltd.	6462 Market Street, Glasgow, 19808, GB	GB
S1_TRAIN_000235	New Horizon Health 6439 GmbH	4456 Friedrichstrasse, Frankfurt, 40619, DE	DE
S1_TRAIN_000236	Guardian Asset Management 4985 B.V.	5371 MG Road, Amsterdam, 29441, NL	NL
S1_TRAIN_000237	Premier Dental Care 7409 K.K.	1552 Brigade Road, Yokohama, 70560, JP	JP
S1_TRAIN_000238	Turbine Power Systems 1377 B.V.	358 Park Avenue, Utrecht, 18450, NL	NL
S1_TRAIN_000239	Cedar Point Energy 6271 Ltd.	3518 Commercial Road, Singapore, 34530, SG	SG
S1_TRAIN_000240	Starlight Entertainment 7849 Corporation	6276 Oxford Street, San Francisco, 27987, US	US
S1_TRAIN_000241	Southland Agriculture 4083 G.K.	5884 Bay Street, Tokyo, 72873, JP	JP
S1_TRAIN_000242	Meridian Wealth 960 SARL	9569 Commercial Road, Bordeaux, 40508, FR	FR
S1_TRAIN_000243	Venture Point Capital 3952 NL	917 Harbor Drive, Adelaide, 38758, AU	AU
S1_TRAIN_000244	Xcel Precision Tools 5879 B.V.	5762 Victoria Road, Amsterdam, 84403, NL	NL
S1_TRAIN_000245	Nebula Cloud Hosting 2877 SARL	921 Park Avenue, Paris, 40490, FR	FR
S1_TRAIN_000246	Sapphire Healthcare 12 AG	2138 MG Road, Stuttgart, 54663, DE	DE
S1_TRAIN_000247	Prairie Wind Renewables 9602 Limited	5286 Queen Street, Birmingham, 27884, GB	GB
S1_TRAIN_000248	Orbit Satellite Services 3658 B.V.	5027 Bay Street, Rotterdam, 48602, NL	NL
S1_TRAIN_000249	Acme Global 9386 Private Limited	9870 Industrial Boulevard, Singapore, 51709, SG	SG
S1_TRAIN_000250	Nexus Telecom 2751 Ltd.	5501 Victoria Road, Edinburgh, 68540, GB	GB
S1_TRAIN_000251	Cobalt Media Group 6324 SNC	6784 Industrial Boulevard, Toulouse, 74629, FR	FR
S1_TRAIN_000252	Vista Window Systems 3696 Pvt. Ltd.	548 Park Avenue, Hyderabad, 48654, IN	IN
S1_TRAIN_000253	Dynamo Retail 8963 LLP	7910 Maple Ave, Birmingham, 14062, GB	GB
S1_TRAIN_000254	Laguna Marine 1572 Inc.	9006 Elm Street, Atlanta, 74349, US	US
S1_TRAIN_000255	Acme Global 7006 Limited	9834 King Street, Birmingham, 72957, GB	GB
S1_TRAIN_000256	Ion Propulsion Labs 2799 NL	1893 Rue de Rivoli, Sydney, 50416, AU	AU
S1_TRAIN_000257	Paladin Risk Management 6250 UG	732 Friedrichstrasse, Munich, 44510, DE	DE
S1_TRAIN_000258	Vertex Engineering 1585 Co. Ltd.	8872 Commercial Road, Bristol, 64262, GB	GB
S1_TRAIN_000259	Sanctuary Spa Group 9384 Inc.	1294 Queen Street, Calgary, 61747, CA	CA
S1_TRAIN_000260	Fleetwood Engineering 7358 Pvt. Ltd.	3158 MG Road, Mumbai, 26539, IN	IN
S1_TRAIN_000261	Linear Motion Control 5239 Co. Ltd.	9116 Bay Street, London, 62082, GB	GB
S1_TRAIN_000262	SoundWave Media 6875 Co. Ltd.	2429 Market Street, Leeds, 84264, GB	GB
S1_TRAIN_000263	Spire Global Solutions 5634 LLP	7956 Bay Street, Singapore, 84976, SG	SG
S1_TRAIN_000264	Maven Data Science 6603 Ltd.	6582 Maple Ave, Chennai, 15083, IN	IN
S1_TRAIN_000265	Nautilus Oceanic 5095 Proprietary Limited	1610 Victoria Road, Perth, 39878, AU	AU
S1_TRAIN_000266	Titan Heavy Machinery 1463 ULC	6672 MG Road, Calgary, 73499, CA	CA
S1_TRAIN_000267	Supreme Logistics 475 Pvt. Ltd.	945 MG Road, Mumbai, 42701, IN	IN
S1_TRAIN_000268	Silicon Valley Micro 6504 LLP	3964 Main St, Bristol, 58819, GB	GB
S1_TRAIN_000269	Linear Motion Control 1481 Proprietary Limited	814 Bay Street, Sydney, 31352, AU	AU
S1_TRAIN_000270	Sanctuary Spa Group 2168 Limited	3667 Main St, Chennai, 43081, IN	IN
S1_TRAIN_000271	Rockwell Automation Systems 4951 K.K.	9577 Bay Street, Yokohama, 23410, JP	JP
S1_TRAIN_000272	TopTier Athletics 4632 Ltd	1046 Rue de Rivoli, Sydney, 54077, AU	AU
S1_TRAIN_000273	Monarch Aerospace 3087 Ltd.	931 Brigade Road, Chennai, 88647, IN	IN
S1_TRAIN_000274	Synergy Pharmaceuticals 3112 UG	8760 King Street, Munich, 93665, DE	DE
S1_TRAIN_000275	Visionary Healthcare 5500 LLP	3660 Commercial Road, Manchester, 50250, GB	GB
S1_TRAIN_000276	Talon Security 1167 SNC	1964 Orchard Road, Lyon, 99220, FR	FR
S1_TRAIN_000277	Olympus Chemical 6705 B.V.	5184 Market Street, The Hague, 33639, NL	NL
S1_TRAIN_000278	Harmonic Audio 9442 Ltd.	2121 Park Avenue, Hyderabad, 90541, IN	IN
S1_TRAIN_000279	Integrity Consulting 6113 Co.	3123 Orchard Road, Boston, 12348, US	US
S1_TRAIN_000280	WorldBridge Express 4077 Limited	2113 Queen Street, Montreal, 23462, CA	CA
S1_TRAIN_000281	Windward Nautical 8525 N.V.	2193 George Street, Utrecht, 54922, NL	NL
S1_TRAIN_000282	Kinetic Sports 3676 Limited	360 Harbor Drive, Mumbai, 87292, IN	IN
S1_TRAIN_000283	Pacific Rim Trading 613 Pte. Ltd.	797 Church St, Singapore, 87846, SG	SG
S1_TRAIN_000284	Vista Window Systems 153 Ltd	1655 King Street, Perth, 96832, AU	AU
S1_TRAIN_000285	First Horizon Banking 1742 SARL	3273 Maple Ave, Lyon, 44471, FR	FR
S1_TRAIN_000286	Saturn Heavy Industries 5417 ULC	1459 Main St, Toronto, 24474, CA	CA
S1_TRAIN_000287	Resolute Mining 4851 Pty Ltd	1636 High Street, Perth, 32898, AU	AU
S1_TRAIN_000288	Universal Aerospace 2794 GmbH & Co. KG	4396 Friedrichstrasse, Frankfurt, 22183, DE	DE
S1_TRAIN_000289	Vanguard Asset Management 2733 Ltd.	961 Victoria Road, Manchester, 30892, GB	GB
S1_TRAIN_000290	Peak Performance Fitness 5876 N.V.	2141 King Street, Amsterdam, 73318, NL	NL
S1_TRAIN_000291	Prism Optical 7221 Co.	5149 Oxford Street, San Francisco, 11620, US	US
S1_TRAIN_000292	Volt Electrical Services 1561 LLP	5665 Rue de Rivoli, Singapore, 96993, SG	SG
S1_TRAIN_000293	Summit Mountain Gear 895 LLP	7689 Orchard Road, Austin, 74990, US	US
S1_TRAIN_000294	Sentient AI Systems 5254 Corp.	825 Oxford Street, Montreal, 76444, CA	CA
S1_TRAIN_000295	Synergy Pharmaceuticals 7342 Ltd.	7325 Rue de Rivoli, Edinburgh, 51426, GB	GB
S1_TRAIN_000296	Velocity Motors 7475 GmbH & Co. KG	3653 High Street, Frankfurt, 69566, DE	DE
S1_TRAIN_000297	Venture Point Capital 3634 Incorporated	4784 Commercial Road, Boston, 81786, US	US
S1_TRAIN_000298	White Cloud Technologies 6705 Ltd.	3210 Maple Ave, Birmingham, 34581, GB	GB
S1_TRAIN_000299	Venture Point Capital 9656 G.K.	72 Rue de Rivoli, Osaka, 79515, JP	JP
S1_TRAIN_000300	Quest Diagnostics Global 9587 SARL	9480 Industrial Boulevard, Bordeaux, 32760, FR	FR
S1_TRAIN_000301	Venture Point Capital 9840 B.V.	6303 Orchard Road, Utrecht, 64875, NL	NL
S1_TRAIN_000302	Titan Heavy Machinery 8394 Proprietary Limited	9070 Station Road, Adelaide, 92913, AU	AU
S1_TRAIN_000303	West Coast Distribution 2914 Kabushiki Kaisha	5282 Victoria Road, Yokohama, 25126, JP	JP
S1_TRAIN_000304	Spectrum Communications 4685 LLP	1745 Orchard Road, Singapore, 13312, SG	SG
S1_TRAIN_000305	Vibrant Media Group 928 Ltée	4696 Industrial Boulevard, Montreal, 99573, CA	CA
S1_TRAIN_000306	Crestview Holdings 4836 Inc.	5877 High Street, Ottawa, 69322, CA	CA
S1_TRAIN_000307	Waveform Acoustic 4713 Corp.	6826 Bay Street, Atlanta, 99803, US	US
S1_TRAIN_000308	Taylor & Associates 8956 N.V.	3171 Harbor Drive, Rotterdam, 48558, NL	NL
S1_TRAIN_000309	Visionary Healthcare 1221 Ltd.	8419 Harbor Drive, Mumbai, 25643, IN	IN
S1_TRAIN_000310	Meridian Wealth 9120 Pty Ltd	9569 Industrial Boulevard, Melbourne, 43425, AU	AU
S1_TRAIN_000311	TrueNorth Consulting 4935 SA	5867 Church St, Bordeaux, 19552, FR	FR
S1_TRAIN_000312	Premier Dental Care 1507 GmbH & Co. KG	5438 MG Road, Munich, 53393, DE	DE
S1_TRAIN_000313	Beacon Health 1880 GmbH & Co. KG	3995 Brigade Road, Hamburg, 15226, DE	DE
S1_TRAIN_000314	Solaria Energy Systems 6144 Kabushiki Kaisha	7976 Friedrichstrasse, Yokohama, 15747, JP	JP
S1_TRAIN_000315	TrueNorth Consulting 1073 Corp.	6951 King Street, Vancouver, 23621, CA	CA
S1_TRAIN_000316	Delta Wave Electronics 2520 LLC	5435 Victoria Road, Dallas, 14965, US	US
S1_TRAIN_000317	Heritage Distilling 4128 Kabushiki Kaisha	3730 Elm Street, Tokyo, 43901, JP	JP
S1_TRAIN_000318	United Parcel Express 1037 B.V.	1190 Victoria Road, Amsterdam, 56884, NL	NL
S1_TRAIN_000319	Cedar Point Energy 7766 Enterprises	2235 Brigade Road, Chennai, 61248, IN	IN
S1_TRAIN_000320	Paramount Construction 183 K.K.	2020 Market Street, Yokohama, 15475, JP	JP
S1_TRAIN_000321	Wildcat Oil Exploration 5634 Corp.	8398 Washington Blvd, Calgary, 28671, CA	CA
S1_TRAIN_000322	Treasure Coast Marine 4141 ULC	9295 Industrial Boulevard, Toronto, 17128, CA	CA
S1_TRAIN_000323	Wildcat Oil Exploration 9513 SARL	2101 Commercial Road, Marseille, 97988, FR	FR
S1_TRAIN_000324	Trident Subsea Works 1144 ULC	7384 Rue de Rivoli, Montreal, 53036, CA	CA
S1_TRAIN_000325	Zenith Broadcast Group 7146 NL	5433 Market Street, Brisbane, 72908, AU	AU
S1_TRAIN_000326	Meridian Wealth 2294 K.K.	1253 Oxford Street, Osaka, 19882, JP	JP
S1_TRAIN_000327	Velocity Motors 2436 AG	9661 Brigade Road, Hamburg, 48141, DE	DE
S1_TRAIN_000328	Treasure Coast Marine 2718 G.K.	2609 Friedrichstrasse, Osaka, 33480, JP	JP
S1_TRAIN_000329	Overland Express 6359 SA	654 High Street, Toulouse, 95003, FR	FR
S1_TRAIN_000330	SoundWave Media 4481 NL	9342 Church St, Adelaide, 32786, AU	AU
S1_TRAIN_000331	Optima Insurance 5654 SARL	109 Maple Ave, Toulouse, 75776, FR	FR
S1_TRAIN_000332	Titan Heavy Machinery 1939 Limited	1857 Station Road, Calgary, 73113, CA	CA
S1_TRAIN_000333	Halo Interactive 2208 K.K.	2407 Elm Street, Tokyo, 17328, JP	JP
S1_TRAIN_000334	White Cloud Technologies 4645 LLP	9938 Friedrichstrasse, Manchester, 71789, GB	GB
S1_TRAIN_000335	Prism Optical 9845 LLP	2980 Elm Street, Kolkata, 91685, IN	IN
S1_TRAIN_000336	Galaxy Softworks 1779 Corporation	8264 Orchard Road, Chicago, 99701, US	US
S1_TRAIN_000337	Venture Point Capital 2136 N.V.	7070 King Street, Amsterdam, 78425, NL	NL
S1_TRAIN_000338	Peak Performance Fitness 5743 N.V.	2194 George Street, Amsterdam, 43360, NL	NL
S1_TRAIN_000339	Apex Logistics 9470 G.K.	118 Orchard Road, Tokyo, 59155, JP	JP
S1_TRAIN_000340	Spire Global Solutions 6940 N.V.	4515 Maple Ave, Utrecht, 99208, NL	NL
S1_TRAIN_000341	Xcel Precision Tools 2263 Ltd.	7318 Brigade Road, Bristol, 31206, GB	GB
S1_TRAIN_000342	Compass Point Marine 2634 LLP	2382 Park Avenue, Singapore, 71822, SG	SG
S1_TRAIN_000343	Luminary Lighting 3634 UG	619 Maple Ave, Berlin, 60374, DE	DE
S1_TRAIN_000344	Unified Communications 8100 SARL	8490 MG Road, Paris, 47487, FR	FR
S1_TRAIN_000345	Timberline Lumber 8365 K.K.	2777 Maple Ave, Osaka, 98345, JP	JP
S1_TRAIN_000346	Precision Machining 5786 Pte. Ltd.	3282 Elm Street, Singapore, 77861, SG	SG
S1_TRAIN_000347	Maven Data Science 3708 B.V.	6619 Friedrichstrasse, Rotterdam, 85354, NL	NL
S1_TRAIN_000348	Skyline Real Estate 4223 G.K.	7255 Oxford Street, Yokohama, 59424, JP	JP
S1_TRAIN_000349	Taylor & Associates 449 SARL	1107 Oxford Street, Paris, 60157, FR	FR
S1_TRAIN_000350	Victory Marine 5604 PLC	7808 Industrial Boulevard, Glasgow, 51139, GB	GB
S1_TRAIN_000351	Lantern Publishing 4349 Ltée	4092 MG Road, Vancouver, 91080, CA	CA
S1_TRAIN_000352	Evergreen Forestry 1965 Ltd.	8072 King Street, Bristol, 90455, GB	GB
S1_TRAIN_000353	Maven Data Science 8042 Private Limited	4592 Orchard Road, Kolkata, 62150, IN	IN
S1_TRAIN_000354	Helix BioSciences 7491 Ltd.	7538 Orchard Road, Bristol, 51373, GB	GB
S1_TRAIN_000355	Ironclad Construction 6217 N.V.	5925 Station Road, Amsterdam, 90318, NL	NL
S1_TRAIN_000356	Luminary Lighting 3886 Proprietary Limited	5622 Maple Ave, Perth, 57962, AU	AU
S1_TRAIN_000357	Meridian Wealth 7385 Private Limited	9436 Market Street, Chennai, 99916, IN	IN
S1_TRAIN_000358	Zenith Broadcast Group 2451 SARL	6907 Industrial Boulevard, Paris, 75483, FR	FR
S1_TRAIN_000359	Sanctuary Spa Group 1578 SA	5915 Oxford Street, Marseille, 57226, FR	FR
S1_TRAIN_000360	Synthesis Data Labs 9436 G.K.	5819 Queen Street, Osaka, 52610, JP	JP
S1_TRAIN_000361	Golden Gate Trading 2746 GmbH	9366 Washington Blvd, Hamburg, 63054, DE	DE
S1_TRAIN_000362	Olympus Chemical 3740 UG	4774 Washington Blvd, Frankfurt, 45058, DE	DE
S1_TRAIN_000363	Renaissance Arts 6783 LLP	2049 Main St, Mumbai, 40753, IN	IN
S1_TRAIN_000364	Enclave Networks 1046 SAS	432 High Street, Bordeaux, 62037, FR	FR
S1_TRAIN_000365	Trident Subsea Works 2545 Limited	5069 Bay Street, Bristol, 40062, GB	GB
S1_TRAIN_000366	Matrix Computing 8988 SNC	8836 Victoria Road, Lyon, 33204, FR	FR
S1_TRAIN_000367	Kinetic Sports 1468 SARL	6754 Commercial Road, Marseille, 44053, FR	FR
S1_TRAIN_000368	Safeguard Insurance 8768 LLP	4909 Rue de Rivoli, Dallas, 11197, US	US
S1_TRAIN_000369	Sunlight Solar Power 7162 Private Limited	6386 Industrial Boulevard, Singapore, 59592, SG	SG
S1_TRAIN_000370	Magnolia Hospitality 6766 Inc.	2239 Industrial Boulevard, Toronto, 47957, CA	CA
S1_TRAIN_000371	BrightPath Financial 2493 Corp.	1676 Industrial Boulevard, New York, 46977, US	US
S1_TRAIN_000372	Radius Geospatial 135 Corp.	242 Market Street, Toronto, 74694, CA	CA
S1_TRAIN_000373	Centurion Security 5411 LLP	919 Market Street, Edinburgh, 44931, GB	GB
S1_TRAIN_000374	Safeguard Insurance 2976 Corp.	207 Bay Street, Montreal, 25985, CA	CA
S1_TRAIN_000375	Enclave Networks 8539 Corp.	5114 Bay Street, Calgary, 52344, CA	CA
S1_TRAIN_000376	Monarch Aerospace 3256 AG	3569 King Street, Berlin, 24801, DE	DE
S1_TRAIN_000377	Beacon Health 689 N.V.	9769 Victoria Road, The Hague, 30315, NL	NL
S1_TRAIN_000378	Crestview Holdings 5825 Ltd.	1760 Church St, Pune, 26492, IN	IN
S1_TRAIN_000379	Radius Geospatial 3162 LLC	2208 Commercial Road, Atlanta, 42859, US	US
S1_TRAIN_000380	Hyperion Solar 8907 AG	7675 Harbor Drive, Frankfurt, 46087, DE	DE
S1_TRAIN_000381	GreenLeaf Organics 7363 Pty Ltd	6015 Church St, Brisbane, 69517, AU	AU
S1_TRAIN_000382	CrossRoads Transport 8831 Private Limited	8152 Orchard Road, Singapore, 82281, SG	SG
S1_TRAIN_000383	Galaxy Softworks 2927 LLC	7953 Broadway, Chicago, 35115, US	US
S1_TRAIN_000384	United Parcel Express 6367 SAS	9672 Maple Ave, Bordeaux, 43546, FR	FR
S1_TRAIN_000385	Eagle Eye Surveillance 7669 LLP	6815 Church St, Boston, 58374, US	US
S1_TRAIN_000386	Solaria Energy Systems 1592 Limited	8711 Brigade Road, Bristol, 60506, GB	GB
S1_TRAIN_000387	Venture Point Capital 4076 B.V.	9145 Church St, Rotterdam, 64419, NL	NL
S1_TRAIN_000388	Guardian Asset Management 8748 N.V.	5164 Commercial Road, The Hague, 82100, NL	NL
S1_TRAIN_000389	Zephyr Clean Energy 4163 GmbH	6506 Friedrichstrasse, Hamburg, 10025, DE	DE
S1_TRAIN_000390	Sterling Bank & Trust 8377 K.K.	2535 Elm Street, Yokohama, 22358, JP	JP
S1_TRAIN_000391	Lighthouse Hospitality 4921 Ltd.	9324 Bay Street, Glasgow, 38499, GB	GB
S1_TRAIN_000392	Cinnabar Creative 9442 LLP	5479 High Street, Singapore, 55603, SG	SG
S1_TRAIN_000393	Titan Heavy Machinery 188 Ltd.	8592 Queen Street, Singapore, 15397, SG	SG
S1_TRAIN_000394	Polaris Navigation 7301 N.V.	7077 Brigade Road, Amsterdam, 47982, NL	NL
S1_TRAIN_000395	Oceanic Seafoods 1353 SNC	808 Harbor Drive, Bordeaux, 81847, FR	FR
S1_TRAIN_000396	Insightful Analytics 7994 Private Limited	8590 Church St, Singapore, 42275, SG	SG
S1_TRAIN_000397	Quest Diagnostics Global 5299 N.V.	6777 Broadway, Amsterdam, 65514, NL	NL
S1_TRAIN_000398	Redwood Software 2390 SA	3272 Brigade Road, Paris, 99831, FR	FR
S1_TRAIN_000399	Windward Nautical 1406 Limited	3983 High Street, Bristol, 91396, GB	GB
S1_TRAIN_000400	Spire Global Solutions 3472 Limited	4238 Orchard Road, Ottawa, 81932, CA	CA
S1_TRAIN_000401	Lighthouse Hospitality 2791 Corporation	4445 MG Road, Seattle, 16957, US	US
S1_TRAIN_000402	Milestone Education 6333 Limited	1632 Orchard Road, Calgary, 51347, CA	CA
S1_TRAIN_000403	Navitas Clean Energy 5466 SA	2573 Harbor Drive, Toulouse, 12408, FR	FR
S1_TRAIN_000404	Lighthouse Hospitality 6344 Corporation	2486 Brigade Road, Seattle, 54798, US	US
S1_TRAIN_000405	Titan Heavy Machinery 5396 SARL	3388 Market Street, Bordeaux, 95520, FR	FR
S1_TRAIN_000406	Southland Agriculture 2216 Ltd.	9255 Washington Blvd, Singapore, 30715, SG	SG
S1_TRAIN_000407	Spectrum Communications 1940 Ltd.	484 Market Street, New Delhi, 51771, IN	IN
S1_TRAIN_000408	TopTier Athletics 9291 B.V.	3805 Maple Ave, Rotterdam, 40266, NL	NL
S1_TRAIN_000409	Paramount Construction 3015 Private Limited	2254 Rue de Rivoli, Singapore, 31467, SG	SG
S1_TRAIN_000410	Jupiter Aerospace 3324 Limited	7198 Industrial Boulevard, Toronto, 90879, CA	CA
S1_TRAIN_000411	White Cloud Technologies 5127 LLP	1792 Orchard Road, Singapore, 69193, SG	SG
S1_TRAIN_000412	Iconic Architecture 4771 SARL	4685 Queen Street, Toulouse, 70469, FR	FR
S1_TRAIN_000413	White Cloud Technologies 8203 LLP	8953 Elm Street, Manchester, 27734, GB	GB
S1_TRAIN_000414	Resolute Mining 1478 Pty Ltd	2687 Victoria Road, Brisbane, 26193, AU	AU
S1_TRAIN_000415	Renaissance Arts 5947 Co. Ltd.	6293 Victoria Road, Glasgow, 77065, GB	GB
S1_TRAIN_000416	Prosper Wealth Advisors 5048 Proprietary Limited	2961 Queen Street, Perth, 25408, AU	AU
S1_TRAIN_000417	Timberline Lumber 108 Inc.	9135 Oxford Street, Ottawa, 37215, CA	CA
S1_TRAIN_000418	CoreLogic Solutions 5719 Corp.	9472 High Street, Austin, 89073, US	US
S1_TRAIN_000419	Veritas Legal Services 9748 B.V.	9486 Friedrichstrasse, Rotterdam, 57210, NL	NL
S1_TRAIN_000420	Monarch Aerospace 5290 GmbH	7002 Park Avenue, Hamburg, 82151, DE	DE
S1_TRAIN_000421	TransNational Logistics 954 LLP	8667 Harbor Drive, Glasgow, 21491, GB	GB
S1_TRAIN_000422	Sunrise Bakery 8133 K.K.	2948 Rue de Rivoli, Fukuoka, 89876, JP	JP
S1_TRAIN_000423	ProActive Safety 6784 Inc.	9182 Commercial Road, Boston, 93558, US	US
S1_TRAIN_000424	Integrity Consulting 4615 Ltd	4920 Queen Street, Sydney, 76412, AU	AU
S1_TRAIN_000425	Victory Marine 7850 SARL	2225 Washington Blvd, Paris, 73110, FR	FR
S1_TRAIN_000426	Zephyr Clean Energy 918 G.K.	5170 Elm Street, Nagoya, 82768, JP	JP
S1_TRAIN_000427	Synthesis Data Labs 5435 GmbH & Co. KG	4596 Market Street, Berlin, 14085, DE	DE
S1_TRAIN_000428	Sierra Nevada Brewing 3894 GmbH & Co. KG	3542 Queen Street, Hamburg, 78825, DE	DE
S1_TRAIN_000429	Paramount Construction 613 Limited	8291 Friedrichstrasse, Toronto, 13268, CA	CA
S1_TRAIN_000430	Galaxy Softworks 3362 LLC	8559 Bay Street, Dallas, 25182, US	US
S1_TRAIN_000431	CloudScale Systems 1690 G.K.	9463 Main St, Nagoya, 50913, JP	JP
S1_TRAIN_000432	Guardian Asset Management 4484 Ltd.	9169 Maple Ave, London, 77378, GB	GB
S1_TRAIN_000433	Metro Urban Transit 9406 Ltée	5102 Park Avenue, Vancouver, 90381, CA	CA
S1_TRAIN_000434	Quantum Computing Labs 6422 Enterprises	9712 Maple Ave, Pune, 92505, IN	IN
S1_TRAIN_000435	Rockwell Automation Systems 9303 Ltd.	7673 Victoria Road, Bengaluru, 22748, IN	IN
S1_TRAIN_000436	Treasure Coast Marine 4228 UG	5413 Industrial Boulevard, Hamburg, 52567, DE	DE
S1_TRAIN_000437	OnPoint Diagnostics 9904 B.V.	1687 Orchard Road, Rotterdam, 63174, NL	NL
S1_TRAIN_000438	Lantern Publishing 3993 Kabushiki Kaisha	6289 Rue de Rivoli, Osaka, 18658, JP	JP
S1_TRAIN_000439	Laguna Marine 2836 Ltd.	9408 Victoria Road, Bristol, 73783, GB	GB
S1_TRAIN_000440	Evergreen Forestry 9772 Private Limited	1008 Rue de Rivoli, Singapore, 21866, SG	SG
S1_TRAIN_000441	Milestone Education 6390 N.V.	3370 MG Road, The Hague, 99327, NL	NL
S1_TRAIN_000442	Tandem Software 134 N.V.	4820 Market Street, The Hague, 18180, NL	NL
S1_TRAIN_000443	Nexus Telecom 6272 Private Limited	8932 George Street, Singapore, 37684, SG	SG
S1_TRAIN_000444	GreenLeaf Organics 4727 Pvt. Ltd.	1176 Main St, Mumbai, 94985, IN	IN
S1_TRAIN_000445	Seaside Seafood Co 7156 Enterprises	6814 Market Street, Bengaluru, 69772, IN	IN
S1_TRAIN_000446	Pulse Digital Marketing 9906 Corp.	3879 Harbor Drive, Dallas, 75762, US	US
S1_TRAIN_000447	Wellspring Health 6039 Co. Ltd.	1312 Rue de Rivoli, Glasgow, 28623, GB	GB
S1_TRAIN_000448	Ultratech Industrial 8835 B.V.	865 Maple Ave, Utrecht, 55029, NL	NL
S1_TRAIN_000449	Harbor Light Logistics 579 B.V.	9236 Harbor Drive, Utrecht, 44136, NL	NL
S1_TRAIN_000450	MicroTech Semiconductor 7943 PLC	1260 Orchard Road, Manchester, 46418, GB	GB
S1_TRAIN_000451	Meridian Wealth 4510 Proprietary Limited	1828 Harbor Drive, Sydney, 89144, AU	AU
S1_TRAIN_000452	GreenLeaf Organics 8126 Private Limited	7212 Brigade Road, Singapore, 93568, SG	SG
S1_TRAIN_000453	First Horizon Banking 861 Ltd.	7803 Bay Street, Hyderabad, 49500, IN	IN
S1_TRAIN_000454	Radiant Energy 195 Pty Ltd	5173 Bay Street, Perth, 79501, AU	AU
S1_TRAIN_000455	Spectrum Communications 5798 Pte. Ltd.	4430 Station Road, Singapore, 45007, SG	SG
S1_TRAIN_000456	Infinity Robotics 8519 GmbH	8973 Station Road, Munich, 11386, DE	DE
S1_TRAIN_000457	Trident Subsea Works 1507 LLC	1996 Maple Ave, Chicago, 25725, US	US
S1_TRAIN_000458	Hyperion Solar 4151 NL	1241 King Street, Perth, 93726, AU	AU
S1_TRAIN_000459	Crestview Holdings 4231 Proprietary Limited	1138 Friedrichstrasse, Melbourne, 74450, AU	AU
S1_TRAIN_000460	United Parcel Express 1741 SAS	572 Broadway, Marseille, 19557, FR	FR
S1_TRAIN_000461	Cinnabar Creative 6398 Pty Ltd	5404 Victoria Road, Melbourne, 61292, AU	AU
S1_TRAIN_000462	CyberShield Defense 8850 ULC	7899 Bay Street, Toronto, 25886, CA	CA
S1_TRAIN_000463	Universal Aerospace 1486 GmbH & Co. KG	1319 Station Road, Stuttgart, 70245, DE	DE
S1_TRAIN_000464	Pioneer Drilling 1750 AG	7176 Park Avenue, Hamburg, 34833, DE	DE
S1_TRAIN_000465	Catalyst Innovation 9715 Ltée	1033 Bay Street, Calgary, 80851, CA	CA
S1_TRAIN_000466	Oceanic Seafoods 919 UG	1937 Bay Street, Berlin, 37745, DE	DE
S1_TRAIN_000467	Vanguard Asset Management 2139 LLP	819 Washington Blvd, Austin, 50283, US	US
S1_TRAIN_000468	Integrity Consulting 6984 AG	1980 Station Road, Hamburg, 99664, DE	DE
S1_TRAIN_000469	Maven Data Science 2315 Private Limited	6061 Victoria Road, Singapore, 82536, SG	SG
S1_TRAIN_000470	Pathfinder Robotics 2585 Inc.	105 Park Avenue, Dallas, 10946, US	US
S1_TRAIN_000471	Lantern Publishing 2860 B.V.	2950 Maple Ave, Amsterdam, 75521, NL	NL
S1_TRAIN_000472	Fleetwood Engineering 8687 Limited	8843 Commercial Road, Glasgow, 76524, GB	GB
S1_TRAIN_000473	Vista Window Systems 7773 SA	707 Industrial Boulevard, Lyon, 17081, FR	FR
S1_TRAIN_000474	CloudScale Systems 1711 Incorporated	477 Industrial Boulevard, Austin, 73577, US	US
S1_TRAIN_000475	Laguna Marine 7288 N.V.	3257 George Street, Utrecht, 98716, NL	NL
S1_TRAIN_000476	Pathfinder Robotics 3616 LLP	7937 Elm Street, Leeds, 17122, GB	GB
S1_TRAIN_000477	TransNational Logistics 7455 LLP	2235 Commercial Road, Hyderabad, 69996, IN	IN
S1_TRAIN_000478	Orbit Satellite Services 4419 Inc.	526 Market Street, Montreal, 84536, CA	CA
S1_TRAIN_000479	Modern Precision 9890 Limited	2785 Washington Blvd, Kolkata, 85775, IN	IN
S1_TRAIN_000480	Legacy Manufacturing 4061 AG	3644 Elm Street, Hamburg, 87564, DE	DE
S1_TRAIN_000481	Lantern Publishing 1362 K.K.	6663 Victoria Road, Tokyo, 38574, JP	JP
S1_TRAIN_000482	Halo Interactive 7525 N.V.	7599 Friedrichstrasse, Amsterdam, 28169, NL	NL
S1_TRAIN_000483	Paladin Risk Management 7608 LLC	5455 Bay Street, San Francisco, 79588, US	US
S1_TRAIN_000484	Eagle Eye Surveillance 5501 Corp.	1819 High Street, Boston, 60194, US	US
S1_TRAIN_000485	Sunlight Solar Power 3355 LLP	8842 Brigade Road, New Delhi, 24884, IN	IN
S1_TRAIN_000486	Optima Insurance 4381 Kabushiki Kaisha	893 Oxford Street, Fukuoka, 18305, JP	JP
S1_TRAIN_000487	Spectrum Communications 4789 SNC	1076 Commercial Road, Bordeaux, 34687, FR	FR
S1_TRAIN_000488	Polaris Navigation 2930 Pty Ltd	2700 Broadway, Sydney, 46168, AU	AU
S1_TRAIN_000489	Prosper Wealth Advisors 7273 LLP	1032 MG Road, Seattle, 12888, US	US
S1_TRAIN_000490	TerraFirma Landscaping 8687 K.K.	4983 Friedrichstrasse, Fukuoka, 84350, JP	JP
S1_TRAIN_000491	Golden Gate Trading 5786 Ltd	2635 Industrial Boulevard, Perth, 80165, AU	AU
S1_TRAIN_000492	Helix BioSciences 2515 Limited	675 Broadway, Mumbai, 51500, IN	IN
S1_TRAIN_000493	Linear Motion Control 6057 Pvt Ltd	569 Church St, Mumbai, 97235, IN	IN
S1_TRAIN_000494	Zenith Broadcast Group 8949 Kabushiki Kaisha	4843 Washington Blvd, Nagoya, 72116, JP	JP
S1_TRAIN_000495	Clearwater Analytics 2285 G.K.	407 Queen Street, Tokyo, 62642, JP	JP
S1_TRAIN_000496	EcoSphere Solutions 8822 SNC	6463 Orchard Road, Paris, 35486, FR	FR
S1_TRAIN_000497	Golden Gate Trading 7007 GmbH & Co. KG	200 Commercial Road, Hamburg, 47309, DE	DE
S1_TRAIN_000498	Redwood Software 6810 SARL	6945 Industrial Boulevard, Marseille, 64289, FR	FR
S1_TRAIN_000499	Pathfinder Robotics 1450 Inc.	4479 Washington Blvd, Atlanta, 64331, US	US
S1_TRAIN_000500	Peak Performance Fitness 4743 Kabushiki Kaisha	4948 High Street, Fukuoka, 86704, JP	JP
S1_TRAIN_000501	Unified Communications 7743 Limited	4714 King Street, Bristol, 64677, GB	GB
S1_TRAIN_000502	CyberShield Defense 9813 GmbH & Co. KG	9267 Rue de Rivoli, Stuttgart, 67156, DE	DE
S1_TRAIN_000503	Linear Motion Control 2669 B.V.	5238 Market Street, Amsterdam, 70429, NL	NL
S1_TRAIN_000504	Cobalt Media Group 4750 Proprietary Limited	1259 Washington Blvd, Adelaide, 77353, AU	AU
S1_TRAIN_000505	Nautilus Oceanic 4448 AG	9504 Church St, Berlin, 56088, DE	DE
S1_TRAIN_000506	Solaria Energy Systems 4611 GmbH	5576 George Street, Hamburg, 31368, DE	DE
S1_TRAIN_000507	Volt Electrical Services 8613 Kabushiki Kaisha	1868 Victoria Road, Yokohama, 64702, JP	JP
S1_TRAIN_000508	Helix BioSciences 4992 Co.	2109 Brigade Road, San Francisco, 28659, US	US
S1_TRAIN_000509	Dynamo Retail 309 SAS	3218 High Street, Toulouse, 24131, FR	FR
S1_TRAIN_000510	Titan Heavy Machinery 3366 B.V.	5760 Industrial Boulevard, Rotterdam, 13835, NL	NL
S1_TRAIN_000511	Zion Natural Foods 4545 B.V.	2631 Commercial Road, Utrecht, 75619, NL	NL
S1_TRAIN_000512	Whispering Pines Resort 3139 Proprietary Limited	71 Church St, Melbourne, 22934, AU	AU
S1_TRAIN_000513	Falcon Heavy Transport 5150 LLP	8516 Broadway, Leeds, 27814, GB	GB
S1_TRAIN_000514	Redwood Software 3701 K.K.	7012 Queen Street, Fukuoka, 34744, JP	JP
S1_TRAIN_000515	SoundWave Media 1393 Ltd.	6564 Bay Street, Manchester, 87405, GB	GB
S1_TRAIN_000516	Pulse Digital Marketing 8178 NL	4473 Elm Street, Adelaide, 94388, AU	AU
S1_TRAIN_000517	Golden Gate Trading 7449 Limited	8018 Oxford Street, London, 75178, GB	GB
S1_TRAIN_000518	Catalyst Innovation 2935 Pte. Ltd.	4961 Market Street, Singapore, 91522, SG	SG
S1_TRAIN_000519	Starfire Gaming 290 Corp.	6286 Broadway, Atlanta, 68997, US	US
S1_TRAIN_000520	Quest Diagnostics Global 2204 NL	1793 Rue de Rivoli, Perth, 84560, AU	AU
S1_TRAIN_000521	Optima Insurance 4661 AG	9675 Main St, Berlin, 15913, DE	DE
S1_TRAIN_000522	OmniSource Global 5856 Private Limited	4002 High Street, Singapore, 42455, SG	SG
S1_TRAIN_000523	Oceanic Seafoods 2782 LLP	7552 High Street, Boston, 96214, US	US
S1_TRAIN_000524	Pathfinder Robotics 9345 Pte. Ltd.	1602 Elm Street, Singapore, 74010, SG	SG
S1_TRAIN_000525	Sierra Nevada Brewing 1235 Kabushiki Kaisha	4345 Queen Street, Osaka, 16230, JP	JP
S1_TRAIN_000526	Dynamo Retail 4946 K.K.	8847 George Street, Nagoya, 51071, JP	JP
S1_TRAIN_000527	Solaria Energy Systems 3057 N.V.	7657 MG Road, The Hague, 45118, NL	NL
S1_TRAIN_000528	CrossRoads Transport 3336 Private Limited	2632 Queen Street, Singapore, 43612, SG	SG
S1_TRAIN_000529	Seaside Seafood Co 9173 Private Limited	607 Washington Blvd, Singapore, 36475, SG	SG
S1_TRAIN_000530	United Parcel Express 692 SA	1376 High Street, Paris, 51144, FR	FR
S1_TRAIN_000531	Genesis Industrial 3868 Co. Ltd.	8197 Harbor Drive, Glasgow, 25812, GB	GB
S1_TRAIN_000532	Pioneer Drilling 3866 Private Limited	1751 Market Street, Singapore, 32957, SG	SG
S1_TRAIN_000533	Sanctuary Spa Group 6026 Pty Ltd	9926 Washington Blvd, Sydney, 14562, AU	AU
S1_TRAIN_000534	Vista Window Systems 2000 Kabushiki Kaisha	6365 Friedrichstrasse, Osaka, 11031, JP	JP
S1_TRAIN_000535	United Parcel Express 6657 Co.	8056 Park Avenue, Seattle, 71746, US	US
S1_TRAIN_000536	Halo Interactive 4276 G.K.	6896 Commercial Road, Tokyo, 88920, JP	JP
S1_TRAIN_000537	Precision Machining 3279 Proprietary Limited	1348 Elm Street, Brisbane, 24526, AU	AU
S1_TRAIN_000538	Threshold Interactive 6723 AG	2188 Rue de Rivoli, Hamburg, 44167, DE	DE
S1_TRAIN_000539	Synergy Pharmaceuticals 3678 Corporation	3748 Church St, New York, 21662, US	US
S1_TRAIN_000540	Wayfarer Outdoors 2765 Corp.	7028 Maple Ave, Atlanta, 88694, US	US
S1_TRAIN_000541	Paladin Risk Management 2788 N.V.	8616 Main St, Amsterdam, 67037, NL	NL
S1_TRAIN_000542	Peak Performance Fitness 2134 Private Limited	3532 Maple Ave, Singapore, 47089, SG	SG
S1_TRAIN_000543	Renaissance Arts 4069 GmbH	7507 King Street, Stuttgart, 21237, DE	DE
S1_TRAIN_000544	Pinnacle Pharmaceuticals 6936 B.V.	1562 Park Avenue, Utrecht, 83007, NL	NL
S1_TRAIN_000545	Laguna Marine 7716 GmbH	9802 King Street, Stuttgart, 15965, DE	DE
S1_TRAIN_000546	Sunlight Solar Power 674 N.V.	2784 Oxford Street, Rotterdam, 76027, NL	NL
S1_TRAIN_000547	Metro Urban Transit 4313 B.V.	5129 Orchard Road, Utrecht, 67117, NL	NL
S1_TRAIN_000548	Venture Point Capital 7209 Inc.	895 Market Street, Chicago, 40128, US	US
S1_TRAIN_000549	Linear Motion Control 2680 SNC	8109 Broadway, Toulouse, 15346, FR	FR
S1_TRAIN_000550	Frontier Biotech 5728 Co. Ltd.	2960 Queen Street, Manchester, 32058, GB	GB
S1_TRAIN_000551	Legacy Manufacturing 8162 Ltd.	4658 Main St, Birmingham, 99300, GB	GB
S1_TRAIN_000552	Eagle Eye Surveillance 7541 SAS	4413 Washington Blvd, Toulouse, 87883, FR	FR
S1_TRAIN_000553	Supreme Logistics 2119 Inc.	4636 Washington Blvd, Toronto, 52358, CA	CA
S1_TRAIN_000554	Halo Interactive 6366 Ltd.	2526 Washington Blvd, Singapore, 25807, SG	SG
S1_TRAIN_000555	Galaxy Softworks 5883 LLP	8400 Commercial Road, Edinburgh, 36197, GB	GB
S1_TRAIN_000556	Pulse Digital Marketing 6034 B.V.	6980 George Street, Rotterdam, 22182, NL	NL
S1_TRAIN_000557	Turbine Power Systems 8597 LLP	7166 Friedrichstrasse, Birmingham, 20378, GB	GB
S1_TRAIN_000558	Sterling Bank & Trust 1254 LLC	6962 Orchard Road, San Francisco, 64135, US	US
S1_TRAIN_000559	Sigma BioPharma 267 Limited	7584 King Street, Bristol, 33534, GB	GB
S1_TRAIN_000560	Hyperion Solar 3459 Enterprises	9897 Harbor Drive, Bengaluru, 43989, IN	IN
S1_TRAIN_000561	Titan Heavy Machinery 7975 NL	5911 Maple Ave, Adelaide, 98316, AU	AU
S1_TRAIN_000562	Vanguard Asset Management 2379 Inc.	8825 Washington Blvd, Calgary, 35023, CA	CA
S1_TRAIN_000563	Wayfarer Outdoors 7296 SARL	7365 Main St, Toulouse, 86706, FR	FR
S1_TRAIN_000564	Turbine Power Systems 7075 Ltd.	9481 Harbor Drive, Singapore, 88097, SG	SG
S1_TRAIN_000565	Precision Machining 7965 G.K.	7994 Harbor Drive, Yokohama, 40396, JP	JP
S1_TRAIN_000566	BrightPath Financial 6915 N.V.	1041 Church St, Utrecht, 45107, NL	NL
S1_TRAIN_000567	Kodiak Tactical 8318 Limited	5557 King Street, Ottawa, 88918, CA	CA
S1_TRAIN_000568	Modern Precision 6396 Private Limited	2655 Rue de Rivoli, Singapore, 91506, SG	SG
S1_TRAIN_000569	ProActive Safety 8090 Pty Ltd	9124 MG Road, Melbourne, 16166, AU	AU
S1_TRAIN_000570	CrossRoads Transport 5534 Private Limited	3715 Maple Ave, Singapore, 25818, SG	SG
S1_TRAIN_000571	Summit Mountain Gear 4383 LLP	8445 Victoria Road, Kolkata, 89205, IN	IN
S1_TRAIN_000572	Cobalt Media Group 7174 SAS	9989 Broadway, Paris, 23352, FR	FR
S1_TRAIN_000573	Milestone Education 7234 G.K.	1627 Harbor Drive, Fukuoka, 30223, JP	JP
S1_TRAIN_000574	Apex Logistics 4020 SAS	8275 Queen Street, Marseille, 32447, FR	FR
S1_TRAIN_000575	Spectra Chemical 6910 Limited	6774 George Street, Vancouver, 63648, CA	CA
S1_TRAIN_000576	Harbor Light Logistics 7112 LLC	2474 High Street, Atlanta, 85308, US	US
S1_TRAIN_000577	OmniSource Global 130 NL	2407 Maple Ave, Adelaide, 62944, AU	AU
S1_TRAIN_000578	Premier Dental Care 3233 NL	8806 High Street, Sydney, 53842, AU	AU
S1_TRAIN_000579	SoundWave Media 5583 Pvt Ltd	8847 Main St, Bengaluru, 87660, IN	IN
S1_TRAIN_000580	Crestview Holdings 6111 Pty Ltd	2029 Commercial Road, Adelaide, 16256, AU	AU
S1_TRAIN_000581	Talon Security 9267 Kabushiki Kaisha	5740 Brigade Road, Yokohama, 49216, JP	JP
S1_TRAIN_000582	Overland Express 7444 Ltd.	6975 Victoria Road, Manchester, 64008, GB	GB
S1_TRAIN_000583	Pulse Digital Marketing 2131 SNC	1280 Friedrichstrasse, Lyon, 58404, FR	FR
S1_TRAIN_000584	Pulse Digital Marketing 7211 SARL	2365 Industrial Boulevard, Toulouse, 76294, FR	FR
S1_TRAIN_000585	Ivy League Education 7462 SA	2570 Harbor Drive, Paris, 83272, FR	FR
S1_TRAIN_000586	Global Trade Alliance 2329 B.V.	5000 High Street, The Hague, 47156, NL	NL
S1_TRAIN_000587	Zenith Broadcast Group 8009 LLP	5713 Church St, San Francisco, 18855, US	US
S1_TRAIN_000588	Saturn Heavy Industries 9390 NL	5535 Friedrichstrasse, Adelaide, 59454, AU	AU
S1_TRAIN_000589	Elevate Digital 6712 Pte. Ltd.	5555 Bay Street, Singapore, 80909, SG	SG
S1_TRAIN_000590	Frontier Biotech 9165 Ltd.	8878 Maple Ave, Manchester, 85609, GB	GB
S1_TRAIN_000591	Talon Security 7279 LLP	9943 Church St, Edinburgh, 51999, GB	GB
S1_TRAIN_000592	Catalyst Innovation 8650 GmbH	1492 Oxford Street, Hamburg, 25026, DE	DE
S1_TRAIN_000593	Viking Freight 2773 Corp.	446 Industrial Boulevard, Boston, 17667, US	US
S1_TRAIN_000594	Fleetwood Engineering 850 Limited	9602 Maple Ave, Vancouver, 40997, CA	CA
S1_TRAIN_000595	Sterling Bank & Trust 6670 Limited	6677 Main St, Leeds, 93039, GB	GB
S1_TRAIN_000596	Global Trade Alliance 6117 G.K.	8807 Brigade Road, Osaka, 65542, JP	JP
S1_TRAIN_000597	Acme Global 986 SNC	4111 Maple Ave, Marseille, 99128, FR	FR
S1_TRAIN_000598	Genesis Industrial 9118 Ltd	8271 MG Road, Perth, 51720, AU	AU
S1_TRAIN_000599	Nimble Supply Chain 5598 Corp.	5382 Maple Ave, Calgary, 12080, CA	CA
S1_TRAIN_000600	Waveform Acoustic 8012 Pte. Ltd.	1271 Washington Blvd, Singapore, 80601, SG	SG
S1_TRAIN_000601	Heritage Distilling 139 Ltd.	3162 Commercial Road, Leeds, 68271, GB	GB
S1_TRAIN_000602	Emerald City Foods 4968 Ltée	5948 Rue de Rivoli, Vancouver, 14822, CA	CA
S1_TRAIN_000603	Meridian Wealth 9325 G.K.	9041 Industrial Boulevard, Fukuoka, 35397, JP	JP
S1_TRAIN_000604	Windward Nautical 4495 Ltée	8732 Victoria Road, Toronto, 90538, CA	CA
S1_TRAIN_000605	Prime Auto Group 4490 PLC	7645 Orchard Road, Bristol, 74955, GB	GB
S1_TRAIN_000606	Spectrum Communications 7355 GmbH	3189 Bay Street, Berlin, 53870, DE	DE
S1_TRAIN_000607	CrossRoads Transport 1585 LLP	394 George Street, Dallas, 87664, US	US
S1_TRAIN_000608	Olympus Chemical 892 UG	1195 Brigade Road, Stuttgart, 88638, DE	DE
S1_TRAIN_000609	Fusion Power Dynamics 1016 SAS	7076 Queen Street, Paris, 18623, FR	FR
S1_TRAIN_000610	Trident Subsea Works 1660 AG	8475 Friedrichstrasse, Berlin, 53017, DE	DE
S1_TRAIN_000611	BlueSky Technologies 9752 Co. Ltd.	9392 MG Road, Glasgow, 26512, GB	GB
S1_TRAIN_000612	CloudScale Systems 992 LLP	7141 Elm Street, New Delhi, 77256, IN	IN
S1_TRAIN_000613	Beacon Health 8482 B.V.	3890 High Street, Rotterdam, 76467, NL	NL
S1_TRAIN_000614	Vertex Engineering 7795 SA	5426 Victoria Road, Bordeaux, 85813, FR	FR
S1_TRAIN_000615	Serenity Living 3595 Incorporated	3773 Victoria Road, Chicago, 71149, US	US
S1_TRAIN_000616	Pathfinder Robotics 3364 Pte. Ltd.	5945 Main St, Singapore, 11296, SG	SG
S1_TRAIN_000617	Overland Express 720 Inc.	4655 MG Road, Chicago, 32825, US	US
S1_TRAIN_000618	Envision Healthcare 344 Private Limited	1819 Washington Blvd, Hyderabad, 54352, IN	IN
S1_TRAIN_000619	TriState Utilities 7107 Limited	2143 Market Street, London, 34856, GB	GB
S1_TRAIN_000620	CloudScale Systems 9623 Corp.	2435 Queen Street, Ottawa, 52949, CA	CA
S1_TRAIN_000621	Meridian Wealth 2072 Kabushiki Kaisha	3429 Rue de Rivoli, Yokohama, 20670, JP	JP
S1_TRAIN_000622	Southland Agriculture 7919 SAS	9523 Oxford Street, Toulouse, 62552, FR	FR
S1_TRAIN_000623	Pathfinder Robotics 9362 Pvt. Ltd.	4171 Commercial Road, Kolkata, 82161, IN	IN
S1_TRAIN_000624	EcoSphere Solutions 4835 SAS	3772 Commercial Road, Bordeaux, 86541, FR	FR
S1_TRAIN_000625	Matrix Computing 6265 Co.	3831 Friedrichstrasse, Austin, 44815, US	US
S1_TRAIN_000626	EcoSphere Solutions 4826 K.K.	1281 Church St, Yokohama, 46231, JP	JP
S1_TRAIN_000627	Delta Wave Electronics 5903 Corp.	3222 Station Road, Chicago, 98487, US	US
S1_TRAIN_000628	Titan Heavy Machinery 2259 Kabushiki Kaisha	4907 Main St, Nagoya, 46942, JP	JP
S1_TRAIN_000629	Ironclad Construction 7774 Limited	9055 Elm Street, Ottawa, 71438, CA	CA
S1_TRAIN_000630	Radius Geospatial 7373 K.K.	2277 Commercial Road, Tokyo, 85695, JP	JP
S1_TRAIN_000631	Pulse Digital Marketing 6609 G.K.	9617 Station Road, Nagoya, 13046, JP	JP
S1_TRAIN_000632	TopTier Athletics 9403 LLP	6401 MG Road, Singapore, 18350, SG	SG
S1_TRAIN_000633	Evergreen Forestry 5388 B.V.	4992 Washington Blvd, The Hague, 22221, NL	NL
S1_TRAIN_000634	Sterling Bank & Trust 2911 LLC	3059 Main St, Dallas, 36083, US	US
S1_TRAIN_000635	Falcon Heavy Transport 2116 K.K.	1127 Rue de Rivoli, Fukuoka, 60986, JP	JP
S1_TRAIN_000636	Ion Propulsion Labs 5076 Ltd.	9892 Industrial Boulevard, Singapore, 85378, SG	SG
S1_TRAIN_000637	Precision Machining 9910 Limited	9327 Station Road, Ottawa, 74350, CA	CA
S1_TRAIN_000638	Monarch Aerospace 6408 N.V.	4082 George Street, Rotterdam, 33537, NL	NL
S1_TRAIN_000639	Lantern Publishing 2588 NL	1094 Queen Street, Adelaide, 38476, AU	AU
S1_TRAIN_000640	NorthStar Financial 6720 SAS	3398 Oxford Street, Lyon, 76330, FR	FR
S1_TRAIN_000641	Prairie Wind Renewables 619 Co.	2237 Broadway, Seattle, 52875, US	US
S1_TRAIN_000642	BrightPath Financial 9945 LLP	2035 Queen Street, Manchester, 80078, GB	GB
S1_TRAIN_000643	Vibrant Media Group 184 Proprietary Limited	5867 Friedrichstrasse, Melbourne, 33322, AU	AU
S1_TRAIN_000644	Whispering Pines Resort 1685 Pte. Ltd.	859 Friedrichstrasse, Singapore, 88407, SG	SG
S1_TRAIN_000645	Pathfinder Robotics 3306 Inc.	3277 Brigade Road, Montreal, 21978, CA	CA
S1_TRAIN_000646	Jupiter Aerospace 1583 Limited	722 Industrial Boulevard, Pune, 64484, IN	IN
S1_TRAIN_000647	NorthStar Financial 5287 Kabushiki Kaisha	3394 Maple Ave, Osaka, 81002, JP	JP
S1_TRAIN_000648	Paladin Risk Management 720 LLP	4941 George Street, Manchester, 88494, GB	GB
S1_TRAIN_000649	Volt Electrical Services 5210 SNC	290 Station Road, Paris, 89761, FR	FR
S1_TRAIN_000650	Frontier Biotech 5061 Corp.	1301 Brigade Road, Calgary, 17854, CA	CA
S1_TRAIN_000651	Wildcat Oil Exploration 9799 SAS	4557 Market Street, Marseille, 51620, FR	FR
S1_TRAIN_000652	Olympus Chemical 3970 ULC	4069 High Street, Ottawa, 39156, CA	CA
S1_TRAIN_000653	Ion Propulsion Labs 2058 Limited	8993 Elm Street, Manchester, 36787, GB	GB
S1_TRAIN_000654	TopTier Athletics 4080 Proprietary Limited	7345 Elm Street, Brisbane, 93309, AU	AU
S1_TRAIN_000655	Radius Geospatial 6926 Kabushiki Kaisha	7102 Harbor Drive, Yokohama, 30431, JP	JP
S1_TRAIN_000656	Peak Performance Fitness 7003 Limited	9752 Queen Street, Edinburgh, 80411, GB	GB
S1_TRAIN_000657	Sunlight Solar Power 9930 SARL	2239 Station Road, Paris, 71506, FR	FR
S1_TRAIN_000658	Iconic Architecture 69 Corporation	6629 Rue de Rivoli, Boston, 64502, US	US
S1_TRAIN_000659	Lighthouse Hospitality 5712 G.K.	6033 Washington Blvd, Fukuoka, 17563, JP	JP
S1_TRAIN_000660	Turbine Power Systems 463 Private Limited	7463 Maple Ave, New Delhi, 99268, IN	IN
S1_TRAIN_000661	Emerald City Foods 6298 Private Limited	3094 Orchard Road, Singapore, 65436, SG	SG
S1_TRAIN_000662	Windward Nautical 1457 PLC	5643 Elm Street, Bristol, 28705, GB	GB
S1_TRAIN_000663	CyberShield Defense 6846 K.K.	4725 Washington Blvd, Fukuoka, 66485, JP	JP
S1_TRAIN_000664	Hyperion Solar 2201 Limited	8235 Industrial Boulevard, Calgary, 24449, CA	CA
S1_TRAIN_000665	Prime Auto Group 7221 N.V.	2722 Washington Blvd, Amsterdam, 20460, NL	NL
S1_TRAIN_000666	Frontier Biotech 4535 LLP	9596 Main St, Birmingham, 40773, GB	GB
S1_TRAIN_000667	Tandem Software 686 Co. Ltd.	119 Orchard Road, Manchester, 59239, GB	GB
S1_TRAIN_000668	Quantum Computing Labs 5515 UG	3926 Station Road, Frankfurt, 57344, DE	DE
S1_TRAIN_000669	Resolute Mining 6584 Pvt Ltd	2014 Maple Ave, Bengaluru, 79550, IN	IN
S1_TRAIN_000670	Xcel Precision Tools 5334 SAS	7939 Maple Ave, Lyon, 62450, FR	FR
S1_TRAIN_000671	Envision Healthcare 6306 Pty Ltd	2346 MG Road, Adelaide, 78164, AU	AU
S1_TRAIN_000672	Elevate Digital 4938 Kabushiki Kaisha	7312 Industrial Boulevard, Fukuoka, 25162, JP	JP
S1_TRAIN_000673	NorthStar Financial 6284 NL	4221 Harbor Drive, Melbourne, 97285, AU	AU
S1_TRAIN_000674	Zephyr Clean Energy 6253 K.K.	3663 Brigade Road, Fukuoka, 43959, JP	JP
S1_TRAIN_000675	First Horizon Banking 9386 GmbH	6230 Station Road, Munich, 85617, DE	DE
S1_TRAIN_000676	Pacific Rim Trading 2070 Kabushiki Kaisha	3640 Elm Street, Yokohama, 23970, JP	JP
S1_TRAIN_000677	Rigel Marine Services 5177 LLP	3587 Queen Street, Kolkata, 75514, IN	IN
S1_TRAIN_000678	Centurion Security 9813 UG	2023 Orchard Road, Frankfurt, 45841, DE	DE
S1_TRAIN_000679	Oakwood Furnishings 2502 Limited	862 Victoria Road, Vancouver, 33464, CA	CA
S1_TRAIN_000680	Sanctuary Spa Group 5707 Ltd.	8649 Park Avenue, Singapore, 47098, SG	SG
S1_TRAIN_000681	West Coast Distribution 4982 SNC	2254 Elm Street, Lyon, 67918, FR	FR
S1_TRAIN_000682	Wildcat Oil Exploration 9432 Limited	6170 Market Street, Bristol, 65982, GB	GB
S1_TRAIN_000683	Centurion Security 1947 Corp.	4960 Rue de Rivoli, Calgary, 88139, CA	CA
S1_TRAIN_000684	Velocity Motors 7293 GmbH	1911 Broadway, Berlin, 20831, DE	DE
S1_TRAIN_000685	Voyager Travel Group 1550 N.V.	7933 Bay Street, Rotterdam, 94488, NL	NL
S1_TRAIN_000686	Spire Global Solutions 3030 LLP	9111 Bay Street, Singapore, 80309, SG	SG
S1_TRAIN_000687	Tandem Software 8831 Co. Ltd.	1923 MG Road, Edinburgh, 33680, GB	GB
S1_TRAIN_000688	Lighthouse Hospitality 574 Co. Ltd.	4892 Orchard Road, London, 57652, GB	GB
S1_TRAIN_000689	Venture Point Capital 2 ULC	8511 High Street, Montreal, 48456, CA	CA
S1_TRAIN_000690	Silverline Transport 3439 Limited	3885 High Street, Bristol, 14814, GB	GB
S1_TRAIN_000691	Jade Palace Dining 2199 B.V.	5883 Elm Street, Rotterdam, 46358, NL	NL
S1_TRAIN_000692	Pulse Digital Marketing 2347 G.K.	4414 Park Avenue, Osaka, 92984, JP	JP
S1_TRAIN_000693	GreenLeaf Organics 5184 Pte. Ltd.	9890 Main St, Singapore, 42440, SG	SG
S1_TRAIN_000694	Oakwood Furnishings 4477 Pvt. Ltd.	4484 Brigade Road, Kolkata, 11292, IN	IN
S1_TRAIN_000695	Helix BioSciences 8626 Ltd	1566 Rue de Rivoli, Adelaide, 79331, AU	AU
S1_TRAIN_000696	OmniSource Global 8712 K.K.	7813 Bay Street, Yokohama, 87635, JP	JP
S1_TRAIN_000697	Supreme Logistics 4381 Incorporated	4082 Victoria Road, Boston, 98895, US	US
S1_TRAIN_000698	Quantum Computing Labs 8530 Limited	1425 Washington Blvd, Montreal, 50063, CA	CA
S1_TRAIN_000699	Zephyr Clean Energy 4684 G.K.	6947 Main St, Fukuoka, 98740, JP	JP
S1_TRAIN_000700	Latitude Geospatial 8653 B.V.	7351 Maple Ave, Amsterdam, 32089, NL	NL
S1_TRAIN_000701	Pacific Rim Trading 2185 Kabushiki Kaisha	6926 High Street, Nagoya, 74947, JP	JP
S1_TRAIN_000702	Falcon Heavy Transport 5538 Limited	4753 Broadway, Ottawa, 49213, CA	CA
S1_TRAIN_000703	United Parcel Express 8447 Corp.	8000 Maple Ave, Dallas, 17536, US	US
S1_TRAIN_000704	Rigel Marine Services 5383 Proprietary Limited	85 Broadway, Brisbane, 55838, AU	AU
S1_TRAIN_000705	Seaside Seafood Co 114 Ltd.	4099 King Street, Kolkata, 39634, IN	IN
S1_TRAIN_000706	Radius Geospatial 7199 Pvt Ltd	7111 Commercial Road, Mumbai, 10761, IN	IN
S1_TRAIN_000707	Halo Interactive 3261 SNC	6900 Broadway, Marseille, 74103, FR	FR
S1_TRAIN_000708	Pioneer Drilling 2154 PLC	2067 Main St, London, 30387, GB	GB
S1_TRAIN_000709	Radiant Energy 7868 Proprietary Limited	1354 Rue de Rivoli, Brisbane, 66223, AU	AU
S1_TRAIN_000710	Wayfarer Outdoors 4053 Private Limited	1689 Rue de Rivoli, Singapore, 75841, SG	SG
S1_TRAIN_000711	TerraFirma Landscaping 2437 Ltée	6575 Market Street, Toronto, 15028, CA	CA
S1_TRAIN_000712	Quantum Computing Labs 7852 LLC	847 Washington Blvd, Atlanta, 49883, US	US
S1_TRAIN_000713	Horizon Freight 670 Corp.	5270 King Street, New York, 37784, US	US
S1_TRAIN_000714	Oakwood Furnishings 4987 Co. Ltd.	224 King Street, London, 99517, GB	GB
S1_TRAIN_000715	Maven Data Science 3442 B.V.	1743 Park Avenue, The Hague, 27102, NL	NL
S1_TRAIN_000716	Velocity Motors 3121 ULC	1227 Broadway, Calgary, 81641, CA	CA
S1_TRAIN_000717	CloudScale Systems 2095 Ltée	4138 Church St, Calgary, 83445, CA	CA
S1_TRAIN_000718	Maven Data Science 2113 NL	997 Elm Street, Sydney, 34928, AU	AU
S1_TRAIN_000719	Pioneer Drilling 6568 B.V.	3016 MG Road, Utrecht, 10471, NL	NL
S1_TRAIN_000720	Nautilus Oceanic 3610 Proprietary Limited	1952 Church St, Brisbane, 32427, AU	AU
S1_TRAIN_000721	Laguna Marine 4782 LLP	2179 Oxford Street, Austin, 45446, US	US
S1_TRAIN_000722	Luminary Lighting 2190 Pte. Ltd.	939 Station Road, Singapore, 92045, SG	SG
S1_TRAIN_000723	Evergreen Forestry 6259 Proprietary Limited	3378 Church St, Adelaide, 67958, AU	AU
S1_TRAIN_000724	Paladin Risk Management 2431 SARL	2974 Rue de Rivoli, Paris, 70213, FR	FR
S1_TRAIN_000725	Polaris Navigation 9959 Corp.	1181 Market Street, Toronto, 65888, CA	CA
S1_TRAIN_000726	BlueSky Technologies 9885 Ltd.	340 Bay Street, Leeds, 24422, GB	GB
S1_TRAIN_000727	Evergreen Forestry 8887 UG	2282 MG Road, Berlin, 72970, DE	DE
S1_TRAIN_000728	Starfire Gaming 4862 Limited	2324 George Street, Glasgow, 10158, GB	GB
S1_TRAIN_000729	Quantum Computing Labs 6315 LLP	4700 Washington Blvd, New Delhi, 39607, IN	IN
S1_TRAIN_000730	Falcon Heavy Transport 3679 PLC	1250 Commercial Road, Birmingham, 90700, GB	GB
S1_TRAIN_000731	EcoSphere Solutions 711 N.V.	7023 Industrial Boulevard, Rotterdam, 79531, NL	NL
S1_TRAIN_000732	Equinox Venture Partners 4442 SARL	1252 Oxford Street, Marseille, 10285, FR	FR
S1_TRAIN_000733	Quantum Computing Labs 4563 Enterprises	2090 Station Road, Bengaluru, 33838, IN	IN
S1_TRAIN_000734	Genesis Industrial 4029 LLP	8145 Church St, Singapore, 80614, SG	SG
S1_TRAIN_000735	Voyager Travel Group 3594 Ltd.	47 Commercial Road, Manchester, 36644, GB	GB
S1_TRAIN_000736	Genesis Industrial 4829 SARL	6899 Church St, Lyon, 41784, FR	FR
S1_TRAIN_000737	Compass Point Marine 1737 B.V.	9731 Rue de Rivoli, Amsterdam, 30732, NL	NL
S1_TRAIN_000738	Global Trade Alliance 1295 Corp.	9326 Main St, Toronto, 64590, CA	CA
S1_TRAIN_000739	MicroTech Semiconductor 1823 Enterprises	527 Washington Blvd, Bengaluru, 89190, IN	IN
S1_TRAIN_000740	Halo Interactive 179 Ltd.	7444 King Street, Singapore, 82634, SG	SG
S1_TRAIN_000741	Zephyr Clean Energy 9164 N.V.	7675 Victoria Road, Amsterdam, 72575, NL	NL
S1_TRAIN_000742	Oakwood Furnishings 460 Inc.	8874 Industrial Boulevard, Montreal, 23954, CA	CA
S1_TRAIN_000743	Centurion Security 3938 NL	9254 Elm Street, Sydney, 15881, AU	AU
S1_TRAIN_000744	New Horizon Health 1528 Proprietary Limited	4627 Commercial Road, Sydney, 62184, AU	AU
S1_TRAIN_000745	Nova Medical Devices 6673 G.K.	2461 Orchard Road, Tokyo, 13104, JP	JP
S1_TRAIN_000746	Jade Palace Dining 2308 Limited	9974 Orchard Road, Chennai, 95379, IN	IN
S1_TRAIN_000747	Ironclad Construction 9944 Ltd.	8152 Elm Street, Manchester, 22767, GB	GB
S1_TRAIN_000748	Nebula Cloud Hosting 8965 Limited	7452 Broadway, Leeds, 51119, GB	GB
S1_TRAIN_000749	Genesis Industrial 2032 N.V.	5956 High Street, The Hague, 47568, NL	NL
S1_TRAIN_000750	Paramount Construction 1368 Pte. Ltd.	700 Oxford Street, Singapore, 91345, SG	SG
S1_TRAIN_000751	Pioneer Drilling 7574 Co. Ltd.	7676 Friedrichstrasse, Birmingham, 94211, GB	GB
S1_TRAIN_000752	Seaside Seafood Co 3484 SARL	7448 Oxford Street, Paris, 15017, FR	FR
S1_TRAIN_000753	Cascade Capital 6930 Proprietary Limited	2886 Washington Blvd, Brisbane, 20956, AU	AU
S1_TRAIN_000754	Premier Dental Care 1339 Ltd	8598 George Street, Perth, 38063, AU	AU
S1_TRAIN_000755	Compass Point Marine 1515 Ltd.	2696 Queen Street, Singapore, 36031, SG	SG
S1_TRAIN_000756	Talon Security 2370 AG	2466 Main St, Frankfurt, 70117, DE	DE
S1_TRAIN_000757	White Cloud Technologies 61 SAS	7362 Washington Blvd, Lyon, 93744, FR	FR
S1_TRAIN_000758	Zephyr Clean Energy 3075 Ltd.	6186 Maple Ave, Singapore, 38329, SG	SG
S1_TRAIN_000759	Navitas Clean Energy 8227 LLP	7472 Rue de Rivoli, Bristol, 64270, GB	GB
S1_TRAIN_000760	Rigel Marine Services 7019 UG	9747 Church St, Munich, 31319, DE	DE
S1_TRAIN_000761	Envision Healthcare 1436 LLP	270 Washington Blvd, London, 90774, GB	GB
S1_TRAIN_000762	Zion Natural Foods 8925 Ltd.	8248 Friedrichstrasse, Bristol, 86183, GB	GB
S1_TRAIN_000763	Riverstone Capital 6766 Ltd.	3669 Commercial Road, Singapore, 76527, SG	SG
S1_TRAIN_000764	Victory Marine 3958 Inc.	255 High Street, Atlanta, 13440, US	US
S1_TRAIN_000765	Lantern Publishing 9106 LLP	6445 Maple Ave, Singapore, 16760, SG	SG
S1_TRAIN_000766	Ultratech Industrial 6397 Ltd.	8476 Station Road, Hyderabad, 30767, IN	IN
S1_TRAIN_000767	TrueNorth Consulting 4264 K.K.	3339 Station Road, Osaka, 22223, JP	JP
S1_TRAIN_000768	Beacon Health 9721 Limited	8908 Maple Ave, Bengaluru, 20324, IN	IN
S1_TRAIN_000769	Hyperion Solar 3928 Limited	8773 MG Road, Montreal, 42145, CA	CA
S1_TRAIN_000770	Threshold Interactive 2011 Ltd.	4293 Queen Street, Manchester, 33675, GB	GB
S1_TRAIN_000771	Overland Express 3408 Pte. Ltd.	360 Rue de Rivoli, Singapore, 64230, SG	SG
S1_TRAIN_000772	Renaissance Arts 2640 Limited	2928 Main St, New Delhi, 96463, IN	IN
S1_TRAIN_000773	Treasure Coast Marine 9831 K.K.	8549 Industrial Boulevard, Tokyo, 43357, JP	JP
S1_TRAIN_000774	Cedar Point Energy 8782 Inc.	5979 MG Road, Austin, 25045, US	US
S1_TRAIN_000775	Genesis Industrial 3601 PLC	2074 Victoria Road, Bristol, 45073, GB	GB
S1_TRAIN_000776	Serenity Living 7145 K.K.	4098 MG Road, Fukuoka, 32670, JP	JP
S1_TRAIN_000777	Quest Diagnostics Global 7310 LLP	1763 Station Road, Singapore, 89599, SG	SG
S1_TRAIN_000778	Harbor Light Logistics 554 G.K.	6715 Elm Street, Nagoya, 48466, JP	JP
S1_TRAIN_000779	Delta Wave Electronics 3526 GmbH	5152 Market Street, Frankfurt, 26030, DE	DE
S1_TRAIN_000780	Kodiak Tactical 9202 Co. Ltd.	9860 Queen Street, Leeds, 37810, GB	GB
S1_TRAIN_000781	Vibrant Media Group 1226 N.V.	7131 King Street, The Hague, 51652, NL	NL
S1_TRAIN_000782	Cobalt Media Group 8093 SAS	6902 Oxford Street, Paris, 25631, FR	FR
S1_TRAIN_000783	Synthesis Data Labs 77 SAS	6600 Market Street, Marseille, 14850, FR	FR
S1_TRAIN_000784	OmniSource Global 6560 Ltd.	8091 Station Road, Glasgow, 90258, GB	GB
S1_TRAIN_000785	Paramount Construction 1684 LLC	171 High Street, Chicago, 28184, US	US
S1_TRAIN_000786	Compass Point Marine 4255 Corp.	4986 High Street, San Francisco, 19835, US	US
S1_TRAIN_000787	Genesis Industrial 9560 SNC	5232 Market Street, Paris, 29398, FR	FR
S1_TRAIN_000788	Nimble Supply Chain 7909 Ltée	4854 Oxford Street, Toronto, 20852, CA	CA
S1_TRAIN_000789	Ivy League Education 216 Inc.	3079 Bay Street, Calgary, 73916, CA	CA
S1_TRAIN_000790	Nebula Cloud Hosting 7439 Private Limited	1732 Orchard Road, Kolkata, 27047, IN	IN
S1_TRAIN_000791	Equinox Venture Partners 2414 SAS	1806 Harbor Drive, Paris, 41531, FR	FR
S1_TRAIN_000792	Quest Diagnostics Global 3475 Pvt Ltd	7060 Orchard Road, Hyderabad, 76574, IN	IN
S1_TRAIN_000793	Matrix Computing 6059 Limited	6268 Washington Blvd, London, 65389, GB	GB
S1_TRAIN_000794	Universal Aerospace 4079 Co. Ltd.	871 Broadway, Manchester, 14677, GB	GB
S1_TRAIN_000795	Premier Dental Care 6422 Private Limited	4396 Brigade Road, Singapore, 74903, SG	SG
S1_TRAIN_000796	Ion Propulsion Labs 5696 Proprietary Limited	51 Queen Street, Adelaide, 22352, AU	AU
S1_TRAIN_000797	New Horizon Health 1138 Pvt. Ltd.	7459 Station Road, Mumbai, 28590, IN	IN
S1_TRAIN_000798	Sanctuary Spa Group 9555 LLC	7743 Brigade Road, Dallas, 24337, US	US
S1_TRAIN_000799	Oakwood Furnishings 7416 SNC	4217 Church St, Marseille, 96954, FR	FR
S1_TRAIN_000800	Solaria Energy Systems 9761 SAS	8509 Oxford Street, Paris, 93859, FR	FR
S1_TRAIN_000801	Prism Optical 3609 Limited	507 Rue de Rivoli, New Delhi, 42029, IN	IN
S1_TRAIN_000802	TrueNorth Consulting 8928 SA	4347 Industrial Boulevard, Bordeaux, 99006, FR	FR
S1_TRAIN_000803	Resolute Mining 9285 AG	137 Broadway, Frankfurt, 75395, DE	DE
S1_TRAIN_000804	Nautilus Oceanic 7977 Pty Ltd	256 Queen Street, Sydney, 69488, AU	AU
S1_TRAIN_000805	Veritas Legal Services 11 LLP	5738 Market Street, Seattle, 47128, US	US
S1_TRAIN_000806	Eagle Eye Surveillance 4765 Limited	5811 Rue de Rivoli, Toronto, 42601, CA	CA
S1_TRAIN_000807	Helix BioSciences 9240 Private Limited	2281 Elm Street, Singapore, 99564, SG	SG
S1_TRAIN_000808	TrueNorth Consulting 7556 K.K.	7159 Bay Street, Osaka, 22588, JP	JP
S1_TRAIN_000809	Rockwell Automation Systems 6890 LLP	9158 Main St, Singapore, 13463, SG	SG
S1_TRAIN_000810	Genesis Industrial 4955 ULC	6114 Orchard Road, Ottawa, 26682, CA	CA
S1_TRAIN_000811	Premier Dental Care 98 SAS	891 Friedrichstrasse, Bordeaux, 21096, FR	FR
S1_TRAIN_000812	Volt Electrical Services 5429 Incorporated	9579 Harbor Drive, San Francisco, 98396, US	US
S1_TRAIN_000813	Nautilus Oceanic 5094 LLC	3289 Maple Ave, Dallas, 25035, US	US
S1_TRAIN_000814	Titan Heavy Machinery 1984 Kabushiki Kaisha	3348 Brigade Road, Tokyo, 23579, JP	JP
S1_TRAIN_000815	Silicon Valley Micro 7272 LLP	4914 Broadway, Singapore, 63026, SG	SG
S1_TRAIN_000816	Zephyr Clean Energy 3944 Ltd.	8957 Harbor Drive, Chennai, 36260, IN	IN
S1_TRAIN_000817	Pinnacle Pharmaceuticals 1759 SA	2428 George Street, Toulouse, 13666, FR	FR
S1_TRAIN_000818	Venture Point Capital 7283 Corp.	7667 Market Street, Boston, 70076, US	US
S1_TRAIN_000819	Guardian Asset Management 5862 Kabushiki Kaisha	5716 MG Road, Yokohama, 78820, JP	JP
S1_TRAIN_000820	Whispering Pines Resort 2295 NL	1118 Bay Street, Brisbane, 94559, AU	AU
S1_TRAIN_000821	Galaxy Softworks 5310 B.V.	6616 Elm Street, Utrecht, 18856, NL	NL
S1_TRAIN_000822	WorldBridge Express 2608 Limited	1741 King Street, Toronto, 75461, CA	CA
S1_TRAIN_000823	Equinox Venture Partners 2851 Ltd.	1015 Park Avenue, Singapore, 90203, SG	SG
S1_TRAIN_000824	Zion Natural Foods 1195 SA	483 Maple Ave, Marseille, 32815, FR	FR
S1_TRAIN_000825	Renaissance Arts 6188 Private Limited	9118 Elm Street, Pune, 36179, IN	IN
S1_TRAIN_000826	Spectra Chemical 3151 Ltd.	1577 Main St, Glasgow, 36678, GB	GB
S1_TRAIN_000827	Windward Nautical 8654 SA	9345 MG Road, Lyon, 72093, FR	FR
S1_TRAIN_000828	TrueNorth Consulting 6163 PLC	2084 Park Avenue, Glasgow, 77796, GB	GB
S1_TRAIN_000829	Sierra Nevada Brewing 3778 LLP	3671 Main St, Boston, 47997, US	US
S1_TRAIN_000830	Spectrum Communications 9427 Limited	8193 Maple Ave, Ottawa, 50925, CA	CA
S1_TRAIN_000831	Centurion Security 5539 Private Limited	5482 MG Road, Singapore, 17784, SG	SG
S1_TRAIN_000832	Crestview Holdings 3861 SA	9995 Elm Street, Paris, 14634, FR	FR
S1_TRAIN_000833	Quest Diagnostics Global 7825 Proprietary Limited	907 Main St, Melbourne, 13454, AU	AU
S1_TRAIN_000834	Waveform Acoustic 2052 LLP	2258 Church St, Singapore, 25149, SG	SG
S1_TRAIN_000835	Treasure Coast Marine 6025 AG	7153 Station Road, Munich, 17592, DE	DE
S1_TRAIN_000836	White Cloud Technologies 4095 Inc.	2077 High Street, San Francisco, 67482, US	US
S1_TRAIN_000837	Venture Point Capital 2006 LLP	8908 Oxford Street, London, 36982, GB	GB
S1_TRAIN_000838	Velocity Motors 4002 K.K.	8871 Station Road, Nagoya, 75987, JP	JP
S1_TRAIN_000839	Prism Optical 7967 Proprietary Limited	2247 MG Road, Sydney, 78287, AU	AU
S1_TRAIN_000840	Radius Geospatial 7435 PLC	554 Rue de Rivoli, London, 45428, GB	GB
S1_TRAIN_000841	Pinnacle Pharmaceuticals 8116 Inc.	7275 Bay Street, Atlanta, 15821, US	US
S1_TRAIN_000842	OnPoint Diagnostics 426 B.V.	9683 Oxford Street, Utrecht, 38382, NL	NL
S1_TRAIN_000843	CoreLogic Solutions 1790 Kabushiki Kaisha	4710 Harbor Drive, Fukuoka, 80092, JP	JP
S1_TRAIN_000844	Rockwell Automation Systems 3904 Private Limited	4496 Oxford Street, Bengaluru, 21211, IN	IN
S1_TRAIN_000845	TopTier Athletics 203 Limited	5260 Elm Street, Birmingham, 44670, GB	GB
S1_TRAIN_000846	Summit Mountain Gear 3570 Ltd.	1304 Elm Street, Singapore, 46234, SG	SG
S1_TRAIN_000847	Radius Geospatial 9501 GmbH & Co. KG	3735 Church St, Berlin, 17970, DE	DE
S1_TRAIN_000848	Visionary Healthcare 6816 Ltd.	4639 George Street, Bristol, 28753, GB	GB
S1_TRAIN_000849	Modern Precision 511 Limited	4766 High Street, New Delhi, 29669, IN	IN
S1_TRAIN_000850	TopTier Athletics 3465 GmbH & Co. KG	8327 Victoria Road, Stuttgart, 86216, DE	DE
S1_TRAIN_000851	WorldBridge Express 6850 Kabushiki Kaisha	843 Orchard Road, Tokyo, 89574, JP	JP
S1_TRAIN_000852	Overland Express 3783 SNC	1891 Harbor Drive, Marseille, 41594, FR	FR
S1_TRAIN_000853	Reliant Power Systems 6863 Limited	8809 Market Street, Ottawa, 42105, CA	CA
S1_TRAIN_000854	Turbine Power Systems 3246 Ltd.	2733 Main St, Hyderabad, 25832, IN	IN
S1_TRAIN_000855	Centurion Security 7069 LLP	2169 Park Avenue, Austin, 77488, US	US
S1_TRAIN_000856	Modern Precision 1951 GmbH	9974 Elm Street, Frankfurt, 90822, DE	DE
S1_TRAIN_000857	EcoSphere Solutions 2495 Corp.	7431 King Street, Boston, 59725, US	US
S1_TRAIN_000858	Southland Agriculture 9500 Kabushiki Kaisha	5289 Queen Street, Fukuoka, 60340, JP	JP
S1_TRAIN_000859	Meridian Wealth 9424 B.V.	5691 Broadway, Utrecht, 47328, NL	NL
S1_TRAIN_000860	Maven Data Science 7974 SAS	4727 Industrial Boulevard, Lyon, 44003, FR	FR
S1_TRAIN_000861	Catalyst Innovation 6055 ULC	6988 Elm Street, Montreal, 68304, CA	CA
S1_TRAIN_000862	Resolute Mining 4833 LLP	1966 Victoria Road, Bristol, 68249, GB	GB
S1_TRAIN_000863	Optima Insurance 1296 Ltée	2568 Station Road, Toronto, 76461, CA	CA
S1_TRAIN_000864	Cinnabar Creative 7101 Co. Ltd.	5203 Orchard Road, Bristol, 34955, GB	GB
S1_TRAIN_000865	Victory Marine 3206 NL	7939 Market Street, Perth, 34524, AU	AU
S1_TRAIN_000866	Zion Natural Foods 3510 Incorporated	8040 Park Avenue, Atlanta, 83103, US	US
S1_TRAIN_000867	Unified Communications 5714 SARL	2951 King Street, Bordeaux, 49334, FR	FR
S1_TRAIN_000868	MicroTech Semiconductor 6875 SARL	6961 Brigade Road, Marseille, 25180, FR	FR
S1_TRAIN_000869	Saturn Heavy Industries 8015 N.V.	3848 King Street, The Hague, 13796, NL	NL
S1_TRAIN_000870	Linear Motion Control 5204 Ltd.	6967 Friedrichstrasse, Singapore, 62255, SG	SG
S1_TRAIN_000871	Treasure Coast Marine 5402 Enterprises	327 Church St, Chennai, 12767, IN	IN
S1_TRAIN_000872	CrossRoads Transport 807 K.K.	8774 Commercial Road, Osaka, 36009, JP	JP
S1_TRAIN_000873	WorldBridge Express 4075 Incorporated	8628 Main St, New York, 23437, US	US
S1_TRAIN_000874	Volt Electrical Services 4052 Co.	2026 Harbor Drive, Seattle, 59526, US	US
S1_TRAIN_000875	Silicon Valley Micro 6806 Inc.	8876 Harbor Drive, New York, 89281, US	US
S1_TRAIN_000876	Taylor & Associates 6409 ULC	5304 Queen Street, Ottawa, 65725, CA	CA
S1_TRAIN_000877	Sunlight Solar Power 4564 SARL	8737 Victoria Road, Marseille, 76400, FR	FR
S1_TRAIN_000878	Western Digital Systems 1775 SARL	408 Elm Street, Lyon, 62081, FR	FR
S1_TRAIN_000879	EcoSphere Solutions 1563 K.K.	8026 MG Road, Osaka, 87779, JP	JP
S1_TRAIN_000880	Premier Dental Care 7759 Kabushiki Kaisha	966 Brigade Road, Yokohama, 74673, JP	JP
S1_TRAIN_000881	Timberline Lumber 6661 LLP	3428 Victoria Road, Seattle, 83716, US	US
S1_TRAIN_000882	Saturn Heavy Industries 8429 Kabushiki Kaisha	6975 Broadway, Tokyo, 20158, JP	JP
S1_TRAIN_000883	BlueSky Technologies 2656 K.K.	3234 Industrial Boulevard, Tokyo, 67357, JP	JP
S1_TRAIN_000884	Pulse Digital Marketing 8114 LLP	7983 Orchard Road, Pune, 28332, IN	IN
S1_TRAIN_000885	Nimble Supply Chain 6089 B.V.	4755 Market Street, Rotterdam, 78583, NL	NL
S1_TRAIN_000886	Gateway Telecom 2691 K.K.	5206 Main St, Fukuoka, 64565, JP	JP
S1_TRAIN_000887	CyberShield Defense 92 NL	1538 MG Road, Melbourne, 80481, AU	AU
S1_TRAIN_000888	Keystone Civil Works 5652 Incorporated	4657 Oxford Street, Chicago, 65858, US	US
S1_TRAIN_000889	WorldBridge Express 3547 Proprietary Limited	9236 Oxford Street, Melbourne, 23411, AU	AU
S1_TRAIN_000890	Vibrant Media Group 7757 Inc.	3799 Main St, Vancouver, 38369, CA	CA
S1_TRAIN_000891	Fleetwood Engineering 3945 Kabushiki Kaisha	6317 Bay Street, Fukuoka, 72190, JP	JP
S1_TRAIN_000892	Ultratech Industrial 4551 Ltd.	9184 George Street, Kolkata, 67887, IN	IN
S1_TRAIN_000893	Vibrant Media Group 5669 LLP	9172 Maple Ave, Singapore, 35032, SG	SG
S1_TRAIN_000894	Infinity Robotics 92 N.V.	1542 Station Road, Utrecht, 58348, NL	NL
S1_TRAIN_000895	Prairie Wind Renewables 720 Pty Ltd	938 Washington Blvd, Brisbane, 84996, AU	AU
S1_TRAIN_000896	Equinox Venture Partners 626 AG	2510 Maple Ave, Berlin, 33187, DE	DE
S1_TRAIN_000897	Fleetwood Engineering 919 SA	1598 Station Road, Paris, 81314, FR	FR
S1_TRAIN_000898	BlueSky Technologies 6606 Private Limited	3162 Park Avenue, Singapore, 75735, SG	SG
S1_TRAIN_000899	Acme Global 5099 NL	1929 Commercial Road, Adelaide, 54754, AU	AU
S1_TRAIN_000900	Elevate Digital 3042 GmbH	330 Washington Blvd, Stuttgart, 32195, DE	DE
S1_TRAIN_000901	Iconic Architecture 2175 Ltd	4704 Bay Street, Sydney, 33331, AU	AU
S1_TRAIN_000902	New Horizon Health 6783 Ltée	3265 Oxford Street, Vancouver, 33214, CA	CA
S1_TRAIN_000903	SoundWave Media 7368 Limited	6319 Elm Street, Bengaluru, 30408, IN	IN
S1_TRAIN_000904	Olympus Chemical 8254 Kabushiki Kaisha	8410 Park Avenue, Nagoya, 37619, JP	JP
S1_TRAIN_000905	Genesis Industrial 7656 B.V.	9237 Commercial Road, Utrecht, 59533, NL	NL
S1_TRAIN_000906	Sanctuary Spa Group 5484 AG	5866 Industrial Boulevard, Berlin, 50144, DE	DE
S1_TRAIN_000907	Precision Machining 7760 Ltée	6115 Harbor Drive, Montreal, 88766, CA	CA
S1_TRAIN_000908	Silicon Valley Micro 1768 Pte. Ltd.	9462 Oxford Street, Singapore, 62527, SG	SG
S1_TRAIN_000909	Harbor Light Logistics 4925 N.V.	2287 Elm Street, Rotterdam, 27025, NL	NL
S1_TRAIN_000910	Venture Point Capital 2417 Corp.	5039 Queen Street, Vancouver, 20534, CA	CA
S1_TRAIN_000911	Paramount Construction 82 SNC	1637 Commercial Road, Lyon, 71708, FR	FR
S1_TRAIN_000912	Fusion Power Dynamics 5216 LLP	4640 Station Road, Hyderabad, 98440, IN	IN
S1_TRAIN_000913	Overland Express 5569 K.K.	9817 Maple Ave, Tokyo, 62190, JP	JP
S1_TRAIN_000914	Pinnacle Pharmaceuticals 2948 LLP	5097 Queen Street, Singapore, 60700, SG	SG
S1_TRAIN_000915	Prosper Wealth Advisors 2942 Ltd.	8477 King Street, Hyderabad, 23950, IN	IN
S1_TRAIN_000916	Silicon Valley Micro 6292 SAS	6582 Rue de Rivoli, Paris, 65372, FR	FR
S1_TRAIN_000917	Sanctuary Spa Group 5490 G.K.	2931 Broadway, Nagoya, 65583, JP	JP
S1_TRAIN_000918	Skyline Real Estate 7455 Pte. Ltd.	4616 Friedrichstrasse, Singapore, 15222, SG	SG
S1_TRAIN_000919	Standard Petroleum 4379 Ltd.	6834 Commercial Road, New Delhi, 12296, IN	IN
S1_TRAIN_000920	EcoSphere Solutions 8766 LLP	2370 Harbor Drive, Manchester, 92958, GB	GB
S1_TRAIN_000921	WorldBridge Express 8578 N.V.	1254 High Street, The Hague, 52806, NL	NL
S1_TRAIN_000922	TopTier Athletics 1657 LLP	4948 Station Road, Singapore, 65381, SG	SG
S1_TRAIN_000923	Zion Natural Foods 4209 Co. Ltd.	1908 George Street, Edinburgh, 35119, GB	GB
S1_TRAIN_000924	Paramount Construction 9394 SA	4503 George Street, Lyon, 34341, FR	FR
S1_TRAIN_000925	Apex Logistics 6672 Ltée	2127 George Street, Toronto, 46014, CA	CA
S1_TRAIN_000926	CrossRoads Transport 4716 N.V.	6894 Elm Street, The Hague, 93200, NL	NL
S1_TRAIN_000927	Riverstone Capital 8176 Limited	2786 Victoria Road, Ottawa, 98209, CA	CA
S1_TRAIN_000928	Sunlight Solar Power 5658 PLC	8677 Harbor Drive, Manchester, 58390, GB	GB
S1_TRAIN_000929	Quest Diagnostics Global 6806 Corporation	8041 Church St, Seattle, 40765, US	US
S1_TRAIN_000930	Xcel Precision Tools 6572 G.K.	3568 Commercial Road, Fukuoka, 64811, JP	JP
S1_TRAIN_000931	Nexus Telecom 8230 Kabushiki Kaisha	3689 Bay Street, Yokohama, 62948, JP	JP
S1_TRAIN_000932	Oakwood Furnishings 7603 LLP	6281 Broadway, Pune, 86042, IN	IN
S1_TRAIN_000933	Trident Subsea Works 8248 PLC	6698 Elm Street, Glasgow, 12992, GB	GB
S1_TRAIN_000934	Velocity Motors 6379 Kabushiki Kaisha	2645 MG Road, Yokohama, 70000, JP	JP
S1_TRAIN_000935	Ion Propulsion Labs 9464 SARL	9884 Brigade Road, Toulouse, 68150, FR	FR
S1_TRAIN_000936	Latitude Geospatial 7573 LLP	530 Harbor Drive, London, 99394, GB	GB
S1_TRAIN_000937	TopTier Athletics 8752 LLP	980 Rue de Rivoli, Dallas, 48399, US	US
S1_TRAIN_000938	Silverline Transport 7210 Pte. Ltd.	2392 Broadway, Singapore, 44406, SG	SG
S1_TRAIN_000939	United Parcel Express 1214 SA	4260 Brigade Road, Toulouse, 54884, FR	FR
S1_TRAIN_000940	Paladin Risk Management 9234 GmbH & Co. KG	2594 Queen Street, Frankfurt, 84401, DE	DE
S1_TRAIN_000941	Golden Gate Trading 9953 Proprietary Limited	3735 Oxford Street, Perth, 13670, AU	AU
S1_TRAIN_000942	Solaria Energy Systems 6650 SARL	5640 Industrial Boulevard, Bordeaux, 94390, FR	FR
S1_TRAIN_000943	Southland Agriculture 7898 Pvt. Ltd.	234 Bay Street, Hyderabad, 97653, IN	IN
S1_TRAIN_000944	Fleetwood Engineering 3227 GmbH	9330 Friedrichstrasse, Hamburg, 93707, DE	DE
S1_TRAIN_000945	TrueNorth Consulting 1620 GmbH	4448 Park Avenue, Stuttgart, 82520, DE	DE
S1_TRAIN_000946	WorldBridge Express 1044 Private Limited	998 Queen Street, Chennai, 37227, IN	IN
S1_TRAIN_000947	Ultratech Industrial 1197 Limited	7241 Broadway, Calgary, 20929, CA	CA
S1_TRAIN_000948	Standard Petroleum 9657 Inc.	4915 Rue de Rivoli, Ottawa, 84623, CA	CA
S1_TRAIN_000949	Ultratech Industrial 7476 Corporation	9853 George Street, Seattle, 45486, US	US
S1_TRAIN_000950	Spectrum Communications 4080 GmbH & Co. KG	9196 King Street, Frankfurt, 75937, DE	DE
S1_TRAIN_000951	Silverline Transport 7709 SA	1075 Industrial Boulevard, Lyon, 66625, FR	FR
S1_TRAIN_000952	Redwood Software 5611 K.K.	1782 MG Road, Osaka, 40382, JP	JP
S1_TRAIN_000953	TransNational Logistics 3446 N.V.	2563 Station Road, Rotterdam, 35153, NL	NL
S1_TRAIN_000954	ProActive Safety 4414 Corp.	4975 Rue de Rivoli, Montreal, 58600, CA	CA
S1_TRAIN_000955	Sunrise Bakery 6448 Ltd.	907 Bay Street, Singapore, 63580, SG	SG
S1_TRAIN_000956	Veritas Legal Services 4194 NL	5274 Main St, Brisbane, 66033, AU	AU
S1_TRAIN_000957	Maven Data Science 1751 Co. Ltd.	5333 Industrial Boulevard, Manchester, 72872, GB	GB
S1_TRAIN_000958	Seaside Seafood Co 4094 Pty Ltd	6145 Elm Street, Adelaide, 17774, AU	AU
S1_TRAIN_000959	Olympus Chemical 4523 Kabushiki Kaisha	4657 Friedrichstrasse, Nagoya, 24553, JP	JP
S1_TRAIN_000960	Zion Natural Foods 1213 GmbH & Co. KG	2465 Market Street, Hamburg, 87307, DE	DE
S1_TRAIN_000961	Spectra Chemical 4775 LLP	5144 Park Avenue, Austin, 57347, US	US
S1_TRAIN_000962	Insightful Analytics 4244 Pty Ltd	380 Harbor Drive, Adelaide, 28385, AU	AU
S1_TRAIN_000963	Crestview Holdings 8393 GmbH & Co. KG	7164 Elm Street, Berlin, 14205, DE	DE
S1_TRAIN_000964	Elevate Digital 9404 SNC	3128 Washington Blvd, Bordeaux, 19579, FR	FR
S1_TRAIN_000965	Resolute Mining 8647 Pte. Ltd.	9417 Bay Street, Singapore, 48510, SG	SG
S1_TRAIN_000966	Tandem Software 5352 Kabushiki Kaisha	3283 Washington Blvd, Fukuoka, 85292, JP	JP
S1_TRAIN_000967	Clearwater Analytics 2087 K.K.	5366 Park Avenue, Nagoya, 51331, JP	JP
S1_TRAIN_000968	Radius Geospatial 2018 Pte. Ltd.	3418 Friedrichstrasse, Singapore, 59861, SG	SG
S1_TRAIN_000969	Helix BioSciences 8302 N.V.	3435 Industrial Boulevard, Amsterdam, 25775, NL	NL
S1_TRAIN_000970	Lighthouse Hospitality 8336 LLP	119 Main St, Leeds, 59811, GB	GB
S1_TRAIN_000971	Radiant Energy 4927 Inc.	6385 Washington Blvd, Toronto, 71782, CA	CA
S1_TRAIN_000972	Ironclad Construction 4802 AG	2581 George Street, Stuttgart, 64950, DE	DE
S1_TRAIN_000973	Solaria Energy Systems 2481 Ltd.	2661 Broadway, New Delhi, 13929, IN	IN
S1_TRAIN_000974	Cedar Point Energy 424 UG	561 Rue de Rivoli, Berlin, 28919, DE	DE
S1_TRAIN_000975	Pathfinder Robotics 9806 Kabushiki Kaisha	1641 Industrial Boulevard, Osaka, 11958, JP	JP
S1_TRAIN_000976	Gateway Telecom 9884 Inc.	7693 Rue de Rivoli, Seattle, 43667, US	US
S1_TRAIN_000977	Serenity Living 9360 Corp.	8434 Brigade Road, Vancouver, 27014, CA	CA
S1_TRAIN_000978	Legacy Manufacturing 3707 NL	4934 Harbor Drive, Melbourne, 53073, AU	AU
S1_TRAIN_000979	Xcel Precision Tools 561 Private Limited	2985 MG Road, Singapore, 11877, SG	SG
S1_TRAIN_000980	Saturn Heavy Industries 5635 Limited	7408 Bay Street, Ottawa, 38159, CA	CA
S1_TRAIN_000981	Oceanic Seafoods 5526 Ltd.	7985 Station Road, New Delhi, 81945, IN	IN
S1_TRAIN_000982	Rigel Marine Services 1821 PLC	4845 Victoria Road, Glasgow, 26554, GB	GB
S1_TRAIN_000983	Silicon Valley Micro 2992 Private Limited	3635 Market Street, Singapore, 12191, SG	SG
S1_TRAIN_000984	Standard Petroleum 3776 G.K.	2601 Commercial Road, Osaka, 23125, JP	JP
S1_TRAIN_000985	Ultratech Industrial 3708 Pvt Ltd	6948 Maple Ave, Chennai, 36502, IN	IN
S1_TRAIN_000986	Precision Machining 4858 Private Limited	7668 Rue de Rivoli, Singapore, 52194, SG	SG
S1_TRAIN_000987	Crestview Holdings 6724 Ltd.	2626 Rue de Rivoli, Mumbai, 41780, IN	IN
S1_TRAIN_000988	Wildcat Oil Exploration 9600 Pvt Ltd	2334 Friedrichstrasse, Mumbai, 98111, IN	IN
S1_TRAIN_000989	Zephyr Clean Energy 9995 SAS	5594 Park Avenue, Lyon, 45665, FR	FR
S1_TRAIN_000990	Voyager Travel Group 7984 Ltd	1689 Orchard Road, Melbourne, 21609, AU	AU
S1_TRAIN_000991	Meridian Wealth 4520 Ltd	6876 Station Road, Adelaide, 97422, AU	AU
S1_TRAIN_000992	Sunrise Bakery 6158 B.V.	9858 High Street, The Hague, 24129, NL	NL
S1_TRAIN_000993	Titan Heavy Machinery 6912 Pte. Ltd.	7213 Commercial Road, Singapore, 70390, SG	SG
S1_TRAIN_000994	Cedar Point Energy 7482 Proprietary Limited	5637 King Street, Brisbane, 56186, AU	AU
S1_TRAIN_000995	Halo Interactive 3431 Kabushiki Kaisha	5274 Washington Blvd, Yokohama, 62601, JP	JP
S1_TRAIN_000996	Emerald City Foods 6653 AG	3051 Rue de Rivoli, Stuttgart, 60160, DE	DE
S1_TRAIN_000997	Guardian Asset Management 2762 GmbH & Co. KG	3110 Broadway, Berlin, 86263, DE	DE
S1_TRAIN_000998	Spectrum Communications 5797 Pte. Ltd.	1698 Bay Street, Singapore, 48523, SG	SG
S1_TRAIN_000999	Maven Data Science 432 SARL	3588 Victoria Road, Lyon, 42158, FR	FR
S1_TRAIN_001000	TransNational Logistics 7918 SARL	9032 Church St, Toulouse, 84460, FR	FR
S1_TRAIN_001001	Linear Motion Control 5964 Ltd	5973 Commercial Road, Perth, 40763, AU	AU
S1_TRAIN_001002	Spire Global Solutions 9486 Pvt Ltd	7795 Orchard Road, Bengaluru, 80170, IN	IN
S1_TRAIN_001003	Titan Heavy Machinery 3733 GmbH	7624 Brigade Road, Stuttgart, 45275, DE	DE
S1_TRAIN_001004	Sunlight Solar Power 943 GmbH & Co. KG	2423 Victoria Road, Hamburg, 18359, DE	DE
S1_TRAIN_001005	White Cloud Technologies 4524 N.V.	452 Harbor Drive, Utrecht, 88346, NL	NL
S1_TRAIN_001006	Spire Global Solutions 4992 AG	8323 Elm Street, Munich, 63364, DE	DE
S1_TRAIN_001007	Treasure Coast Marine 1043 K.K.	2642 Harbor Drive, Fukuoka, 35509, JP	JP
S1_TRAIN_001008	Prime Auto Group 6248 SA	2999 Station Road, Lyon, 22564, FR	FR
S1_TRAIN_001009	Integrity Consulting 3714 GmbH & Co. KG	7402 Station Road, Berlin, 22324, DE	DE
S1_TRAIN_001010	TopTier Athletics 998 K.K.	6114 King Street, Tokyo, 22516, JP	JP
S1_TRAIN_001011	Spectra Chemical 207 LLP	5018 Bay Street, Boston, 13624, US	US
S1_TRAIN_001012	Heritage Distilling 8313 Pvt. Ltd.	498 Friedrichstrasse, Kolkata, 91537, IN	IN
S1_TRAIN_001013	Titan Heavy Machinery 2544 N.V.	8979 Friedrichstrasse, Utrecht, 60966, NL	NL
S1_TRAIN_001014	Venture Point Capital 9686 PLC	1491 Orchard Road, Edinburgh, 96967, GB	GB
S1_TRAIN_001015	Pathfinder Robotics 1350 SNC	1710 Rue de Rivoli, Paris, 52141, FR	FR
S1_TRAIN_001016	Waveform Acoustic 904 G.K.	1462 MG Road, Tokyo, 50254, JP	JP
S1_TRAIN_001017	Spire Global Solutions 860 Pte. Ltd.	6076 Orchard Road, Singapore, 99277, SG	SG
S1_TRAIN_001018	Milestone Education 78 Ltée	6389 Industrial Boulevard, Montreal, 39933, CA	CA
S1_TRAIN_001019	Velocity Motors 4467 Ltd.	6778 George Street, Singapore, 59431, SG	SG
S1_TRAIN_001020	Delta Wave Electronics 1875 Co. Ltd.	1090 Rue de Rivoli, Manchester, 34033, GB	GB
S1_TRAIN_001021	Prairie Wind Renewables 4667 K.K.	9341 Queen Street, Nagoya, 44275, JP	JP
S1_TRAIN_001022	Cinnabar Creative 7684 SNC	3747 Broadway, Paris, 14984, FR	FR
S1_TRAIN_001023	Voyager Travel Group 1105 Corp.	6077 Maple Ave, Calgary, 67423, CA	CA
S1_TRAIN_001024	Nexus Telecom 717 B.V.	5593 Market Street, Amsterdam, 42873, NL	NL
S1_TRAIN_001025	Keystone Civil Works 3015 Limited	7191 King Street, Montreal, 13317, CA	CA
S1_TRAIN_001026	Latitude Geospatial 9858 G.K.	2640 Church St, Nagoya, 28790, JP	JP
S1_TRAIN_001027	Kodiak Tactical 97 Pte. Ltd.	958 Elm Street, Singapore, 60793, SG	SG
S1_TRAIN_001028	Metro Urban Transit 6337 SA	8038 King Street, Lyon, 90295, FR	FR
S1_TRAIN_001029	Overland Express 3668 Pvt Ltd	2857 Washington Blvd, New Delhi, 60915, IN	IN
S1_TRAIN_001030	Precision Machining 2049 UG	6900 Bay Street, Munich, 64752, DE	DE
S1_TRAIN_001031	Jade Palace Dining 3129 N.V.	5955 Harbor Drive, Rotterdam, 70735, NL	NL
S1_TRAIN_001032	Monarch Aerospace 6753 Inc.	5533 MG Road, Chicago, 82311, US	US
S1_TRAIN_001033	Zephyr Clean Energy 9231 Private Limited	9422 Bay Street, Pune, 35927, IN	IN
S1_TRAIN_001034	New Horizon Health 8694 LLC	1405 Park Avenue, San Francisco, 12813, US	US
S1_TRAIN_001035	TriState Utilities 5170 N.V.	5548 Rue de Rivoli, The Hague, 32966, NL	NL
S1_TRAIN_001036	Trident Subsea Works 6713 LLP	7694 Church St, Chennai, 46861, IN	IN
S1_TRAIN_001037	Peak Performance Fitness 7814 Ltd.	9604 Main St, Kolkata, 57498, IN	IN
S1_TRAIN_001038	Supreme Logistics 5634 AG	1129 Commercial Road, Berlin, 33230, DE	DE
S1_TRAIN_001039	Vibrant Media Group 3230 UG	1362 Victoria Road, Frankfurt, 56492, DE	DE
S1_TRAIN_001040	TerraFirma Landscaping 6845 Pvt Ltd	3147 Oxford Street, New Delhi, 77295, IN	IN
S1_TRAIN_001041	Venture Point Capital 7506 Co. Ltd.	515 Church St, Birmingham, 27124, GB	GB
S1_TRAIN_001042	Synergy Pharmaceuticals 315 NL	7703 MG Road, Perth, 59809, AU	AU
S1_TRAIN_001043	Victory Marine 4429 LLP	8399 Commercial Road, Singapore, 65641, SG	SG
S1_TRAIN_001044	EcoSphere Solutions 5221 K.K.	2106 Main St, Tokyo, 24031, JP	JP
S1_TRAIN_001045	Paramount Construction 1065 Pvt. Ltd.	1432 Brigade Road, Chennai, 19884, IN	IN
S1_TRAIN_001046	Rigel Marine Services 5422 Limited	921 Broadway, Glasgow, 28181, GB	GB
S1_TRAIN_001047	Infinity Robotics 7800 Ltée	3049 Maple Ave, Calgary, 71500, CA	CA
S1_TRAIN_001048	Iconic Architecture 2032 Limited	5266 Industrial Boulevard, Manchester, 39847, GB	GB
S1_TRAIN_001049	Quantum Computing Labs 4112 GmbH & Co. KG	115 Orchard Road, Munich, 95831, DE	DE
S1_TRAIN_001050	Trident Subsea Works 7047 Ltd.	7307 Victoria Road, Bristol, 11572, GB	GB
S1_TRAIN_001051	CrossRoads Transport 9326 Ltd	5868 Friedrichstrasse, Brisbane, 72973, AU	AU
S1_TRAIN_001052	Taylor & Associates 2795 Corp.	7618 George Street, Boston, 70508, US	US
S1_TRAIN_001053	Nexus Telecom 6250 Enterprises	229 Commercial Road, Hyderabad, 66935, IN	IN
S1_TRAIN_001054	Oceanic Seafoods 3241 LLP	2594 Bay Street, Dallas, 49783, US	US
S1_TRAIN_001055	Sapphire Healthcare 9959 Proprietary Limited	8500 Brigade Road, Melbourne, 74779, AU	AU
S1_TRAIN_001056	Vista Window Systems 7029 N.V.	2121 Maple Ave, Amsterdam, 79420, NL	NL
S1_TRAIN_001057	Reliant Power Systems 6063 Ltd.	5345 MG Road, Singapore, 40597, SG	SG
S1_TRAIN_001058	Waveform Acoustic 3185 LLP	9377 Washington Blvd, New Delhi, 40005, IN	IN
S1_TRAIN_001059	New Horizon Health 8372 Co. Ltd.	5270 Market Street, Leeds, 20657, GB	GB
S1_TRAIN_001060	Renaissance Arts 6383 Inc.	2345 Victoria Road, Montreal, 57681, CA	CA
S1_TRAIN_001061	Golden Gate Trading 4469 AG	9909 Station Road, Hamburg, 80295, DE	DE
S1_TRAIN_001062	Pathfinder Robotics 6931 Corp.	3347 Oxford Street, Seattle, 28882, US	US
S1_TRAIN_001063	Vanguard Asset Management 6905 LLP	2419 Friedrichstrasse, Birmingham, 68547, GB	GB
S1_TRAIN_001064	Maven Data Science 3241 B.V.	2669 Queen Street, The Hague, 86871, NL	NL
S1_TRAIN_001065	White Cloud Technologies 6145 Kabushiki Kaisha	7115 Washington Blvd, Tokyo, 94715, JP	JP
S1_TRAIN_001066	Sunrise Bakery 9315 LLC	2161 Harbor Drive, New York, 75100, US	US
S1_TRAIN_001067	ProActive Safety 6488 Private Limited	3396 Park Avenue, Chennai, 68785, IN	IN
S1_TRAIN_001068	Linear Motion Control 3726 Inc.	9138 Washington Blvd, Toronto, 13175, CA	CA
S1_TRAIN_001069	Genesis Industrial 8202 GmbH & Co. KG	6485 Bay Street, Frankfurt, 12523, DE	DE
S1_TRAIN_001070	Kinetic Sports 9548 SA	1321 Commercial Road, Paris, 86229, FR	FR
S1_TRAIN_001071	TrueNorth Consulting 4611 Proprietary Limited	8371 Commercial Road, Adelaide, 60910, AU	AU
S1_TRAIN_001072	Renaissance Arts 473 SARL	8386 Washington Blvd, Bordeaux, 63174, FR	FR
S1_TRAIN_001073	Clearwater Analytics 6349 PLC	3280 MG Road, Bristol, 84738, GB	GB
S1_TRAIN_001074	Catalyst Innovation 5078 Corporation	5472 Industrial Boulevard, Chicago, 37047, US	US
S1_TRAIN_001075	Treasure Coast Marine 1758 Corp.	820 Maple Ave, New York, 11469, US	US
S1_TRAIN_001076	Meridian Wealth 6841 Inc.	1968 High Street, Seattle, 49590, US	US
S1_TRAIN_001077	Ultratech Industrial 498 SARL	1845 Main St, Lyon, 21284, FR	FR
S1_TRAIN_001078	WorldBridge Express 2512 Inc.	6184 Bay Street, Toronto, 13918, CA	CA
S1_TRAIN_001079	Meridian Wealth 4614 SA	400 Oxford Street, Lyon, 97981, FR	FR
S1_TRAIN_001080	Paladin Risk Management 7476 SA	6116 Industrial Boulevard, Bordeaux, 96324, FR	FR
S1_TRAIN_001081	Victory Marine 8103 G.K.	7074 Commercial Road, Fukuoka, 21330, JP	JP
S1_TRAIN_001082	Standard Petroleum 2692 Corp.	2377 Orchard Road, Boston, 88484, US	US
S1_TRAIN_001083	Voyager Travel Group 6494 Co. Ltd.	1834 George Street, Edinburgh, 75717, GB	GB
S1_TRAIN_001084	Equinox Venture Partners 9429 Co.	2699 Church St, Seattle, 39724, US	US
S1_TRAIN_001085	Polaris Navigation 3590 B.V.	6685 Harbor Drive, Utrecht, 23949, NL	NL
S1_TRAIN_001086	Acme Global 8266 Limited	1184 Market Street, Leeds, 50180, GB	GB
S1_TRAIN_001087	Modern Precision 1984 Ltée	1169 King Street, Vancouver, 18784, CA	CA
S1_TRAIN_001088	Threshold Interactive 4919 UG	3416 Commercial Road, Hamburg, 49817, DE	DE
S1_TRAIN_001089	OnPoint Diagnostics 509 NL	8832 Bay Street, Perth, 22845, AU	AU
S1_TRAIN_001090	Elevate Digital 7781 Pty Ltd	1360 Park Avenue, Adelaide, 42163, AU	AU
S1_TRAIN_001091	Wellspring Health 7393 Corp.	1556 George Street, Ottawa, 11349, CA	CA
S1_TRAIN_001092	Maven Data Science 9258 LLP	9596 Oxford Street, Singapore, 25423, SG	SG
S1_TRAIN_001093	Renaissance Arts 4807 Ltd.	9849 Queen Street, Bengaluru, 53439, IN	IN
S1_TRAIN_001094	GreenLeaf Organics 1259 Limited	4081 Rue de Rivoli, Calgary, 10746, CA	CA
S1_TRAIN_001095	Tandem Software 8084 Corp.	1903 Victoria Road, Calgary, 23308, CA	CA
S1_TRAIN_001096	Zenith Broadcast Group 9916 N.V.	8129 Friedrichstrasse, Amsterdam, 58060, NL	NL
S1_TRAIN_001097	Southland Agriculture 6035 Kabushiki Kaisha	7761 George Street, Tokyo, 14395, JP	JP
S1_TRAIN_001098	Orbit Satellite Services 7777 Private Limited	1983 Market Street, Singapore, 13160, SG	SG
S1_TRAIN_001099	Hyperion Solar 3220 SNC	9132 Commercial Road, Bordeaux, 44472, FR	FR
S1_TRAIN_001100	Venture Point Capital 3040 B.V.	9170 Broadway, The Hague, 15210, NL	NL
S1_TRAIN_001101	Silverline Transport 200 Co. Ltd.	4357 King Street, Glasgow, 86752, GB	GB
S1_TRAIN_001102	Genesis Industrial 5236 Limited	3092 MG Road, Calgary, 97036, CA	CA
S1_TRAIN_001103	Delta Wave Electronics 2394 Ltd.	2383 Orchard Road, Kolkata, 18912, IN	IN
S1_TRAIN_001104	Keystone Civil Works 4301 LLP	704 George Street, Singapore, 52006, SG	SG
S1_TRAIN_001105	Vibrant Media Group 6123 LLP	3682 Maple Ave, Singapore, 26688, SG	SG
S1_TRAIN_001106	Guardian Asset Management 3955 B.V.	1230 Rue de Rivoli, Utrecht, 66720, NL	NL
S1_TRAIN_001107	Clearwater Analytics 6055 Ltd	7611 Oxford Street, Perth, 95218, AU	AU
S1_TRAIN_001108	Silverline Transport 7992 LLP	5523 Rue de Rivoli, Singapore, 21925, SG	SG
S1_TRAIN_001109	OnPoint Diagnostics 5020 Ltée	6743 Orchard Road, Montreal, 46506, CA	CA
S1_TRAIN_001110	Volt Electrical Services 4834 Ltée	8893 Victoria Road, Montreal, 82470, CA	CA
S1_TRAIN_001111	Legacy Manufacturing 3371 B.V.	8143 Industrial Boulevard, Utrecht, 59151, NL	NL
S1_TRAIN_001112	TopTier Athletics 1181 Pty Ltd	9023 Bay Street, Sydney, 61521, AU	AU
S1_TRAIN_001113	Lighthouse Hospitality 8111 SNC	4540 Elm Street, Bordeaux, 76993, FR	FR
S1_TRAIN_001114	Compass Point Marine 7008 SNC	7805 Broadway, Bordeaux, 67301, FR	FR
S1_TRAIN_001115	Evergreen Forestry 8987 K.K.	1572 Market Street, Nagoya, 65478, JP	JP
S1_TRAIN_001116	Veritas Legal Services 9283 Co.	5532 Broadway, New York, 91836, US	US
S1_TRAIN_001117	Sterling Bank & Trust 5793 Ltée	9072 Main St, Vancouver, 86561, CA	CA
S1_TRAIN_001118	Matrix Computing 7967 Limited	6659 Brigade Road, London, 38963, GB	GB
S1_TRAIN_001119	Vibrant Media Group 5055 Pte. Ltd.	3497 Friedrichstrasse, Singapore, 40432, SG	SG
S1_TRAIN_001120	Matrix Computing 3361 SAS	5609 Orchard Road, Toulouse, 52215, FR	FR
S1_TRAIN_001121	Wellspring Health 1268 B.V.	6620 Industrial Boulevard, The Hague, 37149, NL	NL
S1_TRAIN_001122	Safeguard Insurance 398 B.V.	1060 Washington Blvd, Rotterdam, 69276, NL	NL
S1_TRAIN_001123	Pulse Digital Marketing 1466 Ltd.	3745 Commercial Road, Singapore, 45274, SG	SG
S1_TRAIN_001124	Emerald City Foods 2602 PLC	9058 Victoria Road, Glasgow, 16562, GB	GB
S1_TRAIN_001125	Lighthouse Hospitality 7424 Enterprises	7142 Market Street, New Delhi, 46505, IN	IN
S1_TRAIN_001126	Zenith Broadcast Group 2883 Proprietary Limited	6935 Rue de Rivoli, Adelaide, 32010, AU	AU
S1_TRAIN_001127	Insightful Analytics 9874 Co. Ltd.	4409 Broadway, London, 33426, GB	GB
S1_TRAIN_001128	Riverstone Capital 9068 AG	8744 Market Street, Munich, 34485, DE	DE
S1_TRAIN_001129	Harbor Light Logistics 793 SA	3964 Market Street, Lyon, 89818, FR	FR
S1_TRAIN_001130	Halo Interactive 9929 Corp.	2227 Bay Street, San Francisco, 10075, US	US
S1_TRAIN_001131	Rockwell Automation Systems 8515 UG	6639 Elm Street, Stuttgart, 42955, DE	DE
S1_TRAIN_001132	Sierra Nevada Brewing 2069 LLP	9828 Park Avenue, Chicago, 58169, US	US
S1_TRAIN_001133	Insightful Analytics 263 ULC	2412 Washington Blvd, Calgary, 68974, CA	CA
S1_TRAIN_001134	Liberty Title Agency 7976 Private Limited	7622 Victoria Road, Singapore, 58702, SG	SG
S1_TRAIN_001135	Modern Precision 6129 LLP	6334 Friedrichstrasse, Boston, 95646, US	US
S1_TRAIN_001136	Sapphire Healthcare 1111 AG	5085 MG Road, Frankfurt, 76416, DE	DE
S1_TRAIN_001137	Envision Healthcare 2392 K.K.	405 High Street, Nagoya, 76782, JP	JP
S1_TRAIN_001138	NorthStar Financial 4669 UG	9595 Orchard Road, Berlin, 26160, DE	DE
S1_TRAIN_001139	Pathfinder Robotics 5410 SAS	2330 Market Street, Marseille, 35733, FR	FR
S1_TRAIN_001140	Infinity Robotics 6855 N.V.	2485 George Street, Rotterdam, 65956, NL	NL
S1_TRAIN_001141	First Horizon Banking 1311 SA	6097 Maple Ave, Marseille, 71463, FR	FR
S1_TRAIN_001142	NorthStar Financial 8630 LLP	9663 King Street, Pune, 78163, IN	IN
S1_TRAIN_001143	Saturn Heavy Industries 4460 GmbH	8174 Queen Street, Stuttgart, 63046, DE	DE
S1_TRAIN_001144	Waveform Acoustic 8884 G.K.	6552 George Street, Nagoya, 64957, JP	JP
S1_TRAIN_001145	New Horizon Health 933 LLP	2524 George Street, Singapore, 64293, SG	SG
S1_TRAIN_001146	TransNational Logistics 2702 UG	5360 Maple Ave, Munich, 87784, DE	DE
S1_TRAIN_001147	Waveform Acoustic 2489 Inc.	2910 Rue de Rivoli, New York, 14284, US	US
S1_TRAIN_001148	Nebula Cloud Hosting 5410 Co. Ltd.	1350 Elm Street, London, 15179, GB	GB
S1_TRAIN_001149	Infinity Robotics 2785 Ltd.	4380 Broadway, Singapore, 87774, SG	SG
S1_TRAIN_001150	TopTier Athletics 4260 Ltd.	8436 Victoria Road, Pune, 22598, IN	IN
S1_TRAIN_001151	Sanctuary Spa Group 7414 UG	4812 Queen Street, Stuttgart, 95654, DE	DE
S1_TRAIN_001152	Ironclad Construction 3944 SAS	2544 Victoria Road, Lyon, 14823, FR	FR
S1_TRAIN_001153	Fleetwood Engineering 2420 PLC	2447 Market Street, Leeds, 19626, GB	GB
S1_TRAIN_001154	Sanctuary Spa Group 555 GmbH	3138 Bay Street, Munich, 55231, DE	DE
S1_TRAIN_001155	Liberty Title Agency 6383 Ltd.	7595 Rue de Rivoli, Kolkata, 96288, IN	IN
S1_TRAIN_001156	Supreme Logistics 3015 Corporation	6813 Oxford Street, Austin, 22218, US	US
S1_TRAIN_001157	Horizon Freight 6847 LLP	5911 Washington Blvd, New York, 54952, US	US
S1_TRAIN_001158	Ivy League Education 2422 AG	8698 Oxford Street, Stuttgart, 61208, DE	DE
S1_TRAIN_001159	Milestone Education 8828 SNC	5450 Queen Street, Paris, 12348, FR	FR
S1_TRAIN_001160	TopTier Athletics 9370 Ltée	3652 Elm Street, Montreal, 68886, CA	CA
S1_TRAIN_001161	Prairie Wind Renewables 4348 Inc.	3634 High Street, Chicago, 68884, US	US
S1_TRAIN_001162	Starfire Gaming 6829 Incorporated	839 Maple Ave, Seattle, 75095, US	US
S1_TRAIN_001163	Pioneer Drilling 9188 UG	3282 Church St, Munich, 11862, DE	DE
S1_TRAIN_001164	Universal Aerospace 4024 SARL	2128 Broadway, Paris, 43841, FR	FR
S1_TRAIN_001165	Starlight Entertainment 1124 Ltd.	55 Broadway, Manchester, 41398, GB	GB
S1_TRAIN_001166	Spectrum Communications 7624 Kabushiki Kaisha	4560 Rue de Rivoli, Tokyo, 20914, JP	JP
S1_TRAIN_001167	Trident Subsea Works 1416 Co. Ltd.	5605 Market Street, Manchester, 31016, GB	GB
S1_TRAIN_001168	Skyline Real Estate 6594 Inc.	7921 MG Road, Vancouver, 86854, CA	CA
S1_TRAIN_001169	Synergy Pharmaceuticals 5824 Co.	5550 Washington Blvd, Boston, 64464, US	US
S1_TRAIN_001170	TerraFirma Landscaping 2225 SAS	9038 Church St, Toulouse, 54656, FR	FR
S1_TRAIN_001171	Pulse Digital Marketing 4808 Inc.	4919 High Street, San Francisco, 97139, US	US
S1_TRAIN_001172	Pacific Rim Trading 1231 SAS	4913 Harbor Drive, Marseille, 63329, FR	FR
S1_TRAIN_001173	Metro Urban Transit 5370 Limited	2252 Park Avenue, Pune, 78806, IN	IN
S1_TRAIN_001174	Frontier Biotech 2993 B.V.	1292 Elm Street, Rotterdam, 40345, NL	NL
S1_TRAIN_001175	Synthesis Data Labs 8947 NL	4875 King Street, Adelaide, 23164, AU	AU
S1_TRAIN_001176	Taylor & Associates 66 LLP	7688 High Street, Leeds, 57333, GB	GB
S1_TRAIN_001177	Hyperion Solar 9323 Limited	7706 Main St, Bristol, 38628, GB	GB
S1_TRAIN_001178	Visionary Healthcare 8351 ULC	8569 Main St, Calgary, 45823, CA	CA
S1_TRAIN_001179	Spectra Chemical 4796 GmbH & Co. KG	9680 Bay Street, Munich, 63941, DE	DE
S1_TRAIN_001180	Titan Heavy Machinery 8154 Co.	9679 Bay Street, San Francisco, 35056, US	US
S1_TRAIN_001181	Western Digital Systems 659 Limited	763 Harbor Drive, Vancouver, 19463, CA	CA
S1_TRAIN_001182	Jade Palace Dining 4531 Ltd.	3444 Main St, Glasgow, 24519, GB	GB
S1_TRAIN_001183	Paladin Risk Management 5327 Ltd.	8502 King Street, Singapore, 99170, SG	SG
S1_TRAIN_001184	Veritas Legal Services 3978 SA	7168 Oxford Street, Toulouse, 16413, FR	FR
S1_TRAIN_001185	Riverstone Capital 2599 Corp.	7517 Harbor Drive, New York, 78718, US	US
S1_TRAIN_001186	BlueSky Technologies 7754 Kabushiki Kaisha	7446 Elm Street, Tokyo, 55592, JP	JP
S1_TRAIN_001187	Sapphire Healthcare 3614 SNC	3841 Main St, Lyon, 94570, FR	FR
S1_TRAIN_001188	SoundWave Media 4175 LLP	8463 King Street, Birmingham, 50660, GB	GB
S1_TRAIN_001189	Supreme Logistics 1756 ULC	4003 Oxford Street, Montreal, 97614, CA	CA
S1_TRAIN_001190	Sterling Bank & Trust 6877 B.V.	7882 Main St, Utrecht, 35351, NL	NL
S1_TRAIN_001191	Navitas Clean Energy 6961 NL	3269 Elm Street, Brisbane, 92424, AU	AU
S1_TRAIN_001192	Oceanic Seafoods 5848 SARL	5463 Church St, Lyon, 74638, FR	FR
S1_TRAIN_001193	CloudScale Systems 3359 SNC	1190 Church St, Toulouse, 23449, FR	FR
S1_TRAIN_001194	Meridian Wealth 9645 SAS	5584 Park Avenue, Lyon, 41025, FR	FR
S1_TRAIN_001195	Liberty Title Agency 9803 G.K.	7799 High Street, Osaka, 46317, JP	JP
S1_TRAIN_001196	Waveform Acoustic 105 SAS	5419 George Street, Lyon, 23119, FR	FR
S1_TRAIN_001197	Renaissance Arts 9115 Limited	1598 Harbor Drive, Bengaluru, 92209, IN	IN
S1_TRAIN_001198	Maven Data Science 3155 LLP	3838 Industrial Boulevard, Kolkata, 15925, IN	IN
S1_TRAIN_001199	Ironclad Construction 3239 Ltd.	1004 Friedrichstrasse, New Delhi, 96725, IN	IN
S1_TRAIN_001200	Monarch Aerospace 7075 Ltd.	2607 Park Avenue, Pune, 72092, IN	IN
S1_TRAIN_001201	Paramount Construction 576 K.K.	6888 King Street, Osaka, 24224, JP	JP
S1_TRAIN_001202	Summit Mountain Gear 8698 B.V.	2579 Friedrichstrasse, Utrecht, 87892, NL	NL
S1_TRAIN_001203	Pathfinder Robotics 8773 SAS	1890 Elm Street, Paris, 26617, FR	FR
S1_TRAIN_001204	Vanguard Asset Management 9514 Private Limited	2946 Orchard Road, Bengaluru, 80651, IN	IN
S1_TRAIN_001205	Emerald City Foods 4255 Pty Ltd	2232 Church St, Brisbane, 33371, AU	AU
S1_TRAIN_001206	Golden Gate Trading 7248 PLC	8958 Harbor Drive, Leeds, 20506, GB	GB
S1_TRAIN_001207	Beacon Health 448 LLP	5284 Park Avenue, New York, 31616, US	US
S1_TRAIN_001208	CoreLogic Solutions 9911 Co.	5126 Commercial Road, Austin, 59682, US	US
S1_TRAIN_001209	Silicon Valley Micro 4750 Proprietary Limited	1394 Industrial Boulevard, Brisbane, 81535, AU	AU
S1_TRAIN_001210	Helix BioSciences 4735 Kabushiki Kaisha	5147 High Street, Yokohama, 59734, JP	JP
S1_TRAIN_001211	Radiant Energy 7657 Co.	801 Maple Ave, New York, 10366, US	US
S1_TRAIN_001212	Solaria Energy Systems 4507 K.K.	6189 Bay Street, Osaka, 83793, JP	JP
S1_TRAIN_001213	Veritas Legal Services 803 GmbH	9451 Industrial Boulevard, Frankfurt, 59194, DE	DE
S1_TRAIN_001214	Treasure Coast Marine 9147 SARL	279 Commercial Road, Bordeaux, 91841, FR	FR
S1_TRAIN_001215	Crestview Holdings 4388 LLC	4143 Bay Street, San Francisco, 79281, US	US
S1_TRAIN_001216	Starlight Entertainment 7761 SARL	3177 Orchard Road, Lyon, 59556, FR	FR
S1_TRAIN_001217	Waveform Acoustic 6555 N.V.	2800 Harbor Drive, Utrecht, 78383, NL	NL
S1_TRAIN_001218	White Cloud Technologies 8657 Pte. Ltd.	5073 Broadway, Singapore, 43010, SG	SG
S1_TRAIN_001219	Guardian Asset Management 5812 AG	3058 High Street, Frankfurt, 62858, DE	DE
S1_TRAIN_001220	EcoSphere Solutions 7698 Pte. Ltd.	4585 George Street, Singapore, 48089, SG	SG
S1_TRAIN_001221	Gateway Telecom 7630 N.V.	5570 King Street, Amsterdam, 14920, NL	NL
S1_TRAIN_001222	Taylor & Associates 5163 Ltd.	3636 Harbor Drive, Leeds, 28535, GB	GB
S1_TRAIN_001223	Western Digital Systems 9829 SAS	2028 Friedrichstrasse, Bordeaux, 81352, FR	FR
S1_TRAIN_001224	Nimble Supply Chain 3699 LLP	1259 High Street, Atlanta, 20992, US	US
S1_TRAIN_001225	Riverstone Capital 8204 Pte. Ltd.	3029 Main St, Singapore, 37355, SG	SG
S1_TRAIN_001226	Windward Nautical 4648 B.V.	6808 Harbor Drive, Amsterdam, 10402, NL	NL
S1_TRAIN_001227	Titan Heavy Machinery 1162 Ltd.	9422 Orchard Road, Edinburgh, 47596, GB	GB
S1_TRAIN_001228	Genesis Industrial 6673 ULC	2584 Harbor Drive, Vancouver, 38257, CA	CA
S1_TRAIN_001229	Emerald City Foods 4181 Corporation	8515 Market Street, Seattle, 80268, US	US
S1_TRAIN_001230	Enclave Networks 1909 Enterprises	691 Main St, Hyderabad, 35288, IN	IN
S1_TRAIN_001231	Helix BioSciences 3582 Proprietary Limited	853 Commercial Road, Brisbane, 66333, AU	AU
S1_TRAIN_001232	Southland Agriculture 4322 Pty Ltd	3967 Broadway, Sydney, 49846, AU	AU
S1_TRAIN_001233	Paramount Construction 2034 Co.	6072 King Street, San Francisco, 69183, US	US
S1_TRAIN_001234	BrightPath Financial 7424 NL	6601 Industrial Boulevard, Adelaide, 88361, AU	AU
S1_TRAIN_001235	Resolute Mining 1469 G.K.	8770 Market Street, Nagoya, 57996, JP	JP
S1_TRAIN_001236	Sigma BioPharma 5073 B.V.	3120 Industrial Boulevard, Rotterdam, 24202, NL	NL
S1_TRAIN_001237	CoreLogic Solutions 6682 N.V.	7750 Church St, Amsterdam, 30316, NL	NL
S1_TRAIN_001238	Jade Palace Dining 5071 Kabushiki Kaisha	9941 Orchard Road, Osaka, 38887, JP	JP
S1_TRAIN_001239	Acme Global 5648 LLP	9278 Market Street, Singapore, 89954, SG	SG
S1_TRAIN_001240	Orbit Satellite Services 8922 Enterprises	4359 King Street, Hyderabad, 22254, IN	IN
S1_TRAIN_001241	Jade Palace Dining 245 G.K.	1610 George Street, Fukuoka, 98081, JP	JP
S1_TRAIN_001242	Infinity Robotics 4376 Ltd.	9628 Brigade Road, Singapore, 50729, SG	SG
S1_TRAIN_001243	Vertex Engineering 8420 Pte. Ltd.	1026 Bay Street, Singapore, 17228, SG	SG
S1_TRAIN_001244	Catalyst Innovation 786 PLC	918 Orchard Road, Leeds, 90224, GB	GB
S1_TRAIN_001245	Turbine Power Systems 9938 LLP	5266 Harbor Drive, Edinburgh, 17120, GB	GB
S1_TRAIN_001246	TrueNorth Consulting 2354 LLC	4585 Brigade Road, Boston, 45405, US	US
S1_TRAIN_001247	Prism Optical 2131 B.V.	319 Commercial Road, Rotterdam, 82805, NL	NL
S1_TRAIN_001248	Luminary Lighting 373 Private Limited	3200 Park Avenue, Singapore, 36009, SG	SG
S1_TRAIN_001249	Integrity Consulting 5649 LLP	8925 Friedrichstrasse, Singapore, 20374, SG	SG
S1_TRAIN_001250	Harbor Light Logistics 1666 Ltd.	8 Industrial Boulevard, Glasgow, 59785, GB	GB
S1_TRAIN_001251	Rockwell Automation Systems 8123 K.K.	6161 Commercial Road, Yokohama, 25894, JP	JP
S1_TRAIN_001252	Talon Security 5293 LLC	4818 Bay Street, Austin, 76881, US	US
S1_TRAIN_001253	Sierra Nevada Brewing 8412 LLP	230 Park Avenue, Mumbai, 31165, IN	IN
S1_TRAIN_001254	Sentient AI Systems 9651 G.K.	3169 Broadway, Osaka, 44222, JP	JP
S1_TRAIN_001255	Standard Petroleum 3982 PLC	2904 Orchard Road, Edinburgh, 81239, GB	GB
S1_TRAIN_001256	Taylor & Associates 8923 LLP	1950 King Street, Singapore, 69450, SG	SG
S1_TRAIN_001257	Pacific Rim Trading 37 Private Limited	2801 Park Avenue, Singapore, 33651, SG	SG
S1_TRAIN_001258	BlueSky Technologies 5490 G.K.	4341 Broadway, Fukuoka, 63075, JP	JP
S1_TRAIN_001259	Delta Wave Electronics 8567 Limited	2274 Elm Street, Bengaluru, 52911, IN	IN
S1_TRAIN_001260	Quest Diagnostics Global 9978 K.K.	265 Church St, Nagoya, 30753, JP	JP
S1_TRAIN_001261	Voyager Travel Group 4109 G.K.	2130 Washington Blvd, Nagoya, 49077, JP	JP
S1_TRAIN_001262	Renaissance Arts 8941 Kabushiki Kaisha	7232 High Street, Fukuoka, 22014, JP	JP
S1_TRAIN_001263	White Cloud Technologies 7560 SARL	8069 Church St, Bordeaux, 60393, FR	FR
S1_TRAIN_001264	Serenity Living 626 Kabushiki Kaisha	8592 King Street, Nagoya, 10085, JP	JP
S1_TRAIN_001265	Cedar Point Energy 5905 LLP	5438 Harbor Drive, Singapore, 99864, SG	SG
S1_TRAIN_001266	Zion Natural Foods 5614 UG	2991 Oxford Street, Frankfurt, 78627, DE	DE
S1_TRAIN_001267	Gateway Telecom 8728 B.V.	3641 Bay Street, Utrecht, 35502, NL	NL
S1_TRAIN_001268	White Cloud Technologies 7919 Private Limited	2748 Bay Street, New Delhi, 85424, IN	IN
S1_TRAIN_001269	Vista Window Systems 6063 LLP	1741 Orchard Road, Manchester, 83391, GB	GB
S1_TRAIN_001270	NorthStar Financial 257 B.V.	4708 Rue de Rivoli, Utrecht, 44302, NL	NL
S1_TRAIN_001271	Navitas Clean Energy 1966 G.K.	1855 Park Avenue, Yokohama, 73074, JP	JP
S1_TRAIN_001272	Elevate Digital 5968 Ltée	1446 Queen Street, Calgary, 52630, CA	CA
S1_TRAIN_001273	Pacific Rim Trading 3514 Private Limited	8594 Harbor Drive, Singapore, 22763, SG	SG
S1_TRAIN_001274	Evergreen Forestry 4645 LLP	2906 Commercial Road, London, 69851, GB	GB
S1_TRAIN_001275	WorldBridge Express 2157 SARL	5915 Oxford Street, Paris, 27009, FR	FR
S1_TRAIN_001276	ProActive Safety 957 UG	6808 Orchard Road, Stuttgart, 68953, DE	DE
S1_TRAIN_001277	Meridian Wealth 8870 GmbH & Co. KG	5960 George Street, Stuttgart, 51592, DE	DE
S1_TRAIN_001278	Fusion Power Dynamics 4990 B.V.	7015 Park Avenue, Amsterdam, 53554, NL	NL
S1_TRAIN_001279	Apex Logistics 646 Inc.	6104 Queen Street, Austin, 93776, US	US
S1_TRAIN_001280	First Horizon Banking 5341 GmbH & Co. KG	92 MG Road, Berlin, 52464, DE	DE
S1_TRAIN_001281	Nautilus Oceanic 4660 G.K.	6277 Maple Ave, Yokohama, 60570, JP	JP
S1_TRAIN_001282	Reliant Power Systems 7227 Ltd	105 Market Street, Perth, 27004, AU	AU
S1_TRAIN_001283	Jade Palace Dining 2833 K.K.	2191 Harbor Drive, Tokyo, 34959, JP	JP
S1_TRAIN_001284	TopTier Athletics 2347 Corporation	1518 Maple Ave, Seattle, 17731, US	US
S1_TRAIN_001285	Harbor Light Logistics 7728 Private Limited	7472 King Street, Singapore, 33192, SG	SG
S1_TRAIN_001286	Centurion Security 5332 LLP	8372 Park Avenue, Chennai, 97789, IN	IN
S1_TRAIN_001287	Fleetwood Engineering 7681 Ltd.	3524 Friedrichstrasse, Bengaluru, 35994, IN	IN
S1_TRAIN_001288	NorthStar Financial 2979 Private Limited	9288 Elm Street, Mumbai, 90584, IN	IN
S1_TRAIN_001289	Unified Communications 4968 Corp.	2358 Church St, Ottawa, 40992, CA	CA
S1_TRAIN_001290	Standard Petroleum 3330 GmbH	4371 Queen Street, Stuttgart, 64771, DE	DE
S1_TRAIN_001291	Polaris Navigation 4749 Ltée	5450 Elm Street, Toronto, 44214, CA	CA
S1_TRAIN_001292	Titan Heavy Machinery 9540 SNC	9356 Industrial Boulevard, Paris, 32849, FR	FR
S1_TRAIN_001293	CoreLogic Solutions 5425 Inc.	8635 Friedrichstrasse, Ottawa, 75234, CA	CA
S1_TRAIN_001294	Solaria Energy Systems 3982 Enterprises	1615 Main St, Mumbai, 27657, IN	IN
S1_TRAIN_001295	Cinnabar Creative 729 NL	9939 Rue de Rivoli, Adelaide, 99917, AU	AU
S1_TRAIN_001296	Paramount Construction 8427 GmbH	8766 Brigade Road, Munich, 61687, DE	DE
S1_TRAIN_001297	Pioneer Drilling 1344 N.V.	7541 Broadway, Utrecht, 18704, NL	NL
S1_TRAIN_001298	United Parcel Express 9457 LLP	9616 Harbor Drive, Kolkata, 55645, IN	IN
S1_TRAIN_001299	Nautilus Oceanic 3258 SAS	8379 Washington Blvd, Marseille, 35277, FR	FR
S1_TRAIN_001300	Vista Window Systems 9724 SNC	1887 Maple Ave, Paris, 29029, FR	FR
S1_TRAIN_001301	Grandview Real Estate 2487 LLP	1935 Industrial Boulevard, Manchester, 70338, GB	GB
S1_TRAIN_001302	First Horizon Banking 1847 Pte. Ltd.	2122 Broadway, Singapore, 33685, SG	SG
S1_TRAIN_001303	White Cloud Technologies 523 SNC	5619 Harbor Drive, Lyon, 96732, FR	FR
S1_TRAIN_001304	Metro Urban Transit 2886 LLP	373 Queen Street, London, 83188, GB	GB
S1_TRAIN_001305	Gateway Telecom 2460 B.V.	2111 Bay Street, Utrecht, 12243, NL	NL
S1_TRAIN_001306	Velocity Motors 21 ULC	5657 Maple Ave, Ottawa, 26803, CA	CA
S1_TRAIN_001307	Pulse Digital Marketing 5883 Kabushiki Kaisha	6008 Church St, Nagoya, 60773, JP	JP
S1_TRAIN_001308	Saturn Heavy Industries 882 Private Limited	2654 Commercial Road, Singapore, 72824, SG	SG
S1_TRAIN_001309	Quest Diagnostics Global 6983 B.V.	3739 George Street, Amsterdam, 27037, NL	NL
S1_TRAIN_001310	Turbine Power Systems 125 Inc.	4092 High Street, Montreal, 17687, CA	CA
S1_TRAIN_001311	Overland Express 6645 SNC	7397 Washington Blvd, Bordeaux, 58308, FR	FR
S1_TRAIN_001312	Liberty Title Agency 7858 Ltd.	7566 Oxford Street, Manchester, 66909, GB	GB
S1_TRAIN_001313	Summit Mountain Gear 974 Limited	2010 Orchard Road, Edinburgh, 15076, GB	GB
S1_TRAIN_001314	Xcel Precision Tools 6760 Kabushiki Kaisha	7362 Broadway, Osaka, 62250, JP	JP
S1_TRAIN_001315	Golden Gate Trading 9712 LLC	997 Station Road, San Francisco, 70746, US	US
S1_TRAIN_001316	Clearwater Analytics 6695 SARL	883 Brigade Road, Paris, 70548, FR	FR
S1_TRAIN_001317	Maven Data Science 8062 Proprietary Limited	2867 Bay Street, Melbourne, 24969, AU	AU
S1_TRAIN_001318	Sunrise Bakery 7129 Pvt Ltd	8653 Church St, New Delhi, 98652, IN	IN
S1_TRAIN_001319	Insightful Analytics 3283 N.V.	7201 Industrial Boulevard, The Hague, 43321, NL	NL
S1_TRAIN_001320	Centurion Security 944 Ltd	6973 George Street, Perth, 23129, AU	AU
S1_TRAIN_001321	Whispering Pines Resort 9223 Pty Ltd	5162 Main St, Adelaide, 42675, AU	AU
S1_TRAIN_001322	Taylor & Associates 4877 N.V.	9931 Bay Street, The Hague, 79361, NL	NL
S1_TRAIN_001323	Peak Performance Fitness 9880 K.K.	6732 Broadway, Nagoya, 60070, JP	JP
S1_TRAIN_001324	Seaside Seafood Co 4697 Inc.	9356 Rue de Rivoli, Dallas, 44887, US	US
S1_TRAIN_001325	Skyline Real Estate 9683 N.V.	9314 Elm Street, Utrecht, 24934, NL	NL
S1_TRAIN_001326	Rockwell Automation Systems 836 K.K.	2811 Church St, Fukuoka, 23853, JP	JP
S1_TRAIN_001327	Enclave Networks 8942 Co. Ltd.	9365 Commercial Road, Manchester, 77234, GB	GB
S1_TRAIN_001328	Cascade Capital 8807 K.K.	8327 Queen Street, Yokohama, 14002, JP	JP
S1_TRAIN_001329	Silicon Valley Micro 6125 SAS	2828 Church St, Paris, 18089, FR	FR
S1_TRAIN_001330	Iconic Architecture 6231 B.V.	9760 Queen Street, Amsterdam, 62852, NL	NL
S1_TRAIN_001331	Silicon Valley Micro 2465 SAS	7818 Elm Street, Toulouse, 97108, FR	FR
S1_TRAIN_001332	Talon Security 6939 Co. Ltd.	722 George Street, Birmingham, 74796, GB	GB
S1_TRAIN_001333	Summit Mountain Gear 3673 UG	1754 Commercial Road, Hamburg, 70324, DE	DE
S1_TRAIN_001334	Unified Communications 741 N.V.	4638 Victoria Road, The Hague, 89930, NL	NL
S1_TRAIN_001335	Renaissance Arts 8384 Proprietary Limited	7274 Park Avenue, Melbourne, 11522, AU	AU
S1_TRAIN_001336	Prime Auto Group 4510 G.K.	6 Market Street, Yokohama, 75867, JP	JP
S1_TRAIN_001337	Titan Heavy Machinery 9434 PLC	1039 Main St, Leeds, 21689, GB	GB
S1_TRAIN_001338	Falcon Heavy Transport 9610 Corp.	9826 King Street, Montreal, 93898, CA	CA
S1_TRAIN_001339	Summit Mountain Gear 8373 PLC	360 Station Road, Leeds, 31702, GB	GB
S1_TRAIN_001340	ProActive Safety 6588 Co. Ltd.	7934 Harbor Drive, Leeds, 18563, GB	GB
S1_TRAIN_001341	Linear Motion Control 9742 G.K.	686 Church St, Yokohama, 81657, JP	JP
S1_TRAIN_001342	TriState Utilities 3027 Private Limited	8945 Oxford Street, Singapore, 65336, SG	SG
S1_TRAIN_001343	Cobalt Media Group 1813 Limited	9816 Market Street, Glasgow, 99066, GB	GB
S1_TRAIN_001344	Vista Window Systems 7828 GmbH & Co. KG	6251 Victoria Road, Munich, 15831, DE	DE
S1_TRAIN_001345	Sanctuary Spa Group 1288 LLP	9765 Brigade Road, Singapore, 80492, SG	SG
S1_TRAIN_001346	Linear Motion Control 5369 GmbH	6210 High Street, Stuttgart, 73636, DE	DE
S1_TRAIN_001347	Threshold Interactive 9379 Ltd	8690 Queen Street, Melbourne, 86069, AU	AU
S1_TRAIN_001348	Modern Precision 6166 LLP	9122 Harbor Drive, Singapore, 90398, SG	SG
S1_TRAIN_001349	Nebula Cloud Hosting 5157 Pte. Ltd.	7260 Rue de Rivoli, Singapore, 54553, SG	SG
S1_TRAIN_001350	Silicon Valley Micro 9972 Corp.	3974 Market Street, Atlanta, 58434, US	US
S1_TRAIN_001351	Evergreen Forestry 6497 GmbH	5686 Maple Ave, Stuttgart, 40002, DE	DE
S1_TRAIN_001352	Victory Marine 6972 Private Limited	1941 Industrial Boulevard, Kolkata, 32925, IN	IN
S1_TRAIN_001353	Sanctuary Spa Group 5090 Pte. Ltd.	1104 Station Road, Singapore, 61136, SG	SG
S1_TRAIN_001354	Heritage Distilling 4603 Co. Ltd.	8248 Commercial Road, London, 42925, GB	GB
S1_TRAIN_001355	Serenity Living 9156 Limited	2833 Park Avenue, Mumbai, 85738, IN	IN
S1_TRAIN_001356	Whispering Pines Resort 6694 Proprietary Limited	6964 Washington Blvd, Melbourne, 19979, AU	AU
S1_TRAIN_001357	Waveform Acoustic 9646 Private Limited	9079 Friedrichstrasse, Singapore, 55921, SG	SG
S1_TRAIN_001358	Kodiak Tactical 8249 GmbH	4397 Commercial Road, Frankfurt, 16179, DE	DE
S1_TRAIN_001359	Dynamo Retail 1826 Enterprises	7332 Market Street, Mumbai, 47416, IN	IN
S1_TRAIN_001360	EcoSphere Solutions 7386 SA	3980 MG Road, Toulouse, 97097, FR	FR
S1_TRAIN_001361	Summit Mountain Gear 8830 Pte. Ltd.	7779 Park Avenue, Singapore, 56351, SG	SG
S1_TRAIN_001362	Infinity Robotics 544 Private Limited	8935 Station Road, Singapore, 75934, SG	SG
S1_TRAIN_001363	Cinnabar Creative 1702 Kabushiki Kaisha	6494 Victoria Road, Tokyo, 67742, JP	JP
S1_TRAIN_001364	Lighthouse Hospitality 4168 AG	7005 Oxford Street, Frankfurt, 17010, DE	DE
S1_TRAIN_001365	Vanguard Asset Management 5252 Limited	2410 Broadway, Ottawa, 80337, CA	CA
S1_TRAIN_001366	New Horizon Health 7885 N.V.	1715 Rue de Rivoli, Rotterdam, 45945, NL	NL
S1_TRAIN_001367	Peak Performance Fitness 4140 LLP	3338 Market Street, New Delhi, 82973, IN	IN
S1_TRAIN_001368	Falcon Heavy Transport 9007 SARL	2575 Bay Street, Paris, 84262, FR	FR
S1_TRAIN_001369	Acme Global 267 LLP	6324 Orchard Road, Bristol, 70464, GB	GB
S1_TRAIN_001370	Viking Freight 7879 Ltd.	8975 Main St, Singapore, 20959, SG	SG
S1_TRAIN_001371	Pinnacle Pharmaceuticals 1523 Ltd	3855 Harbor Drive, Sydney, 82487, AU	AU
S1_TRAIN_001372	Viking Freight 1601 LLP	277 MG Road, New York, 69905, US	US
S1_TRAIN_001373	Peak Performance Fitness 7169 LLP	755 Main St, Birmingham, 67135, GB	GB
S1_TRAIN_001374	Keystone Civil Works 4624 Corporation	5308 Church St, Dallas, 23182, US	US
S1_TRAIN_001375	Sunlight Solar Power 3190 Private Limited	3315 Church St, Singapore, 48561, SG	SG
S1_TRAIN_001376	Spectra Chemical 3836 G.K.	9101 Church St, Fukuoka, 78162, JP	JP
S1_TRAIN_001377	Treasure Coast Marine 1191 AG	9689 Commercial Road, Berlin, 66197, DE	DE
S1_TRAIN_001378	Elevate Digital 2175 Private Limited	8553 Friedrichstrasse, Singapore, 85669, SG	SG
S1_TRAIN_001379	Synergy Pharmaceuticals 6039 Limited	5919 Friedrichstrasse, Bengaluru, 53989, IN	IN
S1_TRAIN_001380	Genesis Industrial 8000 Pty Ltd	3030 Maple Ave, Perth, 19781, AU	AU
S1_TRAIN_001381	Genesis Industrial 7140 NL	2309 Industrial Boulevard, Melbourne, 89057, AU	AU
S1_TRAIN_001382	Luminary Lighting 6004 Ltd	9070 Broadway, Melbourne, 55431, AU	AU
S1_TRAIN_001383	Synthesis Data Labs 2319 LLP	8142 Commercial Road, Kolkata, 10007, IN	IN
S1_TRAIN_001384	Olympus Chemical 6718 Proprietary Limited	2813 Friedrichstrasse, Sydney, 37691, AU	AU
S1_TRAIN_001385	White Cloud Technologies 4588 Co.	7955 Park Avenue, New York, 78179, US	US
S1_TRAIN_001386	Paramount Construction 103 SAS	5758 High Street, Paris, 83722, FR	FR
S1_TRAIN_001387	Synthesis Data Labs 6092 LLC	1790 Friedrichstrasse, Austin, 96106, US	US
S1_TRAIN_001388	Radius Geospatial 873 N.V.	719 MG Road, Rotterdam, 14302, NL	NL
S1_TRAIN_001389	Quest Diagnostics Global 9727 GmbH	7928 Main St, Berlin, 43610, DE	DE
S1_TRAIN_001390	Rockwell Automation Systems 6770 N.V.	5647 George Street, Rotterdam, 27236, NL	NL
S1_TRAIN_001391	Skyline Real Estate 2315 SARL	8822 Queen Street, Lyon, 20832, FR	FR
S1_TRAIN_001392	Ivy League Education 5898 SARL	3965 Orchard Road, Marseille, 54223, FR	FR
S1_TRAIN_001393	Zephyr Clean Energy 7034 SA	8978 Elm Street, Lyon, 38708, FR	FR
S1_TRAIN_001394	Turbine Power Systems 4882 Ltd.	778 Church St, Singapore, 53364, SG	SG
S1_TRAIN_001395	Redwood Software 4534 Corp.	7357 Commercial Road, Atlanta, 91248, US	US
S1_TRAIN_001396	Beacon Health 9734 Corporation	1756 Station Road, Boston, 15571, US	US
S1_TRAIN_001397	EcoSphere Solutions 1641 SAS	1553 Bay Street, Bordeaux, 88777, FR	FR
S1_TRAIN_001398	Modern Precision 7294 Pte. Ltd.	2903 King Street, Singapore, 32045, SG	SG
S1_TRAIN_001399	Magnolia Hospitality 1363 Ltd.	2216 Park Avenue, Bengaluru, 33886, IN	IN
S1_TRAIN_001400	Nexus Telecom 1819 GmbH & Co. KG	3000 Harbor Drive, Munich, 55485, DE	DE
S1_TRAIN_001401	Serenity Living 1637 SAS	7598 Market Street, Lyon, 87982, FR	FR
S1_TRAIN_001402	Jade Palace Dining 4982 LLC	9486 Victoria Road, Chicago, 25534, US	US
S1_TRAIN_001403	Metro Urban Transit 1056 PLC	1537 Queen Street, Glasgow, 39016, GB	GB
S1_TRAIN_001404	CloudScale Systems 5921 LLP	972 High Street, Singapore, 63419, SG	SG
S1_TRAIN_001405	Starlight Entertainment 964 PLC	7197 Bay Street, Glasgow, 72586, GB	GB
S1_TRAIN_001406	Waveform Acoustic 3959 SARL	2054 Oxford Street, Bordeaux, 38548, FR	FR
S1_TRAIN_001407	Rigel Marine Services 6177 Private Limited	132 Station Road, New Delhi, 38569, IN	IN
S1_TRAIN_001408	Galaxy Softworks 6409 Pvt Ltd	7527 Broadway, New Delhi, 80416, IN	IN
S1_TRAIN_001409	Crestview Holdings 3061 N.V.	3627 Brigade Road, Rotterdam, 50332, NL	NL
S1_TRAIN_001410	Standard Petroleum 9106 Pte. Ltd.	229 Brigade Road, Singapore, 29853, SG	SG
S1_TRAIN_001411	Polaris Navigation 7276 Ltée	107 Maple Ave, Vancouver, 46908, CA	CA
S1_TRAIN_001412	Nebula Cloud Hosting 2745 Private Limited	3937 Brigade Road, Singapore, 64929, SG	SG
S1_TRAIN_001413	Voyager Travel Group 9763 Enterprises	1877 Friedrichstrasse, Bengaluru, 21905, IN	IN
S1_TRAIN_001414	Wayfarer Outdoors 2757 PLC	2801 Maple Ave, Bristol, 18850, GB	GB
S1_TRAIN_001415	Windward Nautical 9643 AG	7599 Harbor Drive, Stuttgart, 71662, DE	DE
S1_TRAIN_001416	Wayfarer Outdoors 9894 Corp.	6152 Church St, Toronto, 89777, CA	CA
S1_TRAIN_001417	Nebula Cloud Hosting 876 Limited	2755 Market Street, Glasgow, 72491, GB	GB
S1_TRAIN_001418	Heritage Distilling 9031 Corp.	8793 Queen Street, Ottawa, 26706, CA	CA
S1_TRAIN_001419	GreenLeaf Organics 970 Ltd	4567 Oxford Street, Sydney, 73868, AU	AU
S1_TRAIN_001420	Overland Express 9459 B.V.	168 Victoria Road, Rotterdam, 98228, NL	NL
S1_TRAIN_001421	Grandview Real Estate 3589 Pvt Ltd	7192 Victoria Road, Mumbai, 75277, IN	IN
S1_TRAIN_001422	ProActive Safety 5497 LLC	6486 Oxford Street, Atlanta, 35826, US	US
S1_TRAIN_001423	Tandem Software 1573 B.V.	1164 Market Street, Rotterdam, 99625, NL	NL
S1_TRAIN_001424	Monarch Aerospace 6196 B.V.	9537 Industrial Boulevard, Amsterdam, 79584, NL	NL
S1_TRAIN_001425	Cedar Point Energy 4320 Limited	1096 Oxford Street, Ottawa, 91276, CA	CA
S1_TRAIN_001426	BlueSky Technologies 8210 LLP	9129 Bay Street, Boston, 58309, US	US
S1_TRAIN_001427	Clearwater Analytics 6278 ULC	1379 Market Street, Calgary, 84754, CA	CA
S1_TRAIN_001428	Cinnabar Creative 7225 Private Limited	5017 MG Road, Singapore, 89253, SG	SG
S1_TRAIN_001429	Fleetwood Engineering 1450 Proprietary Limited	3547 Oxford Street, Melbourne, 63862, AU	AU
S1_TRAIN_001430	Xcel Precision Tools 8078 B.V.	6678 Harbor Drive, Amsterdam, 29335, NL	NL
S1_TRAIN_001431	Lantern Publishing 2196 Pty Ltd	5991 Industrial Boulevard, Perth, 97387, AU	AU
S1_TRAIN_001432	Volt Electrical Services 3947 Co. Ltd.	5994 Victoria Road, London, 97616, GB	GB
S1_TRAIN_001433	Windward Nautical 6397 N.V.	5421 Rue de Rivoli, Utrecht, 69445, NL	NL
S1_TRAIN_001434	Ultratech Industrial 5497 ULC	7154 Brigade Road, Montreal, 58590, CA	CA
S1_TRAIN_001435	Sigma BioPharma 6264 Ltd.	4594 MG Road, Leeds, 26577, GB	GB
S1_TRAIN_001436	MicroTech Semiconductor 6062 Corp.	5441 Elm Street, New York, 91045, US	US
S1_TRAIN_001437	Paramount Construction 9433 Pte. Ltd.	7319 Queen Street, Singapore, 33818, SG	SG
S1_TRAIN_001438	MicroTech Semiconductor 863 Proprietary Limited	3202 Elm Street, Adelaide, 42481, AU	AU
S1_TRAIN_001439	Visionary Healthcare 297 Inc.	8698 Rue de Rivoli, San Francisco, 56696, US	US
S1_TRAIN_001440	Fleetwood Engineering 1301 GmbH & Co. KG	1514 Friedrichstrasse, Stuttgart, 83004, DE	DE
S1_TRAIN_001441	Heritage Distilling 7094 G.K.	4376 Oxford Street, Fukuoka, 99165, JP	JP
S1_TRAIN_001442	Voyager Travel Group 8668 LLP	2419 Harbor Drive, Singapore, 39171, SG	SG
S1_TRAIN_001443	Falcon Heavy Transport 4566 LLP	5851 Washington Blvd, New York, 29988, US	US
S1_TRAIN_001444	CloudScale Systems 596 LLC	2920 Rue de Rivoli, Austin, 26780, US	US
S1_TRAIN_001445	Synergy Pharmaceuticals 2023 Corp.	1423 Orchard Road, Calgary, 74798, CA	CA
S1_TRAIN_001446	Wildcat Oil Exploration 7941 Ltée	6120 Market Street, Montreal, 90657, CA	CA
S1_TRAIN_001447	Redwood Software 3717 B.V.	9886 Orchard Road, Rotterdam, 89681, NL	NL
S1_TRAIN_001448	Pacific Rim Trading 7761 Limited	2117 Brigade Road, Montreal, 39705, CA	CA
S1_TRAIN_001449	Sterling Bank & Trust 7523 LLP	9948 Bay Street, Austin, 75252, US	US
S1_TRAIN_001450	Sterling Bank & Trust 3642 Kabushiki Kaisha	2997 Washington Blvd, Yokohama, 21749, JP	JP
S1_TRAIN_001451	Luminary Lighting 2147 Private Limited	2503 MG Road, Mumbai, 28564, IN	IN
S1_TRAIN_001452	Vista Window Systems 3017 Ltd.	6636 Commercial Road, Pune, 17492, IN	IN
S1_TRAIN_001453	Trident Subsea Works 5531 Corp.	808 Washington Blvd, Montreal, 61067, CA	CA
S1_TRAIN_001454	Sentient AI Systems 4519 PLC	104 Brigade Road, Edinburgh, 73644, GB	GB
S1_TRAIN_001455	Grandview Real Estate 223 Ltd.	2860 Bay Street, Manchester, 62598, GB	GB
S1_TRAIN_001456	Pacific Rim Trading 6327 Ltd.	4536 Harbor Drive, Birmingham, 72409, GB	GB
S1_TRAIN_001457	Paladin Risk Management 1417 Ltd.	1270 Park Avenue, Singapore, 84216, SG	SG
S1_TRAIN_001458	Ivy League Education 9682 AG	8138 Church St, Hamburg, 56891, DE	DE
S1_TRAIN_001459	Acme Global 2247 Co.	7121 Industrial Boulevard, Seattle, 30748, US	US
S1_TRAIN_001460	TriState Utilities 8129 PLC	1472 Harbor Drive, Manchester, 29617, GB	GB
S1_TRAIN_001461	Integrity Consulting 9365 ULC	6612 Maple Ave, Calgary, 70654, CA	CA
S1_TRAIN_001462	Sentient AI Systems 7928 Limited	3038 Maple Ave, Toronto, 27282, CA	CA
S1_TRAIN_001463	Laguna Marine 3408 B.V.	1889 MG Road, Utrecht, 88986, NL	NL
S1_TRAIN_001464	Wildcat Oil Exploration 9474 GmbH	2043 Brigade Road, Munich, 28970, DE	DE
S1_TRAIN_001465	Taylor & Associates 1135 GmbH & Co. KG	7968 Commercial Road, Berlin, 59563, DE	DE
S1_TRAIN_001466	Precision Machining 4879 B.V.	7376 Elm Street, The Hague, 50568, NL	NL
S1_TRAIN_001467	Nova Medical Devices 542 Co.	5784 Brigade Road, Atlanta, 51252, US	US
S1_TRAIN_001468	Riverstone Capital 7232 PLC	9265 Washington Blvd, London, 95206, GB	GB
S1_TRAIN_001469	Waveform Acoustic 6229 ULC	812 MG Road, Montreal, 58622, CA	CA
S1_TRAIN_001470	Riverstone Capital 6776 Ltée	3847 Queen Street, Calgary, 20271, CA	CA
S1_TRAIN_001471	OnPoint Diagnostics 4616 Ltd.	4892 Brigade Road, Singapore, 53307, SG	SG
S1_TRAIN_001472	Navitas Clean Energy 1988 Ltd.	3973 Maple Ave, Singapore, 43879, SG	SG
S1_TRAIN_001473	Viking Freight 9198 Pvt Ltd	783 Brigade Road, Mumbai, 87767, IN	IN
S1_TRAIN_001474	Synthesis Data Labs 8736 K.K.	1635 Oxford Street, Yokohama, 42660, JP	JP
S1_TRAIN_001475	Beacon Health 9356 SNC	2840 High Street, Lyon, 25092, FR	FR
S1_TRAIN_001476	Oceanic Seafoods 7744 B.V.	611 Market Street, Rotterdam, 42038, NL	NL
S1_TRAIN_001477	Meridian Wealth 9285 Private Limited	1051 Bay Street, Singapore, 29448, SG	SG
S1_TRAIN_001478	Ion Propulsion Labs 7561 UG	8664 Commercial Road, Hamburg, 87975, DE	DE
S1_TRAIN_001479	Tandem Software 5528 SARL	7050 Church St, Paris, 20339, FR	FR
S1_TRAIN_001480	Cobalt Media Group 3354 Proprietary Limited	6675 MG Road, Melbourne, 30653, AU	AU
S1_TRAIN_001481	Legacy Manufacturing 3194 NL	3001 Queen Street, Perth, 44750, AU	AU
S1_TRAIN_001482	ProActive Safety 8265 Ltd.	9047 High Street, Singapore, 95344, SG	SG
S1_TRAIN_001483	Veritas Legal Services 7984 SARL	7632 Park Avenue, Marseille, 44536, FR	FR
S1_TRAIN_001484	Polaris Navigation 5544 Private Limited	2613 Station Road, Hyderabad, 36079, IN	IN
S1_TRAIN_001485	GreenLeaf Organics 3831 Corporation	2203 Main St, Austin, 53278, US	US
S1_TRAIN_001486	Liberty Title Agency 6690 SNC	2013 Park Avenue, Toulouse, 97861, FR	FR
S1_TRAIN_001487	New Horizon Health 4082 LLC	6066 Oxford Street, Austin, 37604, US	US
S1_TRAIN_001488	Helix BioSciences 3782 B.V.	2796 Rue de Rivoli, Utrecht, 40800, NL	NL
S1_TRAIN_001489	Modern Precision 7512 LLP	269 Elm Street, Edinburgh, 21910, GB	GB
S1_TRAIN_001490	White Cloud Technologies 6777 NL	1665 Friedrichstrasse, Adelaide, 72427, AU	AU
S1_TRAIN_001491	Overland Express 8874 Limited	2525 Friedrichstrasse, Ottawa, 98819, CA	CA
S1_TRAIN_001492	Timberline Lumber 658 N.V.	6459 Bay Street, Utrecht, 79963, NL	NL
S1_TRAIN_001493	Dynamo Retail 3053 Ltd.	1409 Park Avenue, Manchester, 16179, GB	GB
S1_TRAIN_001494	Zephyr Clean Energy 820 Ltd.	7942 High Street, Leeds, 48187, GB	GB
S1_TRAIN_001495	Heritage Distilling 9801 AG	1672 Rue de Rivoli, Berlin, 32631, DE	DE
S1_TRAIN_001496	Serenity Living 6354 Proprietary Limited	9136 Brigade Road, Melbourne, 69559, AU	AU
S1_TRAIN_001497	Overland Express 4740 Ltd.	6156 Broadway, Mumbai, 33088, IN	IN
S1_TRAIN_001498	Standard Petroleum 3204 Inc.	4949 Queen Street, Montreal, 68041, CA	CA
S1_TRAIN_001499	Riverstone Capital 341 LLP	6186 Commercial Road, Bengaluru, 76517, IN	IN
S1_TRAIN_001500	Sierra Nevada Brewing 4217 B.V.	6999 Bay Street, Rotterdam, 93186, NL	NL
S1_TRAIN_001501	Timberline Lumber 5187 LLP	3031 Oxford Street, Singapore, 69290, SG	SG
S1_TRAIN_001502	Precision Machining 5723 K.K.	9906 Market Street, Tokyo, 27540, JP	JP
S1_TRAIN_001503	Jade Palace Dining 689 LLP	5175 Station Road, Chennai, 97141, IN	IN
S1_TRAIN_001504	Prime Auto Group 2824 N.V.	2948 King Street, Utrecht, 15602, NL	NL
S1_TRAIN_001505	Oceanic Seafoods 1591 ULC	1753 Harbor Drive, Vancouver, 39233, CA	CA
S1_TRAIN_001506	EcoSphere Solutions 2897 LLP	1250 Industrial Boulevard, Bengaluru, 58773, IN	IN
S1_TRAIN_001507	Radiant Energy 8904 Pte. Ltd.	4882 Bay Street, Singapore, 11105, SG	SG
S1_TRAIN_001508	Victory Marine 16 Corporation	9340 Industrial Boulevard, Atlanta, 75860, US	US
S1_TRAIN_001509	Pioneer Drilling 6582 NL	5093 Harbor Drive, Perth, 25565, AU	AU
S1_TRAIN_001510	Infinity Robotics 2999 Corp.	1048 Victoria Road, Seattle, 15960, US	US
S1_TRAIN_001511	Liberty Title Agency 8715 ULC	7957 Queen Street, Toronto, 76988, CA	CA
S1_TRAIN_001512	TransNational Logistics 4550 B.V.	2636 Washington Blvd, Amsterdam, 77330, NL	NL
S1_TRAIN_001513	Starlight Entertainment 327 LLC	6919 George Street, Chicago, 63716, US	US
S1_TRAIN_001514	Oceanic Seafoods 3169 Kabushiki Kaisha	1579 MG Road, Fukuoka, 10504, JP	JP
S1_TRAIN_001515	Starlight Entertainment 32 AG	2652 Victoria Road, Stuttgart, 64778, DE	DE
S1_TRAIN_001516	Kinetic Sports 2906 G.K.	9985 Orchard Road, Osaka, 60510, JP	JP
S1_TRAIN_001517	First Horizon Banking 8886 Private Limited	7453 Bay Street, Singapore, 23730, SG	SG
S1_TRAIN_001518	GreenLeaf Organics 8288 Pvt. Ltd.	9975 Brigade Road, Mumbai, 29969, IN	IN
S1_TRAIN_001519	CrossRoads Transport 8657 SNC	325 Victoria Road, Marseille, 63223, FR	FR
S1_TRAIN_001520	Ultratech Industrial 8819 K.K.	4365 Washington Blvd, Tokyo, 42422, JP	JP
S1_TRAIN_001521	Optima Insurance 9723 LLP	4898 Church St, Singapore, 55867, SG	SG
S1_TRAIN_001522	Victory Marine 273 LLP	6175 Bay Street, Pune, 58318, IN	IN
S1_TRAIN_001523	Halo Interactive 5627 UG	4471 Maple Ave, Munich, 97970, DE	DE
S1_TRAIN_001524	Cascade Capital 7292 Ltd	6751 Market Street, Perth, 65450, AU	AU
S1_TRAIN_001525	Radius Geospatial 9406 B.V.	354 Rue de Rivoli, The Hague, 83719, NL	NL
S1_TRAIN_001526	Optima Insurance 9355 Proprietary Limited	1234 Oxford Street, Perth, 76723, AU	AU
S1_TRAIN_001527	Precision Machining 9528 G.K.	6240 Broadway, Yokohama, 48399, JP	JP
S1_TRAIN_001528	Unified Communications 8434 Pte. Ltd.	2801 Station Road, Singapore, 25501, SG	SG
S1_TRAIN_001529	Genesis Industrial 7516 Incorporated	4750 Bay Street, Atlanta, 82466, US	US
S1_TRAIN_001530	Clearwater Analytics 5405 SARL	8862 King Street, Marseille, 82229, FR	FR
S1_TRAIN_001531	Sterling Bank & Trust 5696 Ltd.	2448 Main St, Singapore, 68599, SG	SG
S1_TRAIN_001532	Ion Propulsion Labs 284 GmbH & Co. KG	1591 Queen Street, Hamburg, 83132, DE	DE
S1_TRAIN_001533	Compass Point Marine 8236 SNC	1939 Washington Blvd, Paris, 79575, FR	FR
S1_TRAIN_001534	United Parcel Express 573 Corp.	3344 Washington Blvd, San Francisco, 66063, US	US
S1_TRAIN_001535	CloudScale Systems 6446 SNC	5619 King Street, Marseille, 65304, FR	FR
S1_TRAIN_001536	TransNational Logistics 9788 Private Limited	5168 Market Street, Singapore, 65767, SG	SG
S1_TRAIN_001537	Horizon Freight 2047 N.V.	3866 Station Road, Amsterdam, 38240, NL	NL
S1_TRAIN_001538	Vista Window Systems 5336 GmbH & Co. KG	9844 Brigade Road, Stuttgart, 67288, DE	DE
S1_TRAIN_001539	Kodiak Tactical 8756 Corp.	8014 Main St, Montreal, 20726, CA	CA
S1_TRAIN_001540	Threshold Interactive 924 Inc.	2093 Bay Street, Chicago, 96299, US	US
S1_TRAIN_001541	Starfire Gaming 4037 N.V.	5260 Church St, Utrecht, 98487, NL	NL
S1_TRAIN_001542	New Horizon Health 1662 Ltd.	5369 Orchard Road, Singapore, 74127, SG	SG
S1_TRAIN_001543	Navitas Clean Energy 9819 PLC	7441 Friedrichstrasse, Birmingham, 50272, GB	GB
S1_TRAIN_001544	WorldBridge Express 4847 Co. Ltd.	1952 Friedrichstrasse, Edinburgh, 56714, GB	GB
S1_TRAIN_001545	Cinnabar Creative 5462 Corp.	8755 Orchard Road, Calgary, 13969, CA	CA
S1_TRAIN_001546	Spectra Chemical 3568 Private Limited	3294 Park Avenue, Singapore, 41410, SG	SG
S1_TRAIN_001547	CyberShield Defense 5778 Pvt. Ltd.	7786 Church St, Hyderabad, 35729, IN	IN
S1_TRAIN_001548	Redwood Software 5010 Private Limited	3485 King Street, Singapore, 52917, SG	SG
S1_TRAIN_001549	Vista Window Systems 7838 Inc.	6251 Oxford Street, Montreal, 75085, CA	CA
S1_TRAIN_001550	Gateway Telecom 9629 N.V.	7046 Bay Street, Utrecht, 44339, NL	NL
S1_TRAIN_001551	Taylor & Associates 9423 B.V.	606 Victoria Road, Amsterdam, 24701, NL	NL
S1_TRAIN_001552	Vista Window Systems 5577 Limited	1393 Victoria Road, Bengaluru, 80818, IN	IN
S1_TRAIN_001553	Maven Data Science 8432 Kabushiki Kaisha	7501 Maple Ave, Nagoya, 86393, JP	JP
S1_TRAIN_001554	Nova Medical Devices 9356 GmbH	8493 Market Street, Stuttgart, 24570, DE	DE
S1_TRAIN_001555	Delta Wave Electronics 7228 B.V.	8828 Harbor Drive, The Hague, 89849, NL	NL
S1_TRAIN_001556	Nova Medical Devices 9513 Kabushiki Kaisha	5386 Oxford Street, Nagoya, 22960, JP	JP
S1_TRAIN_001557	Horizon Freight 3566 LLP	8238 Orchard Road, Chicago, 54789, US	US
S1_TRAIN_001558	Sentient AI Systems 8828 Ltd.	9445 Station Road, Birmingham, 11488, GB	GB
S1_TRAIN_001559	Pulse Digital Marketing 6930 N.V.	6123 Brigade Road, Rotterdam, 21721, NL	NL
S1_TRAIN_001560	Cascade Capital 1992 Ltd.	9577 Brigade Road, Glasgow, 20462, GB	GB
S1_TRAIN_001561	Universal Aerospace 5164 GmbH	6990 Brigade Road, Berlin, 15539, DE	DE
S1_TRAIN_001562	Gateway Telecom 4905 Ltée	6562 MG Road, Calgary, 19132, CA	CA
S1_TRAIN_001563	Trident Subsea Works 989 LLC	5272 Church St, Boston, 66387, US	US
S1_TRAIN_001564	Pathfinder Robotics 3923 N.V.	3047 Elm Street, The Hague, 56801, NL	NL
S1_TRAIN_001565	Safeguard Insurance 7966 Limited	2596 Main St, Hyderabad, 81395, IN	IN
S1_TRAIN_001566	Modern Precision 2902 K.K.	4177 Bay Street, Tokyo, 43610, JP	JP
S1_TRAIN_001567	Spire Global Solutions 4909 Pte. Ltd.	6117 High Street, Singapore, 26310, SG	SG
S1_TRAIN_001568	Sunlight Solar Power 8960 Corp.	3507 Rue de Rivoli, Austin, 11084, US	US
S1_TRAIN_001569	Prosper Wealth Advisors 3417 Ltd.	1679 Orchard Road, Singapore, 44510, SG	SG
S1_TRAIN_001570	Prosper Wealth Advisors 8115 Pte. Ltd.	9943 Victoria Road, Singapore, 92142, SG	SG
S1_TRAIN_001571	Matrix Computing 5242 UG	3886 Victoria Road, Berlin, 53076, DE	DE
S1_TRAIN_001572	Sentient AI Systems 2020 SNC	349 MG Road, Marseille, 94122, FR	FR
S1_TRAIN_001573	White Cloud Technologies 576 ULC	9678 MG Road, Montreal, 76044, CA	CA
S1_TRAIN_001574	Kodiak Tactical 139 B.V.	1847 Maple Ave, Amsterdam, 55758, NL	NL
S1_TRAIN_001575	Luminary Lighting 2734 LLC	2792 Park Avenue, Seattle, 40493, US	US
S1_TRAIN_001576	Meridian Wealth 1087 LLP	8106 Victoria Road, New York, 87537, US	US
S1_TRAIN_001577	Crestview Holdings 7909 N.V.	2367 Broadway, Utrecht, 28900, NL	NL
S1_TRAIN_001578	Synthesis Data Labs 6667 Limited	6115 Industrial Boulevard, Vancouver, 20240, CA	CA
S1_TRAIN_001579	Helix BioSciences 6869 Limited	846 Church St, London, 14645, GB	GB
S1_TRAIN_001580	Grandview Real Estate 8949 Private Limited	2783 Victoria Road, Singapore, 17351, SG	SG
S1_TRAIN_001581	Overland Express 3221 LLP	5554 Main St, Singapore, 70928, SG	SG
S1_TRAIN_001582	Sunrise Bakery 202 Inc.	7561 MG Road, Dallas, 21727, US	US
S1_TRAIN_001583	Silverline Transport 7744 Limited	8121 Bay Street, Bristol, 28682, GB	GB
S1_TRAIN_001584	Liberty Title Agency 5181 Proprietary Limited	8127 Broadway, Perth, 24543, AU	AU
S1_TRAIN_001585	Compass Point Marine 2371 Ltée	2159 Queen Street, Montreal, 34073, CA	CA
S1_TRAIN_001586	Universal Aerospace 6510 Incorporated	2967 Station Road, Austin, 38137, US	US
S1_TRAIN_001587	BrightPath Financial 9558 Proprietary Limited	7309 Harbor Drive, Brisbane, 72188, AU	AU
S1_TRAIN_001588	Galaxy Softworks 7706 Ltd.	7629 Washington Blvd, Singapore, 88994, SG	SG
S1_TRAIN_001589	Evergreen Forestry 1742 B.V.	8799 Station Road, Amsterdam, 86210, NL	NL
S1_TRAIN_001590	Quest Diagnostics Global 8856 LLP	9940 Harbor Drive, Singapore, 80236, SG	SG
S1_TRAIN_001591	Prosper Wealth Advisors 2080 ULC	964 Bay Street, Calgary, 11267, CA	CA
S1_TRAIN_001592	Venture Point Capital 9134 LLP	9370 Broadway, Glasgow, 14263, GB	GB
S1_TRAIN_001593	Synergy Pharmaceuticals 8669 Ltée	2095 Maple Ave, Calgary, 35871, CA	CA
S1_TRAIN_001594	Golden Gate Trading 160 LLP	3266 Industrial Boulevard, Bengaluru, 74443, IN	IN
S1_TRAIN_001595	Zephyr Clean Energy 6608 SAS	1823 Elm Street, Lyon, 90240, FR	FR
S1_TRAIN_001596	SoundWave Media 9368 N.V.	4131 Broadway, Amsterdam, 25612, NL	NL
S1_TRAIN_001597	Talon Security 8716 B.V.	733 Harbor Drive, The Hague, 60882, NL	NL
S1_TRAIN_001598	Starlight Entertainment 6968 SAS	4014 Bay Street, Marseille, 15325, FR	FR
S1_TRAIN_001599	Threshold Interactive 9659 Kabushiki Kaisha	3591 King Street, Nagoya, 42642, JP	JP
S1_TRAIN_001600	Enclave Networks 4003 SA	8576 Broadway, Paris, 21162, FR	FR
S1_TRAIN_001601	Titan Heavy Machinery 9098 GmbH & Co. KG	8213 Station Road, Frankfurt, 28549, DE	DE
S1_TRAIN_001602	BrightPath Financial 3099 Ltd	5948 Park Avenue, Sydney, 36667, AU	AU
S1_TRAIN_001603	Talon Security 4479 Pte. Ltd.	2430 Friedrichstrasse, Singapore, 17034, SG	SG
S1_TRAIN_001604	Genesis Industrial 4375 Co.	8833 Victoria Road, Austin, 22006, US	US
S1_TRAIN_001605	Acme Global 2446 Pte. Ltd.	8698 High Street, Singapore, 55436, SG	SG
S1_TRAIN_001606	Unified Communications 3157 LLP	3642 Industrial Boulevard, Singapore, 55146, SG	SG
S1_TRAIN_001607	Modern Precision 1429 Limited	9176 Broadway, Chennai, 28283, IN	IN
S1_TRAIN_001608	Prairie Wind Renewables 1875 Inc.	9857 Friedrichstrasse, New York, 32661, US	US
S1_TRAIN_001609	Quantum Computing Labs 6692 Inc.	2094 Park Avenue, New York, 83604, US	US
S1_TRAIN_001610	Integrity Consulting 2084 B.V.	5749 Park Avenue, The Hague, 21740, NL	NL
S1_TRAIN_001611	Luminary Lighting 8723 GmbH & Co. KG	7036 Rue de Rivoli, Berlin, 67045, DE	DE
S1_TRAIN_001612	Nebula Cloud Hosting 6256 Corporation	2912 Washington Blvd, Seattle, 28917, US	US
S1_TRAIN_001613	Oakwood Furnishings 3877 Corporation	3359 Rue de Rivoli, Boston, 50517, US	US
S1_TRAIN_001614	Envision Healthcare 2068 SNC	7423 Bay Street, Lyon, 10497, FR	FR
S1_TRAIN_001615	Dynamo Retail 7241 Ltd.	4417 Orchard Road, Singapore, 91729, SG	SG
S1_TRAIN_001616	Evergreen Forestry 8361 Proprietary Limited	7920 Elm Street, Adelaide, 49496, AU	AU
S1_TRAIN_001617	New Horizon Health 4455 Limited	5034 High Street, Montreal, 64955, CA	CA
S1_TRAIN_001618	Liberty Title Agency 9906 AG	4208 Commercial Road, Munich, 85344, DE	DE
S1_TRAIN_001619	Precision Machining 4529 NL	1657 Broadway, Sydney, 97894, AU	AU
S1_TRAIN_001620	Viking Freight 9614 Ltd	2929 Orchard Road, Adelaide, 18489, AU	AU
S1_TRAIN_001621	OmniSource Global 1612 PLC	1493 Industrial Boulevard, London, 31102, GB	GB
S1_TRAIN_001622	Cedar Point Energy 1941 Pte. Ltd.	8649 Queen Street, Singapore, 65559, SG	SG
S1_TRAIN_001623	Integrity Consulting 2674 Incorporated	9744 Broadway, Chicago, 68552, US	US
S1_TRAIN_001624	First Horizon Banking 3944 Co. Ltd.	8133 Victoria Road, Edinburgh, 22963, GB	GB
S1_TRAIN_001625	Optima Insurance 835 Kabushiki Kaisha	9533 Broadway, Nagoya, 94936, JP	JP
S1_TRAIN_001626	Oceanic Seafoods 8686 Private Limited	371 Broadway, Pune, 71937, IN	IN
S1_TRAIN_001627	Rockwell Automation Systems 9810 LLC	1835 Friedrichstrasse, Chicago, 64460, US	US
S1_TRAIN_001628	Integrity Consulting 9761 B.V.	7883 Oxford Street, The Hague, 74279, NL	NL
S1_TRAIN_001629	Sunlight Solar Power 1738 Co.	8963 Queen Street, Austin, 11956, US	US
S1_TRAIN_001630	Gateway Telecom 3495 Pte. Ltd.	1992 Industrial Boulevard, Singapore, 61210, SG	SG
S1_TRAIN_001631	Cascade Capital 6373 SAS	7159 Park Avenue, Marseille, 91231, FR	FR
S1_TRAIN_001632	Global Trade Alliance 1466 GmbH & Co. KG	1892 Harbor Drive, Berlin, 63290, DE	DE
S1_TRAIN_001633	Vanguard Asset Management 8564 Proprietary Limited	3472 Queen Street, Melbourne, 24746, AU	AU
S1_TRAIN_001634	Nautilus Oceanic 1756 Pte. Ltd.	5184 Main St, Singapore, 39967, SG	SG
S1_TRAIN_001635	Paladin Risk Management 1168 LLP	5976 Harbor Drive, Singapore, 82096, SG	SG
S1_TRAIN_001636	BrightPath Financial 1942 NL	4253 George Street, Perth, 30377, AU	AU
S1_TRAIN_001637	Safeguard Insurance 4044 G.K.	1822 Station Road, Nagoya, 27932, JP	JP
S1_TRAIN_001638	Silicon Valley Micro 1614 GmbH	2536 Oxford Street, Frankfurt, 59332, DE	DE
S1_TRAIN_001639	Xcel Precision Tools 6059 Pty Ltd	7677 Friedrichstrasse, Perth, 28526, AU	AU
S1_TRAIN_001640	Frontier Biotech 5926 Private Limited	7876 Washington Blvd, Singapore, 79672, SG	SG
S1_TRAIN_001641	Spectra Chemical 262 Limited	1195 Queen Street, Hyderabad, 49546, IN	IN
S1_TRAIN_001642	Polaris Navigation 8653 Ltd.	3047 Friedrichstrasse, Singapore, 82745, SG	SG
S1_TRAIN_001643	Oceanic Seafoods 3412 Kabushiki Kaisha	6842 Rue de Rivoli, Fukuoka, 28135, JP	JP
S1_TRAIN_001644	Prime Auto Group 495 Proprietary Limited	6446 Orchard Road, Adelaide, 87505, AU	AU
S1_TRAIN_001645	Voyager Travel Group 5483 GmbH	99 Oxford Street, Munich, 55462, DE	DE
S1_TRAIN_001646	NorthStar Financial 9768 SARL	145 Oxford Street, Toulouse, 51192, FR	FR
S1_TRAIN_001647	Guardian Asset Management 7149 Co. Ltd.	453 Victoria Road, Glasgow, 41619, GB	GB
S1_TRAIN_001648	Windward Nautical 3380 LLP	2885 Victoria Road, Bengaluru, 32995, IN	IN
S1_TRAIN_001649	Equinox Venture Partners 1744 LLP	6079 Friedrichstrasse, Edinburgh, 95360, GB	GB
S1_TRAIN_001650	Treasure Coast Marine 8900 UG	4395 Queen Street, Berlin, 82415, DE	DE
S1_TRAIN_001651	Talon Security 129 Corp.	3067 Industrial Boulevard, Ottawa, 13878, CA	CA
S1_TRAIN_001652	Serenity Living 1269 Corporation	415 Church St, Atlanta, 19365, US	US
S1_TRAIN_001653	Infinity Robotics 7302 Corp.	177 King Street, Boston, 14312, US	US
S1_TRAIN_001654	Synthesis Data Labs 3668 PLC	2620 Friedrichstrasse, Edinburgh, 83819, GB	GB
S1_TRAIN_001655	OnPoint Diagnostics 9012 AG	9890 Victoria Road, Berlin, 38702, DE	DE
S1_TRAIN_001656	Wayfarer Outdoors 2589 SAS	1426 Church St, Lyon, 30980, FR	FR
S1_TRAIN_001657	Whispering Pines Resort 6878 SNC	5426 Washington Blvd, Toulouse, 32497, FR	FR
S1_TRAIN_001658	Silicon Valley Micro 8948 Ltd.	6860 Main St, Singapore, 74901, SG	SG
S1_TRAIN_001659	Threshold Interactive 762 Enterprises	6086 Park Avenue, Mumbai, 49228, IN	IN
S1_TRAIN_001660	Helix BioSciences 2571 GmbH	3380 Brigade Road, Munich, 32716, DE	DE
S1_TRAIN_001661	Keystone Civil Works 5532 NL	548 Victoria Road, Brisbane, 39627, AU	AU
S1_TRAIN_001662	TriState Utilities 3173 Limited	4826 Industrial Boulevard, Vancouver, 42281, CA	CA
S1_TRAIN_001663	Talon Security 943 SARL	6436 Maple Ave, Marseille, 51032, FR	FR
S1_TRAIN_001664	Magnolia Hospitality 1523 B.V.	5602 Friedrichstrasse, Rotterdam, 91544, NL	NL
S1_TRAIN_001665	White Cloud Technologies 6567 Private Limited	7758 Oxford Street, Hyderabad, 51746, IN	IN
S1_TRAIN_001666	Pulse Digital Marketing 1974 SARL	74 Main St, Lyon, 84852, FR	FR
S1_TRAIN_001667	CrossRoads Transport 5798 Inc.	163 Commercial Road, Montreal, 51654, CA	CA
S1_TRAIN_001668	Vertex Engineering 809 G.K.	9688 Rue de Rivoli, Fukuoka, 70423, JP	JP
S1_TRAIN_001669	Rockwell Automation Systems 9920 Private Limited	4118 Victoria Road, New Delhi, 27208, IN	IN
S1_TRAIN_001670	Standard Petroleum 7916 SNC	8073 George Street, Paris, 93105, FR	FR
S1_TRAIN_001671	CoreLogic Solutions 2719 GmbH & Co. KG	8895 Victoria Road, Hamburg, 97230, DE	DE
S1_TRAIN_001672	Radiant Energy 7829 Pvt Ltd	295 Industrial Boulevard, Hyderabad, 76573, IN	IN
S1_TRAIN_001673	Unified Communications 5225 AG	6420 Elm Street, Berlin, 32121, DE	DE
S1_TRAIN_001674	OnPoint Diagnostics 142 LLP	5779 Industrial Boulevard, Glasgow, 96990, GB	GB
S1_TRAIN_001675	Monarch Aerospace 7328 Enterprises	3092 George Street, Chennai, 87199, IN	IN
S1_TRAIN_001676	Latitude Geospatial 4482 Co. Ltd.	9395 Elm Street, Birmingham, 32938, GB	GB
S1_TRAIN_001677	BlueSky Technologies 9921 Private Limited	7265 Industrial Boulevard, Singapore, 15211, SG	SG
S1_TRAIN_001678	Compass Point Marine 9515 UG	3033 MG Road, Hamburg, 18749, DE	DE
S1_TRAIN_001679	Integrity Consulting 8827 N.V.	2627 Market Street, Rotterdam, 49043, NL	NL
S1_TRAIN_001680	TerraFirma Landscaping 3641 Pte. Ltd.	767 Victoria Road, Singapore, 65033, SG	SG
S1_TRAIN_001681	Polaris Navigation 4611 Inc.	5800 Victoria Road, Ottawa, 11353, CA	CA
S1_TRAIN_001682	Venture Point Capital 2403 Inc.	3248 MG Road, Toronto, 63787, CA	CA
S1_TRAIN_001683	Trident Subsea Works 4244 Proprietary Limited	4910 George Street, Sydney, 27985, AU	AU
S1_TRAIN_001684	Pioneer Drilling 8575 AG	519 George Street, Hamburg, 65311, DE	DE
S1_TRAIN_001685	Silverline Transport 9020 SARL	8101 Park Avenue, Paris, 91228, FR	FR
S1_TRAIN_001686	Waveform Acoustic 2995 Corporation	9181 Queen Street, Austin, 38730, US	US
S1_TRAIN_001687	Quantum Computing Labs 5493 Limited	9382 Bay Street, Ottawa, 43492, CA	CA
S1_TRAIN_001688	Keystone Civil Works 6202 Pvt Ltd	9304 Church St, Hyderabad, 15434, IN	IN
S1_TRAIN_001689	TrueNorth Consulting 5128 SA	1498 Industrial Boulevard, Marseille, 61224, FR	FR
S1_TRAIN_001690	Luminary Lighting 7002 Corp.	6727 Rue de Rivoli, Seattle, 22302, US	US
S1_TRAIN_001691	Compass Point Marine 6492 Ltd.	7396 Church St, Singapore, 95436, SG	SG
S1_TRAIN_001692	CyberShield Defense 6026 Pty Ltd	6108 Orchard Road, Sydney, 77833, AU	AU
S1_TRAIN_001693	Sunlight Solar Power 6309 LLP	5953 Brigade Road, Seattle, 63988, US	US
S1_TRAIN_001694	Catalyst Innovation 6494 SNC	3457 King Street, Toulouse, 12916, FR	FR
S1_TRAIN_001695	Horizon Freight 6892 Pte. Ltd.	4608 Elm Street, Singapore, 20653, SG	SG
S1_TRAIN_001696	Safeguard Insurance 3363 B.V.	4992 MG Road, The Hague, 99094, NL	NL
S1_TRAIN_001697	Cascade Capital 4960 B.V.	1933 Market Street, Rotterdam, 69691, NL	NL
S1_TRAIN_001698	Visionary Healthcare 7255 LLP	3375 Bay Street, Atlanta, 34486, US	US
S1_TRAIN_001699	CyberShield Defense 6590 Private Limited	243 King Street, Chennai, 72202, IN	IN
S1_TRAIN_001700	Ion Propulsion Labs 3824 SNC	100 Friedrichstrasse, Paris, 79978, FR	FR
S1_TRAIN_001701	TerraFirma Landscaping 8775 Ltée	3890 King Street, Toronto, 52838, CA	CA
S1_TRAIN_001702	CrossRoads Transport 5571 Kabushiki Kaisha	33 MG Road, Fukuoka, 58216, JP	JP
S1_TRAIN_001703	Zenith Broadcast Group 1235 SAS	6788 Broadway, Bordeaux, 71797, FR	FR
S1_TRAIN_001704	Spectra Chemical 9502 Co.	4139 Bay Street, San Francisco, 86142, US	US
S1_TRAIN_001705	Compass Point Marine 9816 Ltd.	4889 Washington Blvd, Hyderabad, 15574, IN	IN
S1_TRAIN_001706	ProActive Safety 9016 Pvt Ltd	4902 Queen Street, Pune, 79019, IN	IN
S1_TRAIN_001707	United Parcel Express 7651 Pty Ltd	6865 Park Avenue, Sydney, 80757, AU	AU
S1_TRAIN_001708	Safeguard Insurance 6655 Private Limited	9134 Main St, Singapore, 14337, SG	SG
S1_TRAIN_001709	Luminary Lighting 4598 Proprietary Limited	9747 Station Road, Melbourne, 60002, AU	AU
S1_TRAIN_001710	Beacon Health 4838 Ltd.	6127 Industrial Boulevard, New Delhi, 38173, IN	IN
S1_TRAIN_001711	Pacific Rim Trading 4074 Corporation	4363 Church St, Austin, 84694, US	US
S1_TRAIN_001712	Reliant Power Systems 13 Pvt Ltd	3970 Queen Street, Kolkata, 59208, IN	IN
S1_TRAIN_001713	Volt Electrical Services 5052 Corp.	3643 Commercial Road, Boston, 65694, US	US
S1_TRAIN_001714	Viking Freight 267 ULC	4457 Victoria Road, Calgary, 76849, CA	CA
S1_TRAIN_001715	Optima Insurance 9339 SA	8484 Brigade Road, Toulouse, 58423, FR	FR
S1_TRAIN_001716	Nebula Cloud Hosting 9289 SARL	828 Market Street, Lyon, 43629, FR	FR
S1_TRAIN_001717	ProActive Safety 6524 Limited	9559 Elm Street, Leeds, 63501, GB	GB
S1_TRAIN_001718	OmniSource Global 6177 B.V.	9883 Elm Street, Rotterdam, 81848, NL	NL
S1_TRAIN_001719	Skyline Real Estate 7603 SNC	3069 Maple Ave, Toulouse, 58780, FR	FR
S1_TRAIN_001720	Frontier Biotech 4048 Ltd	801 Industrial Boulevard, Adelaide, 78584, AU	AU
S1_TRAIN_001721	Fusion Power Dynamics 6594 Corp.	1090 Main St, New York, 47957, US	US
S1_TRAIN_001722	Venture Point Capital 7642 Private Limited	1104 Maple Ave, Singapore, 49971, SG	SG
S1_TRAIN_001723	Synthesis Data Labs 8122 AG	8906 Washington Blvd, Munich, 71613, DE	DE
S1_TRAIN_001724	TransNational Logistics 8850 Private Limited	6288 King Street, Singapore, 48944, SG	SG
S1_TRAIN_001725	Horizon Freight 3827 UG	9343 Main St, Munich, 73501, DE	DE
S1_TRAIN_001726	Supreme Logistics 8933 LLC	8749 Bay Street, Boston, 27263, US	US
S1_TRAIN_001727	Venture Point Capital 5972 Inc.	6693 Friedrichstrasse, Toronto, 63613, CA	CA
S1_TRAIN_001728	Navitas Clean Energy 8041 Proprietary Limited	2677 Victoria Road, Sydney, 51679, AU	AU
S1_TRAIN_001729	Synthesis Data Labs 2939 Co.	5465 Victoria Road, Austin, 91528, US	US
S1_TRAIN_001730	Nebula Cloud Hosting 4507 SA	9977 Church St, Marseille, 10011, FR	FR
S1_TRAIN_001731	Keystone Civil Works 5165 PLC	7708 Victoria Road, London, 64203, GB	GB
S1_TRAIN_001732	TopTier Athletics 1169 SAS	9132 Victoria Road, Paris, 56829, FR	FR
S1_TRAIN_001733	Infinity Robotics 4191 LLC	5801 Church St, San Francisco, 76700, US	US
S1_TRAIN_001734	Renaissance Arts 4270 Pty Ltd	5993 Bay Street, Adelaide, 42620, AU	AU
S1_TRAIN_001735	Standard Petroleum 4527 Inc.	8945 Maple Ave, Chicago, 29609, US	US
S1_TRAIN_001736	Standard Petroleum 396 Inc.	6450 Bay Street, Ottawa, 31013, CA	CA
S1_TRAIN_001737	TrueNorth Consulting 345 SNC	204 Church St, Bordeaux, 29864, FR	FR
S1_TRAIN_001738	Voyager Travel Group 7166 N.V.	3879 MG Road, Rotterdam, 54898, NL	NL
S1_TRAIN_001739	CoreLogic Solutions 3111 B.V.	4320 Queen Street, The Hague, 12708, NL	NL
S1_TRAIN_001740	Viking Freight 1925 B.V.	4623 Church St, Amsterdam, 39144, NL	NL
S1_TRAIN_001741	Visionary Healthcare 2380 Ltd.	1577 Broadway, Singapore, 53946, SG	SG
S1_TRAIN_001742	Venture Point Capital 1955 PLC	6608 Washington Blvd, Glasgow, 14239, GB	GB
S1_TRAIN_001743	Meridian Wealth 4855 SARL	2255 Church St, Paris, 93961, FR	FR
S1_TRAIN_001744	CrossRoads Transport 4740 Private Limited	9377 Maple Ave, Singapore, 54427, SG	SG
S1_TRAIN_001745	Galaxy Softworks 6676 Pvt. Ltd.	9441 Station Road, Mumbai, 59273, IN	IN
S1_TRAIN_001746	BrightPath Financial 2126 AG	7347 Church St, Hamburg, 10778, DE	DE
S1_TRAIN_001747	United Parcel Express 1438 Pte. Ltd.	8930 Main St, Singapore, 87039, SG	SG
S1_TRAIN_001748	Jade Palace Dining 9612 Co.	962 Industrial Boulevard, San Francisco, 41097, US	US
S1_TRAIN_001749	Pacific Rim Trading 2217 LLP	2590 Station Road, Seattle, 36218, US	US
S1_TRAIN_001750	Quest Diagnostics Global 705 Pvt Ltd	5716 Friedrichstrasse, Kolkata, 74618, IN	IN
S1_TRAIN_001751	Summit Mountain Gear 9912 Pty Ltd	3689 Station Road, Brisbane, 77344, AU	AU
S1_TRAIN_001752	BrightPath Financial 9193 PLC	9753 Church St, Bristol, 61024, GB	GB
S1_TRAIN_001753	Nova Medical Devices 6524 Ltd.	9784 Industrial Boulevard, Singapore, 99892, SG	SG
S1_TRAIN_001754	Serenity Living 8111 LLC	6675 Victoria Road, Boston, 59792, US	US
S1_TRAIN_001755	Pulse Digital Marketing 500 SARL	7355 Queen Street, Paris, 93931, FR	FR
S1_TRAIN_001756	Catalyst Innovation 1164 UG	72 King Street, Munich, 18893, DE	DE
S1_TRAIN_001757	Pulse Digital Marketing 885 GmbH & Co. KG	9373 Friedrichstrasse, Stuttgart, 18105, DE	DE
S1_TRAIN_001758	Lighthouse Hospitality 4952 PLC	9679 Brigade Road, Manchester, 52781, GB	GB
S1_TRAIN_001759	Pacific Rim Trading 3503 Ltd.	7661 Station Road, Bristol, 86483, GB	GB
S1_TRAIN_001760	Spectrum Communications 6519 Private Limited	6630 Victoria Road, Singapore, 86118, SG	SG
S1_TRAIN_001761	TopTier Athletics 8109 Pty Ltd	6488 Friedrichstrasse, Adelaide, 81688, AU	AU
S1_TRAIN_001762	Voyager Travel Group 7836 SAS	4348 Church St, Paris, 42028, FR	FR
S1_TRAIN_001763	Volt Electrical Services 9892 SNC	2184 King Street, Lyon, 37568, FR	FR
S1_TRAIN_001764	Halo Interactive 6469 SARL	9728 Maple Ave, Toulouse, 95556, FR	FR
S1_TRAIN_001765	Keystone Civil Works 8765 AG	2240 High Street, Munich, 41234, DE	DE
S1_TRAIN_001766	Enclave Networks 4119 LLP	3095 George Street, San Francisco, 39878, US	US
S1_TRAIN_001767	Victory Marine 7918 GmbH & Co. KG	5379 Park Avenue, Frankfurt, 45222, DE	DE
S1_TRAIN_001768	Pioneer Drilling 944 SAS	9313 George Street, Marseille, 89868, FR	FR
S1_TRAIN_001769	Metro Urban Transit 4029 Corp.	7087 Industrial Boulevard, Vancouver, 91974, CA	CA
S1_TRAIN_001770	Cedar Point Energy 7258 Inc.	5923 Church St, Chicago, 16862, US	US
S1_TRAIN_001771	MicroTech Semiconductor 1390 Inc.	4875 Victoria Road, Dallas, 17031, US	US
S1_TRAIN_001772	Genesis Industrial 6083 B.V.	2620 George Street, Amsterdam, 11807, NL	NL
S1_TRAIN_001773	Premier Dental Care 4299 Ltd.	9400 Queen Street, Singapore, 68696, SG	SG
S1_TRAIN_001774	Synergy Pharmaceuticals 7937 N.V.	1268 Maple Ave, Utrecht, 43775, NL	NL
S1_TRAIN_001775	Zenith Broadcast Group 5161 AG	9785 Queen Street, Berlin, 96748, DE	DE
S1_TRAIN_001776	ProActive Safety 7152 Ltd	2160 Market Street, Melbourne, 39154, AU	AU
S1_TRAIN_001777	Dynamo Retail 1710 AG	9215 Queen Street, Stuttgart, 54490, DE	DE
S1_TRAIN_001778	Halo Interactive 2253 Ltée	4984 Orchard Road, Ottawa, 75235, CA	CA
S1_TRAIN_001779	Unified Communications 2648 UG	7555 Victoria Road, Hamburg, 76062, DE	DE
S1_TRAIN_001780	Skyline Real Estate 8212 G.K.	3360 Market Street, Osaka, 69015, JP	JP
S1_TRAIN_001781	Pioneer Drilling 8556 Co.	1263 Victoria Road, Atlanta, 36205, US	US
S1_TRAIN_001782	Viking Freight 5318 Kabushiki Kaisha	7272 King Street, Fukuoka, 91727, JP	JP
S1_TRAIN_001783	Redwood Software 2526 Inc.	831 Broadway, Calgary, 81172, CA	CA
S1_TRAIN_001784	Nimble Supply Chain 5839 GmbH & Co. KG	8300 King Street, Hamburg, 63261, DE	DE
S1_TRAIN_001785	Serenity Living 5769 PLC	7705 Oxford Street, Manchester, 66485, GB	GB
S1_TRAIN_001786	Compass Point Marine 6332 G.K.	8537 Station Road, Fukuoka, 64385, JP	JP
S1_TRAIN_001787	Helix BioSciences 4206 NL	8394 Park Avenue, Brisbane, 87165, AU	AU
S1_TRAIN_001788	Renaissance Arts 326 Ltée	747 MG Road, Calgary, 91554, CA	CA
S1_TRAIN_001789	Cobalt Media Group 8857 B.V.	9974 Main St, Rotterdam, 46435, NL	NL
S1_TRAIN_001790	Sanctuary Spa Group 9772 SA	2211 Rue de Rivoli, Bordeaux, 45748, FR	FR
S1_TRAIN_001791	Sentient AI Systems 4902 G.K.	5274 Elm Street, Tokyo, 75308, JP	JP
S1_TRAIN_001792	TrueNorth Consulting 8987 Inc.	7082 King Street, Austin, 10142, US	US
S1_TRAIN_001793	Optima Insurance 8691 B.V.	8530 Station Road, Rotterdam, 46748, NL	NL
S1_TRAIN_001794	Vertex Engineering 7534 SA	7157 Church St, Marseille, 70329, FR	FR
S1_TRAIN_001795	Xcel Precision Tools 4380 G.K.	61 MG Road, Osaka, 75648, JP	JP
S1_TRAIN_001796	Maven Data Science 1738 B.V.	4010 Industrial Boulevard, The Hague, 94764, NL	NL
S1_TRAIN_001797	Quantum Computing Labs 511 UG	4587 Bay Street, Stuttgart, 31724, DE	DE
S1_TRAIN_001798	Redwood Software 3154 Inc.	2979 Bay Street, Atlanta, 87379, US	US
S1_TRAIN_001799	Sigma BioPharma 2451 Ltd	5928 Bay Street, Melbourne, 54549, AU	AU
S1_TRAIN_001800	Laguna Marine 2188 SNC	7763 Brigade Road, Lyon, 25603, FR	FR
S1_TRAIN_001801	Viking Freight 9392 LLP	7020 Victoria Road, New York, 51465, US	US
S1_TRAIN_001802	Meridian Wealth 7636 SNC	4252 Station Road, Bordeaux, 19253, FR	FR
S1_TRAIN_001803	Starfire Gaming 8861 B.V.	3443 Friedrichstrasse, Amsterdam, 70656, NL	NL
S1_TRAIN_001804	TopTier Athletics 6400 Pvt Ltd	3443 Church St, Hyderabad, 76260, IN	IN
S1_TRAIN_001805	Vista Window Systems 7848 LLP	3897 Market Street, Singapore, 87814, SG	SG
S1_TRAIN_001806	Standard Petroleum 8569 LLP	2193 Orchard Road, Singapore, 13480, SG	SG
S1_TRAIN_001807	Precision Machining 6358 B.V.	772 Broadway, Amsterdam, 69596, NL	NL
S1_TRAIN_001808	Maven Data Science 8379 Private Limited	7441 Maple Ave, Singapore, 16058, SG	SG
S1_TRAIN_001809	Iconic Architecture 5544 AG	7977 Main St, Hamburg, 67967, DE	DE
S1_TRAIN_001810	Turbine Power Systems 700 AG	537 King Street, Hamburg, 56855, DE	DE
S1_TRAIN_001811	Meridian Wealth 4316 Inc.	8342 Commercial Road, Seattle, 80437, US	US
S1_TRAIN_001812	Dynamo Retail 5102 Ltd.	843 Rue de Rivoli, Birmingham, 95380, GB	GB
S1_TRAIN_001813	Redwood Software 1866 GmbH	9859 Church St, Hamburg, 19784, DE	DE
S1_TRAIN_001814	Global Trade Alliance 3804 Ltd	6986 Commercial Road, Brisbane, 77158, AU	AU
S1_TRAIN_001815	Pulse Digital Marketing 7001 Proprietary Limited	7078 Park Avenue, Sydney, 38564, AU	AU
S1_TRAIN_001816	Optima Insurance 9541 SARL	2625 Friedrichstrasse, Marseille, 88829, FR	FR
S1_TRAIN_001817	Nova Medical Devices 9163 AG	2682 Washington Blvd, Frankfurt, 39723, DE	DE
S1_TRAIN_001818	Emerald City Foods 6159 GmbH & Co. KG	5685 Church St, Berlin, 92159, DE	DE
S1_TRAIN_001819	Ironclad Construction 4914 Proprietary Limited	4172 Rue de Rivoli, Perth, 60957, AU	AU
S1_TRAIN_001820	Magnolia Hospitality 9991 PLC	7241 Park Avenue, Leeds, 10385, GB	GB
S1_TRAIN_001821	Halo Interactive 2713 Co. Ltd.	1541 King Street, Glasgow, 63017, GB	GB
S1_TRAIN_001822	Monarch Aerospace 4481 SA	960 Victoria Road, Toulouse, 87437, FR	FR
S1_TRAIN_001823	Fusion Power Dynamics 8783 Pte. Ltd.	3955 King Street, Singapore, 36382, SG	SG
S1_TRAIN_001824	Summit Mountain Gear 3091 LLP	7532 Friedrichstrasse, Singapore, 26136, SG	SG
S1_TRAIN_001825	Fusion Power Dynamics 2190 Inc.	9641 Maple Ave, Montreal, 81331, CA	CA
S1_TRAIN_001826	Ironclad Construction 7172 Pte. Ltd.	8000 George Street, Singapore, 56934, SG	SG
S1_TRAIN_001827	Renaissance Arts 1183 UG	4988 Washington Blvd, Munich, 46186, DE	DE
S1_TRAIN_001828	Modern Precision 441 B.V.	4020 MG Road, Rotterdam, 55935, NL	NL
S1_TRAIN_001829	Pathfinder Robotics 861 Limited	4036 Bay Street, Glasgow, 74174, GB	GB
S1_TRAIN_001830	Ultratech Industrial 5487 UG	2994 Industrial Boulevard, Stuttgart, 73696, DE	DE
S1_TRAIN_001831	Jade Palace Dining 8972 GmbH	5481 Industrial Boulevard, Berlin, 54993, DE	DE
S1_TRAIN_001832	Starlight Entertainment 6543 SARL	8740 Industrial Boulevard, Lyon, 80247, FR	FR
S1_TRAIN_001833	Overland Express 4522 Private Limited	7901 Commercial Road, Singapore, 48326, SG	SG
S1_TRAIN_001834	Emerald City Foods 1876 NL	8618 Friedrichstrasse, Adelaide, 77771, AU	AU
S1_TRAIN_001835	MicroTech Semiconductor 3996 SAS	7135 Washington Blvd, Toulouse, 65695, FR	FR
S1_TRAIN_001836	Waveform Acoustic 8781 SAS	5113 Park Avenue, Lyon, 37017, FR	FR
S1_TRAIN_001837	Turbine Power Systems 1703 Corporation	1272 Church St, Dallas, 81931, US	US
S1_TRAIN_001838	Treasure Coast Marine 6642 Kabushiki Kaisha	4935 George Street, Nagoya, 26891, JP	JP
S1_TRAIN_001839	Latitude Geospatial 1182 UG	3215 Industrial Boulevard, Frankfurt, 11603, DE	DE
S1_TRAIN_001840	Hyperion Solar 3199 Co.	7074 Orchard Road, Austin, 53940, US	US
S1_TRAIN_001841	Enclave Networks 1571 NL	6615 Main St, Melbourne, 63589, AU	AU
S1_TRAIN_001842	New Horizon Health 1236 Proprietary Limited	9648 Harbor Drive, Brisbane, 84237, AU	AU
S1_TRAIN_001843	Precision Machining 6954 Corp.	8509 Harbor Drive, Vancouver, 28435, CA	CA
S1_TRAIN_001844	Gateway Telecom 4553 Inc.	3803 Station Road, New York, 86953, US	US
S1_TRAIN_001845	Heritage Distilling 774 GmbH	452 Market Street, Hamburg, 22531, DE	DE
S1_TRAIN_001846	Pacific Rim Trading 2975 K.K.	3518 Broadway, Fukuoka, 30751, JP	JP
S1_TRAIN_001847	Sigma BioPharma 6550 Pty Ltd	7254 Maple Ave, Brisbane, 66124, AU	AU
S1_TRAIN_001848	Tandem Software 8389 Pte. Ltd.	4385 MG Road, Singapore, 32789, SG	SG
S1_TRAIN_001849	Synergy Pharmaceuticals 9014 GmbH & Co. KG	7732 Maple Ave, Munich, 40415, DE	DE
S1_TRAIN_001850	Premier Dental Care 6078 UG	4383 Park Avenue, Stuttgart, 73953, DE	DE
S1_TRAIN_001851	Talon Security 6077 Ltd.	4437 Friedrichstrasse, New Delhi, 61617, IN	IN
S1_TRAIN_001852	Oceanic Seafoods 4094 Limited	6362 MG Road, New Delhi, 74730, IN	IN
S1_TRAIN_001853	Equinox Venture Partners 5551 SNC	7499 Industrial Boulevard, Paris, 94523, FR	FR
S1_TRAIN_001854	Polaris Navigation 8822 LLP	7707 Elm Street, New Delhi, 87363, IN	IN
S1_TRAIN_001855	Enclave Networks 5808 ULC	1664 Park Avenue, Ottawa, 61596, CA	CA
S1_TRAIN_001856	Apex Logistics 1564 Pty Ltd	6941 Maple Ave, Adelaide, 73173, AU	AU
S1_TRAIN_001857	Frontier Biotech 4678 LLP	4880 Elm Street, Singapore, 67936, SG	SG
S1_TRAIN_001858	United Parcel Express 4555 Enterprises	2695 Elm Street, Pune, 60934, IN	IN
S1_TRAIN_001859	Taylor & Associates 4925 Incorporated	9383 Bay Street, Chicago, 44375, US	US
S1_TRAIN_001860	Rigel Marine Services 1449 B.V.	420 Friedrichstrasse, The Hague, 63961, NL	NL
S1_TRAIN_001861	OnPoint Diagnostics 9359 Incorporated	4046 Bay Street, San Francisco, 84407, US	US
S1_TRAIN_001862	Matrix Computing 4455 Corp.	6870 King Street, Calgary, 73180, CA	CA
S1_TRAIN_001863	Serenity Living 9839 Inc.	4114 Park Avenue, Toronto, 81356, CA	CA
S1_TRAIN_001864	Beacon Health 4636 B.V.	780 Main St, Amsterdam, 50835, NL	NL
S1_TRAIN_001865	Trident Subsea Works 9867 LLP	2366 Queen Street, Chicago, 25989, US	US
S1_TRAIN_001866	Crestview Holdings 3433 UG	6971 Park Avenue, Munich, 18045, DE	DE
S1_TRAIN_001867	Peak Performance Fitness 963 LLP	1621 Rue de Rivoli, Birmingham, 21325, GB	GB
S1_TRAIN_001868	Gateway Telecom 1602 N.V.	2218 Main St, Utrecht, 49774, NL	NL
S1_TRAIN_001869	Gateway Telecom 7940 LLP	3492 Maple Ave, Edinburgh, 67165, GB	GB
S1_TRAIN_001870	Eagle Eye Surveillance 615 SNC	1822 Maple Ave, Marseille, 96195, FR	FR
S1_TRAIN_001871	Synthesis Data Labs 4691 Pvt Ltd	2487 Washington Blvd, Mumbai, 25593, IN	IN
S1_TRAIN_001872	Nova Medical Devices 843 Pte. Ltd.	3040 King Street, Singapore, 60926, SG	SG
S1_TRAIN_001873	Velocity Motors 8141 Ltd	2277 Main St, Sydney, 92968, AU	AU
S1_TRAIN_001874	Maven Data Science 8530 Kabushiki Kaisha	6397 George Street, Nagoya, 89234, JP	JP
S1_TRAIN_001875	Wayfarer Outdoors 5583 Ltd.	6585 Commercial Road, Singapore, 37290, SG	SG
S1_TRAIN_001876	Unified Communications 1416 SA	6623 Bay Street, Lyon, 27467, FR	FR
S1_TRAIN_001877	Clearwater Analytics 1360 NL	3646 Broadway, Brisbane, 10667, AU	AU
S1_TRAIN_001878	Redwood Software 1682 Incorporated	6748 Washington Blvd, New York, 63631, US	US
S1_TRAIN_001879	Gateway Telecom 8787 Private Limited	6679 Rue de Rivoli, Bengaluru, 32085, IN	IN
S1_TRAIN_001880	Kinetic Sports 2341 K.K.	2868 Industrial Boulevard, Osaka, 82884, JP	JP
S1_TRAIN_001881	TerraFirma Landscaping 9757 Pty Ltd	4472 Main St, Sydney, 22093, AU	AU
S1_TRAIN_001882	OmniSource Global 487 AG	7259 Station Road, Munich, 29086, DE	DE
S1_TRAIN_001883	Sentient AI Systems 9119 Inc.	3937 Orchard Road, Dallas, 13828, US	US
S1_TRAIN_001884	Enclave Networks 4304 Ltd	6718 Church St, Perth, 69524, AU	AU
S1_TRAIN_001885	Sunlight Solar Power 409 Corp.	9588 Church St, Calgary, 25126, CA	CA
S1_TRAIN_001886	Veritas Legal Services 7285 Pty Ltd	6595 Harbor Drive, Melbourne, 88153, AU	AU
S1_TRAIN_001887	Paramount Construction 9706 N.V.	342 Victoria Road, Utrecht, 81399, NL	NL
S1_TRAIN_001888	Xcel Precision Tools 11 Ltd.	801 Elm Street, Singapore, 49064, SG	SG
S1_TRAIN_001889	Matrix Computing 6083 SARL	6539 Park Avenue, Paris, 51726, FR	FR
S1_TRAIN_001890	CoreLogic Solutions 2294 GmbH & Co. KG	336 Washington Blvd, Munich, 77112, DE	DE
S1_TRAIN_001891	Wildcat Oil Exploration 6529 N.V.	6518 Washington Blvd, Rotterdam, 48765, NL	NL
S1_TRAIN_001892	Beacon Health 8709 Proprietary Limited	2308 Brigade Road, Melbourne, 42837, AU	AU
S1_TRAIN_001893	Fusion Power Dynamics 5044 LLP	5604 Station Road, Bristol, 42322, GB	GB
S1_TRAIN_001894	Cedar Point Energy 6295 Pvt. Ltd.	9226 Rue de Rivoli, Kolkata, 59653, IN	IN
S1_TRAIN_001895	Harbor Light Logistics 6045 SARL	3489 Brigade Road, Paris, 39048, FR	FR
S1_TRAIN_001896	Unified Communications 8812 Pvt Ltd	3709 Bay Street, Chennai, 16041, IN	IN
S1_TRAIN_001897	Genesis Industrial 9914 LLP	9832 Industrial Boulevard, Singapore, 21881, SG	SG
S1_TRAIN_001898	Seaside Seafood Co 4842 Pvt Ltd	2147 Market Street, Chennai, 13465, IN	IN
S1_TRAIN_001899	Riverstone Capital 8874 Private Limited	3945 Commercial Road, Bengaluru, 87377, IN	IN
S1_TRAIN_001900	Optima Insurance 541 ULC	9608 Brigade Road, Toronto, 30564, CA	CA
S1_TRAIN_001901	Spectrum Communications 5871 LLC	739 Market Street, Austin, 64786, US	US
S1_TRAIN_001902	EcoSphere Solutions 9892 Co.	356 High Street, New York, 34091, US	US
S1_TRAIN_001903	Whispering Pines Resort 4601 SA	6037 Orchard Road, Paris, 56386, FR	FR
S1_TRAIN_001904	Renaissance Arts 9493 N.V.	8 Brigade Road, Rotterdam, 47441, NL	NL
S1_TRAIN_001905	Spectrum Communications 1237 Ltd	4746 Bay Street, Brisbane, 67814, AU	AU
S1_TRAIN_001906	Equinox Venture Partners 1316 SA	6894 George Street, Toulouse, 66100, FR	FR
S1_TRAIN_001907	Heritage Distilling 7716 Private Limited	435 Market Street, Singapore, 85431, SG	SG
S1_TRAIN_001908	TriState Utilities 981 Pvt. Ltd.	1135 Brigade Road, Mumbai, 98496, IN	IN
S1_TRAIN_001909	Quantum Computing Labs 3351 UG	2477 Market Street, Munich, 36007, DE	DE
S1_TRAIN_001910	Orbit Satellite Services 9598 Limited	6203 Market Street, Bengaluru, 93330, IN	IN
S1_TRAIN_001911	Cascade Capital 657 Incorporated	5516 Friedrichstrasse, Chicago, 42198, US	US
S1_TRAIN_001912	Sigma BioPharma 6228 Ltd.	7844 Market Street, Singapore, 80172, SG	SG
S1_TRAIN_001913	Venture Point Capital 9073 Inc.	5612 George Street, Calgary, 84727, CA	CA
S1_TRAIN_001914	Cedar Point Energy 6355 GmbH & Co. KG	7012 Victoria Road, Munich, 61500, DE	DE
S1_TRAIN_001915	Redwood Software 3610 GmbH & Co. KG	7993 Market Street, Berlin, 33996, DE	DE
S1_TRAIN_001916	Pacific Rim Trading 6427 GmbH & Co. KG	7689 Maple Ave, Hamburg, 63835, DE	DE
S1_TRAIN_001917	West Coast Distribution 6023 Limited	6665 Queen Street, London, 91982, GB	GB
S1_TRAIN_001918	Falcon Heavy Transport 2343 Co.	7329 Market Street, Atlanta, 64773, US	US
S1_TRAIN_001919	Tandem Software 3531 Pty Ltd	1196 Market Street, Brisbane, 27169, AU	AU
S1_TRAIN_001920	Serenity Living 7561 G.K.	5651 Queen Street, Tokyo, 74585, JP	JP
S1_TRAIN_001921	Velocity Motors 851 SARL	3772 MG Road, Paris, 95161, FR	FR
S1_TRAIN_001922	Renaissance Arts 9102 LLP	3164 Brigade Road, Kolkata, 68288, IN	IN
S1_TRAIN_001923	Seaside Seafood Co 6557 SARL	3230 Bay Street, Paris, 63345, FR	FR
S1_TRAIN_001924	Grandview Real Estate 444 Corporation	4398 Orchard Road, Seattle, 26580, US	US
S1_TRAIN_001925	Victory Marine 9442 LLP	2727 Orchard Road, Singapore, 80812, SG	SG
S1_TRAIN_001926	Unified Communications 4149 B.V.	9821 George Street, Utrecht, 27443, NL	NL
S1_TRAIN_001927	Iconic Architecture 2386 Proprietary Limited	1534 Commercial Road, Adelaide, 83914, AU	AU
S1_TRAIN_001928	Nova Medical Devices 4781 Pte. Ltd.	5653 Rue de Rivoli, Singapore, 79546, SG	SG
S1_TRAIN_001929	Windward Nautical 586 Ltd	1117 Washington Blvd, Brisbane, 18028, AU	AU
S1_TRAIN_001930	Lantern Publishing 1047 GmbH	8339 Bay Street, Hamburg, 54555, DE	DE
S1_TRAIN_001931	Silicon Valley Micro 819 Limited	197 Maple Ave, Toronto, 23514, CA	CA
S1_TRAIN_001932	Renaissance Arts 8994 Proprietary Limited	9965 Park Avenue, Sydney, 14876, AU	AU
S1_TRAIN_001933	Radiant Energy 1531 Co. Ltd.	6378 Orchard Road, Birmingham, 65612, GB	GB
S1_TRAIN_001934	White Cloud Technologies 5257 Inc.	3398 Church St, Boston, 59142, US	US
S1_TRAIN_001935	Starfire Gaming 6056 ULC	4055 Brigade Road, Montreal, 85825, CA	CA
S1_TRAIN_001936	Visionary Healthcare 5411 Kabushiki Kaisha	7009 George Street, Nagoya, 81834, JP	JP
S1_TRAIN_001937	Skyline Real Estate 5587 Limited	2929 Friedrichstrasse, Vancouver, 72782, CA	CA
S1_TRAIN_001938	West Coast Distribution 1004 Pvt Ltd	8485 Market Street, New Delhi, 58577, IN	IN
S1_TRAIN_001939	Apex Logistics 8769 N.V.	131 Market Street, The Hague, 93743, NL	NL
S1_TRAIN_001940	Sigma BioPharma 4793 Limited	7877 Market Street, New Delhi, 95520, IN	IN
S1_TRAIN_001941	Victory Marine 4756 SNC	850 King Street, Lyon, 55717, FR	FR
S1_TRAIN_001942	Fleetwood Engineering 9497 N.V.	6164 Broadway, The Hague, 57810, NL	NL
S1_TRAIN_001943	Wildcat Oil Exploration 6188 K.K.	4712 MG Road, Osaka, 44867, JP	JP
S1_TRAIN_001944	Western Digital Systems 6008 Ltd.	2268 Queen Street, Mumbai, 98403, IN	IN
S1_TRAIN_001945	Talon Security 1245 Pty Ltd	218 Maple Ave, Melbourne, 70116, AU	AU
S1_TRAIN_001946	Unified Communications 9614 Ltd.	609 Station Road, London, 22606, GB	GB
S1_TRAIN_001947	West Coast Distribution 2481 Private Limited	8257 Main St, Singapore, 14285, SG	SG
S1_TRAIN_001948	Oceanic Seafoods 9796 SA	3616 MG Road, Bordeaux, 51765, FR	FR
S1_TRAIN_001949	Evergreen Forestry 4648 N.V.	9342 Rue de Rivoli, The Hague, 21965, NL	NL
S1_TRAIN_001950	Pioneer Drilling 4648 Limited	3403 Main St, Vancouver, 22008, CA	CA
S1_TRAIN_001951	TerraFirma Landscaping 2728 SAS	43 Queen Street, Lyon, 15163, FR	FR
S1_TRAIN_001952	Zion Natural Foods 6177 Incorporated	9654 Park Avenue, Boston, 13157, US	US
S1_TRAIN_001953	Universal Aerospace 3247 ULC	3557 George Street, Montreal, 59989, CA	CA
S1_TRAIN_001954	Compass Point Marine 8624 B.V.	9062 Park Avenue, Rotterdam, 68113, NL	NL
S1_TRAIN_001955	Kodiak Tactical 5504 Proprietary Limited	8909 Station Road, Sydney, 88661, AU	AU
S1_TRAIN_001956	Jupiter Aerospace 7267 LLP	3973 Park Avenue, Singapore, 64720, SG	SG
S1_TRAIN_001957	United Parcel Express 406 G.K.	2247 Market Street, Tokyo, 98392, JP	JP
S1_TRAIN_001958	Rigel Marine Services 4202 SAS	3610 Commercial Road, Paris, 19653, FR	FR
S1_TRAIN_001959	OnPoint Diagnostics 8987 Corp.	7089 Main St, Vancouver, 75168, CA	CA
S1_TRAIN_001960	Frontier Biotech 5054 Ltd.	9936 George Street, Pune, 40511, IN	IN
S1_TRAIN_001961	Venture Point Capital 8697 G.K.	3870 George Street, Osaka, 66681, JP	JP
S1_TRAIN_001962	Unified Communications 2646 SARL	9702 Industrial Boulevard, Toulouse, 30829, FR	FR
S1_TRAIN_001963	Infinity Robotics 7333 Private Limited	5323 Bay Street, Singapore, 32152, SG	SG
S1_TRAIN_001964	Tandem Software 3963 GmbH & Co. KG	1740 Church St, Stuttgart, 27770, DE	DE
S1_TRAIN_001965	Peak Performance Fitness 4856 LLC	6052 Church St, Chicago, 79756, US	US
S1_TRAIN_001966	Radius Geospatial 1792 Private Limited	9035 Rue de Rivoli, Singapore, 86377, SG	SG
S1_TRAIN_001967	Emerald City Foods 8756 G.K.	1871 Park Avenue, Fukuoka, 50418, JP	JP
S1_TRAIN_001968	Threshold Interactive 2965 G.K.	8050 Church St, Fukuoka, 55820, JP	JP
S1_TRAIN_001969	BrightPath Financial 2024 Ltd.	5569 Market Street, Bristol, 93049, GB	GB
S1_TRAIN_001970	Silicon Valley Micro 6414 LLP	2801 Oxford Street, Dallas, 84923, US	US
S1_TRAIN_001971	Harmonic Audio 686 Inc.	3205 Washington Blvd, Dallas, 12596, US	US
S1_TRAIN_001972	Lantern Publishing 7694 Pty Ltd	5352 Victoria Road, Sydney, 74856, AU	AU
S1_TRAIN_001973	Serenity Living 4190 Corp.	8077 Church St, Atlanta, 37299, US	US
S1_TRAIN_001974	Meridian Wealth 6240 Ltd.	8424 Commercial Road, Singapore, 36034, SG	SG
S1_TRAIN_001975	Quantum Computing Labs 2622 Ltd.	7114 MG Road, Singapore, 61332, SG	SG
S1_TRAIN_001976	Silverline Transport 9978 Proprietary Limited	6694 Industrial Boulevard, Melbourne, 89964, AU	AU
S1_TRAIN_001977	Wildcat Oil Exploration 5007 AG	523 Commercial Road, Berlin, 88103, DE	DE
S1_TRAIN_001978	Helix BioSciences 9888 Corp.	7659 High Street, Ottawa, 68567, CA	CA
S1_TRAIN_001979	OnPoint Diagnostics 1802 GmbH	2174 King Street, Berlin, 93365, DE	DE
S1_TRAIN_001980	CrossRoads Transport 2282 SNC	3810 Oxford Street, Bordeaux, 39333, FR	FR
S1_TRAIN_001981	Envision Healthcare 1830 Pvt. Ltd.	5777 King Street, Mumbai, 85511, IN	IN
S1_TRAIN_001982	Radiant Energy 6231 LLP	5636 King Street, Kolkata, 24550, IN	IN
S1_TRAIN_001983	Pacific Rim Trading 8125 Ltée	9077 MG Road, Ottawa, 98722, CA	CA
S1_TRAIN_001984	TrueNorth Consulting 1325 N.V.	1537 Station Road, Rotterdam, 20275, NL	NL
S1_TRAIN_001985	Centurion Security 6847 Ltd.	8910 Industrial Boulevard, Hyderabad, 24110, IN	IN
S1_TRAIN_001986	Elevate Digital 5202 SA	2733 George Street, Marseille, 65758, FR	FR
S1_TRAIN_001987	TriState Utilities 971 Private Limited	9888 Park Avenue, Singapore, 66555, SG	SG
S1_TRAIN_001988	Laguna Marine 9793 GmbH & Co. KG	8095 George Street, Berlin, 17774, DE	DE
S1_TRAIN_001989	Fusion Power Dynamics 6862 SARL	1638 King Street, Lyon, 32707, FR	FR
S1_TRAIN_001990	Cinnabar Creative 5056 K.K.	4781 Park Avenue, Nagoya, 95224, JP	JP
S1_TRAIN_001991	Paladin Risk Management 9959 Corp.	6001 Queen Street, Calgary, 16055, CA	CA
S1_TRAIN_001992	Paladin Risk Management 7235 Pte. Ltd.	9935 Industrial Boulevard, Singapore, 89905, SG	SG
S1_TRAIN_001993	Nova Medical Devices 4798 N.V.	4674 Harbor Drive, Amsterdam, 92406, NL	NL
S1_TRAIN_001994	EcoSphere Solutions 8542 Ltée	7142 Brigade Road, Montreal, 90614, CA	CA
S1_TRAIN_001995	Vertex Engineering 9589 SAS	1757 Broadway, Toulouse, 52033, FR	FR
S1_TRAIN_001996	Oceanic Seafoods 1053 SNC	8344 Industrial Boulevard, Lyon, 24620, FR	FR
S1_TRAIN_001997	Treasure Coast Marine 1367 LLC	2550 Brigade Road, Dallas, 30543, US	US
S1_TRAIN_001998	Saturn Heavy Industries 1867 Co.	9255 Market Street, Boston, 77350, US	US
S1_TRAIN_001999	Eagle Eye Surveillance 6114 Inc.	4492 Oxford Street, Toronto, 51654, CA	CA
S1_TRAIN_002000	Heritage Distilling 97 Private Limited	6182 Washington Blvd, Kolkata, 78254, IN	IN
S1_TRAIN_002001	OmniSource Global 906 Ltd.	8242 Station Road, Chennai, 62398, IN	IN
S1_TRAIN_002002	OnPoint Diagnostics 4876 LLP	2396 Victoria Road, Glasgow, 41469, GB	GB
S1_TRAIN_002003	Reliant Power Systems 2827 Limited	1641 Station Road, London, 41940, GB	GB
S1_TRAIN_002004	Venture Point Capital 8961 Enterprises	2848 Brigade Road, New Delhi, 14132, IN	IN
S1_TRAIN_002005	SoundWave Media 1992 Pte. Ltd.	149 George Street, Singapore, 41137, SG	SG
S1_TRAIN_002006	Rockwell Automation Systems 8361 N.V.	7965 Washington Blvd, Utrecht, 66152, NL	NL
S1_TRAIN_002007	Clearwater Analytics 380 GmbH	4211 Park Avenue, Munich, 23070, DE	DE
S1_TRAIN_002008	Spectra Chemical 6084 Co. Ltd.	9571 Broadway, Edinburgh, 20551, GB	GB
S1_TRAIN_002009	Safeguard Insurance 2323 B.V.	5545 Commercial Road, The Hague, 61050, NL	NL
S1_TRAIN_002010	Volt Electrical Services 8209 G.K.	6974 Market Street, Fukuoka, 41525, JP	JP
S1_TRAIN_002011	Radius Geospatial 8912 Corp.	5955 Commercial Road, Toronto, 74804, CA	CA
S1_TRAIN_002012	CloudScale Systems 2718 Ltd.	4730 King Street, Mumbai, 97453, IN	IN
S1_TRAIN_002013	Rigel Marine Services 6818 Ltd.	2853 Queen Street, Bristol, 92078, GB	GB
S1_TRAIN_002014	Prosper Wealth Advisors 3395 LLP	446 Rue de Rivoli, Singapore, 42801, SG	SG
S1_TRAIN_002015	Sterling Bank & Trust 9155 Corp.	4560 Main St, Toronto, 80947, CA	CA
S1_TRAIN_002016	OmniSource Global 9448 LLP	9730 Market Street, Pune, 24891, IN	IN
S1_TRAIN_002017	Luminary Lighting 818 LLP	1544 Elm Street, Singapore, 20742, SG	SG
S1_TRAIN_002018	Skyline Real Estate 2571 Pty Ltd	8497 Broadway, Perth, 35241, AU	AU
S1_TRAIN_002019	First Horizon Banking 7313 N.V.	876 Washington Blvd, The Hague, 72974, NL	NL
S1_TRAIN_002020	Reliant Power Systems 9835 Corporation	2209 Industrial Boulevard, Boston, 23953, US	US
S1_TRAIN_002021	Meridian Wealth 8951 Pte. Ltd.	5832 George Street, Singapore, 77735, SG	SG
S1_TRAIN_002022	Vista Window Systems 5135 Pte. Ltd.	6684 Broadway, Singapore, 36229, SG	SG
S1_TRAIN_002023	Riverstone Capital 6006 UG	6790 Industrial Boulevard, Hamburg, 23547, DE	DE
S1_TRAIN_002024	Ivy League Education 8611 B.V.	8691 Bay Street, Amsterdam, 31848, NL	NL
S1_TRAIN_002025	Ironclad Construction 213 SARL	8090 George Street, Paris, 55620, FR	FR
S1_TRAIN_002026	Treasure Coast Marine 8633 GmbH & Co. KG	601 Elm Street, Frankfurt, 15951, DE	DE
S1_TRAIN_002027	Olympus Chemical 6900 Corp.	8982 Elm Street, Ottawa, 26208, CA	CA
S1_TRAIN_002028	Nimble Supply Chain 5604 Limited	1143 Oxford Street, Leeds, 88669, GB	GB
S1_TRAIN_002029	Heritage Distilling 1742 Pvt. Ltd.	6649 MG Road, Pune, 14891, IN	IN
S1_TRAIN_002030	Nexus Telecom 3830 Co. Ltd.	3566 Bay Street, Birmingham, 16910, GB	GB
S1_TRAIN_002031	Oceanic Seafoods 756 N.V.	5012 Victoria Road, The Hague, 57495, NL	NL
S1_TRAIN_002032	Meridian Wealth 527 Kabushiki Kaisha	2881 Maple Ave, Yokohama, 24104, JP	JP
S1_TRAIN_002033	Prosper Wealth Advisors 6562 G.K.	3379 Park Avenue, Tokyo, 38284, JP	JP
S1_TRAIN_002034	Keystone Civil Works 4813 Inc.	2173 Queen Street, Austin, 95256, US	US
S1_TRAIN_002035	White Cloud Technologies 3761 Co.	4025 King Street, Atlanta, 34225, US	US
S1_TRAIN_002036	Vanguard Asset Management 5080 Ltd	4859 Industrial Boulevard, Brisbane, 82449, AU	AU
S1_TRAIN_002037	Vibrant Media Group 505 Pvt. Ltd.	4009 Oxford Street, Pune, 58215, IN	IN
S1_TRAIN_002038	CrossRoads Transport 5511 Pte. Ltd.	9437 Main St, Singapore, 47356, SG	SG
S1_TRAIN_002039	Nexus Telecom 5097 LLP	1530 Station Road, New Delhi, 99702, IN	IN
S1_TRAIN_002040	Delta Wave Electronics 446 Ltée	5236 Bay Street, Montreal, 90806, CA	CA
S1_TRAIN_002041	Synthesis Data Labs 9727 Ltd.	2860 Washington Blvd, Bengaluru, 41701, IN	IN
S1_TRAIN_002042	Kodiak Tactical 3797 K.K.	9318 Park Avenue, Fukuoka, 42774, JP	JP
S1_TRAIN_002043	Navitas Clean Energy 2078 NL	37 Queen Street, Melbourne, 59616, AU	AU
S1_TRAIN_002044	Safeguard Insurance 6078 Co. Ltd.	6247 Orchard Road, Bristol, 67170, GB	GB
S1_TRAIN_002045	Legacy Manufacturing 9209 Pvt Ltd	2189 Maple Ave, Hyderabad, 82677, IN	IN
S1_TRAIN_002046	OmniSource Global 2673 Kabushiki Kaisha	6115 Maple Ave, Yokohama, 89793, JP	JP
S1_TRAIN_002047	Pulse Digital Marketing 4643 UG	9846 Station Road, Munich, 22599, DE	DE
S1_TRAIN_002048	TerraFirma Landscaping 9646 UG	9020 Market Street, Frankfurt, 76670, DE	DE
S1_TRAIN_002049	Vertex Engineering 6182 G.K.	7373 George Street, Fukuoka, 87207, JP	JP
S1_TRAIN_002050	United Parcel Express 365 LLP	4274 Park Avenue, Singapore, 91425, SG	SG
S1_TRAIN_002051	Windward Nautical 5338 Corporation	8894 Park Avenue, Boston, 76215, US	US
S1_TRAIN_002052	Radiant Energy 9429 K.K.	4559 Main St, Nagoya, 52494, JP	JP
S1_TRAIN_002053	Olympus Chemical 5094 LLP	4331 Victoria Road, Austin, 33323, US	US
S1_TRAIN_002054	Reliant Power Systems 2038 Proprietary Limited	5414 Market Street, Sydney, 17300, AU	AU
S1_TRAIN_002055	Nautilus Oceanic 8425 PLC	4086 George Street, Bristol, 77803, GB	GB
S1_TRAIN_002056	Nimble Supply Chain 8392 GmbH	1386 Main St, Munich, 12848, DE	DE
S1_TRAIN_002057	Modern Precision 8253 GmbH & Co. KG	8024 Victoria Road, Munich, 70249, DE	DE
S1_TRAIN_002058	Compass Point Marine 3184 Ltd.	4982 Oxford Street, Singapore, 99129, SG	SG
S1_TRAIN_002059	Latitude Geospatial 3812 Limited	2467 Park Avenue, Glasgow, 35713, GB	GB
S1_TRAIN_002060	Reliant Power Systems 4940 Proprietary Limited	7563 Friedrichstrasse, Brisbane, 66099, AU	AU
S1_TRAIN_002061	Sterling Bank & Trust 9920 SA	8124 Oxford Street, Toulouse, 59064, FR	FR
S1_TRAIN_002062	Liberty Title Agency 451 ULC	7631 Bay Street, Calgary, 65036, CA	CA
S1_TRAIN_002063	Prosper Wealth Advisors 7656 GmbH & Co. KG	9778 Queen Street, Berlin, 68346, DE	DE
S1_TRAIN_002064	Elevate Digital 1246 GmbH	3408 MG Road, Hamburg, 17785, DE	DE
S1_TRAIN_002065	Zephyr Clean Energy 4760 NL	8608 Brigade Road, Brisbane, 53716, AU	AU
S1_TRAIN_002066	Prism Optical 7043 LLC	4264 High Street, New York, 71133, US	US
S1_TRAIN_002067	Timberline Lumber 8223 B.V.	1317 Station Road, The Hague, 21372, NL	NL
S1_TRAIN_002068	Nebula Cloud Hosting 5021 SNC	1524 George Street, Toulouse, 76941, FR	FR
S1_TRAIN_002069	Vibrant Media Group 6282 G.K.	260 Victoria Road, Osaka, 58872, JP	JP
S1_TRAIN_002070	Premier Dental Care 5622 B.V.	8631 Main St, Utrecht, 94135, NL	NL
S1_TRAIN_002071	Wellspring Health 3047 SA	285 Queen Street, Toulouse, 51359, FR	FR
S1_TRAIN_002072	Elevate Digital 8716 Ltd.	5052 High Street, Singapore, 73511, SG	SG
S1_TRAIN_002073	Harbor Light Logistics 4279 SARL	2101 Queen Street, Marseille, 10349, FR	FR
S1_TRAIN_002074	Silicon Valley Micro 7879 Limited	8803 Park Avenue, Montreal, 99385, CA	CA
S1_TRAIN_002075	Ion Propulsion Labs 6005 Limited	3079 King Street, Glasgow, 11135, GB	GB
S1_TRAIN_002076	Nexus Telecom 8758 PLC	8639 MG Road, Birmingham, 80512, GB	GB
S1_TRAIN_002077	Trident Subsea Works 949 N.V.	1245 Victoria Road, Utrecht, 32388, NL	NL
S1_TRAIN_002078	Rigel Marine Services 5656 B.V.	8816 MG Road, Rotterdam, 36939, NL	NL
S1_TRAIN_002079	Clearwater Analytics 910 Corp.	4231 Park Avenue, Ottawa, 60486, CA	CA
S1_TRAIN_002080	Equinox Venture Partners 9966 GmbH	3968 Friedrichstrasse, Stuttgart, 16818, DE	DE
S1_TRAIN_002081	Skyline Real Estate 5152 Pvt. Ltd.	4837 MG Road, Hyderabad, 21885, IN	IN
S1_TRAIN_002082	Overland Express 3208 Inc.	3662 Station Road, San Francisco, 15110, US	US
S1_TRAIN_002083	Navitas Clean Energy 4864 Co.	8730 Friedrichstrasse, Dallas, 21527, US	US
S1_TRAIN_002084	Nexus Telecom 7482 Ltd.	5005 Brigade Road, Singapore, 52668, SG	SG
S1_TRAIN_002085	Summit Mountain Gear 3011 N.V.	6662 Market Street, Amsterdam, 90461, NL	NL
S1_TRAIN_002086	WorldBridge Express 1688 Corporation	6266 Broadway, Atlanta, 93979, US	US
S1_TRAIN_002087	Guardian Asset Management 4097 Limited	2024 Harbor Drive, Kolkata, 63018, IN	IN
S1_TRAIN_002088	Sigma BioPharma 2064 LLP	8180 Park Avenue, Pune, 56640, IN	IN
S1_TRAIN_002089	Golden Gate Trading 500 G.K.	4440 Washington Blvd, Osaka, 75086, JP	JP
S1_TRAIN_002090	Ultratech Industrial 5763 SNC	9032 Market Street, Lyon, 92221, FR	FR
S1_TRAIN_002091	Integrity Consulting 2588 Limited	7591 High Street, Bengaluru, 45039, IN	IN
S1_TRAIN_002092	Frontier Biotech 2372 B.V.	4838 Park Avenue, Utrecht, 53866, NL	NL
S1_TRAIN_002093	Precision Machining 262 Private Limited	9051 Queen Street, Singapore, 13759, SG	SG
S1_TRAIN_002094	Renaissance Arts 6540 N.V.	9496 High Street, Utrecht, 13053, NL	NL
S1_TRAIN_002095	Quest Diagnostics Global 2205 ULC	8064 Church St, Ottawa, 79578, CA	CA
S1_TRAIN_002096	Universal Aerospace 2097 Pvt. Ltd.	378 Elm Street, Kolkata, 21558, IN	IN
S1_TRAIN_002097	Eagle Eye Surveillance 9461 B.V.	8339 MG Road, Amsterdam, 12185, NL	NL
S1_TRAIN_002098	Nimble Supply Chain 4029 Kabushiki Kaisha	9332 Victoria Road, Osaka, 47990, JP	JP
S1_TRAIN_002099	Western Digital Systems 2000 Proprietary Limited	783 Elm Street, Perth, 57407, AU	AU
S1_TRAIN_002100	Prime Auto Group 7770 Corp.	5430 Elm Street, Toronto, 38975, CA	CA
S1_TRAIN_002101	TrueNorth Consulting 8663 Private Limited	2446 Bay Street, Singapore, 87725, SG	SG
S1_TRAIN_002102	Harbor Light Logistics 8791 Inc.	3578 Orchard Road, San Francisco, 30219, US	US
S1_TRAIN_002103	Monarch Aerospace 6921 SAS	8114 Washington Blvd, Toulouse, 75848, FR	FR
S1_TRAIN_002104	WorldBridge Express 4600 B.V.	7782 Elm Street, Utrecht, 53872, NL	NL
S1_TRAIN_002105	Orbit Satellite Services 3288 PLC	5647 Station Road, Leeds, 99611, GB	GB
S1_TRAIN_002106	Maven Data Science 1426 LLP	4770 Washington Blvd, Bristol, 79017, GB	GB
S1_TRAIN_002107	Treasure Coast Marine 8078 LLP	3671 Station Road, Singapore, 45156, SG	SG
S1_TRAIN_002108	Falcon Heavy Transport 6608 SAS	6993 Maple Ave, Bordeaux, 41140, FR	FR
S1_TRAIN_002109	Helix BioSciences 4601 Enterprises	4601 Orchard Road, Mumbai, 80968, IN	IN
S1_TRAIN_002110	Lighthouse Hospitality 7142 Corp.	8293 Washington Blvd, San Francisco, 14402, US	US
S1_TRAIN_002111	Ion Propulsion Labs 3221 Proprietary Limited	1180 Main St, Adelaide, 53731, AU	AU
S1_TRAIN_002112	Seaside Seafood Co 1710 GmbH	4466 Oxford Street, Frankfurt, 64634, DE	DE
S1_TRAIN_002113	Seaside Seafood Co 4380 Ltd.	2229 Rue de Rivoli, Singapore, 16301, SG	SG
S1_TRAIN_002114	OnPoint Diagnostics 6698 SARL	5971 Orchard Road, Lyon, 15580, FR	FR
S1_TRAIN_002115	Olympus Chemical 5244 K.K.	2601 Park Avenue, Osaka, 60630, JP	JP
S1_TRAIN_002116	Acme Global 7305 K.K.	7873 Main St, Yokohama, 55009, JP	JP
S1_TRAIN_002117	Synergy Pharmaceuticals 4544 Ltd	9897 Queen Street, Sydney, 31654, AU	AU
S1_TRAIN_002118	Victory Marine 4007 Kabushiki Kaisha	9345 King Street, Nagoya, 72373, JP	JP
S1_TRAIN_002119	Saturn Heavy Industries 308 AG	4315 Queen Street, Frankfurt, 95018, DE	DE
S1_TRAIN_002120	Equinox Venture Partners 5510 Ltd.	44 Market Street, Singapore, 86318, SG	SG
S1_TRAIN_002121	OmniSource Global 3449 GmbH	7646 Friedrichstrasse, Stuttgart, 26382, DE	DE
S1_TRAIN_002122	Luminary Lighting 3939 LLP	4300 King Street, Edinburgh, 80327, GB	GB
S1_TRAIN_002123	Optima Insurance 5985 SAS	6575 Station Road, Bordeaux, 43365, FR	FR
S1_TRAIN_002124	Polaris Navigation 8749 GmbH & Co. KG	3507 Friedrichstrasse, Frankfurt, 91208, DE	DE
S1_TRAIN_002125	Golden Gate Trading 8789 GmbH & Co. KG	9056 Commercial Road, Frankfurt, 12313, DE	DE
S1_TRAIN_002126	Velocity Motors 6698 Pte. Ltd.	8699 Market Street, Singapore, 44405, SG	SG
S1_TRAIN_002127	BrightPath Financial 7619 Ltd.	9715 Bay Street, Birmingham, 68273, GB	GB
S1_TRAIN_002128	Milestone Education 2040 Kabushiki Kaisha	5233 Victoria Road, Nagoya, 84960, JP	JP
S1_TRAIN_002129	OnPoint Diagnostics 512 Corporation	578 Friedrichstrasse, San Francisco, 60229, US	US
S1_TRAIN_002130	Spectra Chemical 5122 GmbH & Co. KG	2558 Bay Street, Berlin, 24397, DE	DE
S1_TRAIN_002131	Insightful Analytics 7020 SNC	5834 Commercial Road, Lyon, 79099, FR	FR
S1_TRAIN_002132	CoreLogic Solutions 7446 Pvt Ltd	8821 Church St, Mumbai, 38101, IN	IN
S1_TRAIN_002133	Iconic Architecture 773 N.V.	2703 Queen Street, The Hague, 74552, NL	NL
S1_TRAIN_002134	Magnolia Hospitality 8523 LLC	181 Victoria Road, Chicago, 97057, US	US
S1_TRAIN_002135	Vibrant Media Group 6801 Corp.	4333 Elm Street, Calgary, 18953, CA	CA
S1_TRAIN_002136	Harbor Light Logistics 1238 Pty Ltd	2607 Station Road, Melbourne, 59494, AU	AU
S1_TRAIN_002137	Luminary Lighting 4471 Ltd.	3519 Victoria Road, Singapore, 33706, SG	SG
S1_TRAIN_002138	Waveform Acoustic 5614 Co. Ltd.	7376 Bay Street, Manchester, 34586, GB	GB
S1_TRAIN_002139	Meridian Wealth 8138 Ltd.	2205 Bay Street, Birmingham, 31733, GB	GB
S1_TRAIN_002140	Acme Global 8326 SAS	7680 Queen Street, Toulouse, 73295, FR	FR
S1_TRAIN_002141	Zenith Broadcast Group 9892 UG	6899 Rue de Rivoli, Berlin, 95748, DE	DE
S1_TRAIN_002142	Sunlight Solar Power 809 Proprietary Limited	6389 Orchard Road, Sydney, 85275, AU	AU
S1_TRAIN_002143	Vibrant Media Group 2652 Ltd.	5383 Washington Blvd, Singapore, 62508, SG	SG
S1_TRAIN_002144	Vista Window Systems 3780 B.V.	4099 Bay Street, Amsterdam, 84596, NL	NL
S1_TRAIN_002145	CyberShield Defense 6124 G.K.	3078 Broadway, Yokohama, 62049, JP	JP
S1_TRAIN_002146	Polaris Navigation 7612 Corp.	2870 Oxford Street, Dallas, 25448, US	US
S1_TRAIN_002147	Synergy Pharmaceuticals 411 G.K.	6011 Friedrichstrasse, Yokohama, 46221, JP	JP
S1_TRAIN_002148	Titan Heavy Machinery 3800 Ltée	3782 Church St, Montreal, 75992, CA	CA
S1_TRAIN_002149	TriState Utilities 1355 LLP	7351 Commercial Road, Atlanta, 41367, US	US
S1_TRAIN_002150	Jade Palace Dining 5656 Ltd.	1336 Industrial Boulevard, London, 49879, GB	GB
S1_TRAIN_002151	Titan Heavy Machinery 7435 Ltd.	1335 Rue de Rivoli, Leeds, 73692, GB	GB
S1_TRAIN_002152	OmniSource Global 6731 K.K.	9391 High Street, Fukuoka, 49775, JP	JP
S1_TRAIN_002153	Waveform Acoustic 6259 Incorporated	6426 Park Avenue, Boston, 43209, US	US
S1_TRAIN_002154	Summit Mountain Gear 7431 Pte. Ltd.	7137 Friedrichstrasse, Singapore, 17948, SG	SG
S1_TRAIN_002155	Taylor & Associates 7456 Inc.	7741 Washington Blvd, Toronto, 40976, CA	CA
S1_TRAIN_002156	Sierra Nevada Brewing 4326 GmbH & Co. KG	4952 Main St, Berlin, 81151, DE	DE
S1_TRAIN_002157	OmniSource Global 6341 LLC	2658 Queen Street, Boston, 73392, US	US
S1_TRAIN_002158	Sapphire Healthcare 6776 Co. Ltd.	840 Broadway, London, 73454, GB	GB
S1_TRAIN_002159	Riverstone Capital 2456 Kabushiki Kaisha	2486 Friedrichstrasse, Yokohama, 31812, JP	JP
S1_TRAIN_002160	Vista Window Systems 6230 Kabushiki Kaisha	6830 Harbor Drive, Nagoya, 11495, JP	JP
S1_TRAIN_002161	Prime Auto Group 8977 SNC	7256 Maple Ave, Paris, 67764, FR	FR
S1_TRAIN_002162	Pathfinder Robotics 3651 SAS	3011 Elm Street, Toulouse, 68201, FR	FR
S1_TRAIN_002163	Centurion Security 6667 K.K.	3305 Queen Street, Osaka, 31491, JP	JP
S1_TRAIN_002164	Lantern Publishing 851 Pvt Ltd	9657 Maple Ave, Mumbai, 40118, IN	IN
S1_TRAIN_002165	Pathfinder Robotics 9274 Ltd	38 King Street, Melbourne, 62275, AU	AU
S1_TRAIN_002166	Latitude Geospatial 7904 Incorporated	4341 Bay Street, New York, 43267, US	US
S1_TRAIN_002167	SoundWave Media 161 Proprietary Limited	5736 Commercial Road, Melbourne, 50765, AU	AU
S1_TRAIN_002168	Pacific Rim Trading 5457 Incorporated	6952 Church St, Dallas, 82174, US	US
S1_TRAIN_002169	White Cloud Technologies 9669 Ltd.	4082 Broadway, Mumbai, 19851, IN	IN
S1_TRAIN_002170	Emerald City Foods 5342 G.K.	3422 George Street, Fukuoka, 87577, JP	JP
S1_TRAIN_002171	Dynamo Retail 4123 Enterprises	9297 Queen Street, Kolkata, 57486, IN	IN
S1_TRAIN_002172	Quantum Computing Labs 137 ULC	8879 Industrial Boulevard, Vancouver, 82968, CA	CA
S1_TRAIN_002173	Apex Logistics 318 UG	678 Victoria Road, Berlin, 33435, DE	DE
S1_TRAIN_002174	Wellspring Health 60 PLC	5913 Rue de Rivoli, Bristol, 49001, GB	GB
S1_TRAIN_002175	Vanguard Asset Management 294 Co. Ltd.	6648 Industrial Boulevard, Birmingham, 99252, GB	GB
S1_TRAIN_002176	CoreLogic Solutions 7886 K.K.	8895 Queen Street, Nagoya, 34725, JP	JP
S1_TRAIN_002177	Paramount Construction 8318 SNC	9100 Brigade Road, Lyon, 38333, FR	FR
S1_TRAIN_002178	Threshold Interactive 2516 Ltée	7954 Bay Street, Vancouver, 19892, CA	CA
S1_TRAIN_002179	Quest Diagnostics Global 8133 B.V.	2167 King Street, The Hague, 13631, NL	NL
S1_TRAIN_002180	Laguna Marine 3717 Limited	62 Friedrichstrasse, Chennai, 45212, IN	IN
S1_TRAIN_002181	Olympus Chemical 8775 AG	1267 Broadway, Frankfurt, 66276, DE	DE
S1_TRAIN_002182	Nautilus Oceanic 1814 Proprietary Limited	9197 Queen Street, Melbourne, 71308, AU	AU
S1_TRAIN_002183	CyberShield Defense 2914 NL	7366 Rue de Rivoli, Adelaide, 40885, AU	AU
S1_TRAIN_002184	Riverstone Capital 8502 SNC	6167 Maple Ave, Lyon, 57435, FR	FR
S1_TRAIN_002185	Premier Dental Care 5037 ULC	705 King Street, Ottawa, 30537, CA	CA
S1_TRAIN_002186	White Cloud Technologies 817 N.V.	9854 Main St, Utrecht, 18626, NL	NL
S1_TRAIN_002187	Fusion Power Dynamics 5997 NL	542 Market Street, Adelaide, 38943, AU	AU
S1_TRAIN_002188	Viking Freight 5441 Enterprises	1782 Brigade Road, Hyderabad, 24896, IN	IN
S1_TRAIN_002189	Nova Medical Devices 6900 N.V.	1078 Main St, Amsterdam, 78380, NL	NL
S1_TRAIN_002190	TransNational Logistics 3650 Limited	8643 Maple Ave, Montreal, 45769, CA	CA
S1_TRAIN_002191	ProActive Safety 6807 SAS	5783 Park Avenue, Toulouse, 42662, FR	FR
S1_TRAIN_002192	Integrity Consulting 2348 B.V.	622 Elm Street, Amsterdam, 93382, NL	NL
S1_TRAIN_002193	Renaissance Arts 8246 SA	5323 Harbor Drive, Lyon, 51693, FR	FR
S1_TRAIN_002194	Crestview Holdings 7093 SARL	9354 Oxford Street, Marseille, 39443, FR	FR
S1_TRAIN_002195	Vibrant Media Group 9666 Limited	5682 Victoria Road, Kolkata, 32874, IN	IN
S1_TRAIN_002196	Silverline Transport 1616 Ltée	7888 Main St, Vancouver, 40466, CA	CA
S1_TRAIN_002197	Kinetic Sports 6933 NL	2500 Industrial Boulevard, Sydney, 48419, AU	AU
S1_TRAIN_002198	Galaxy Softworks 5352 PLC	7987 Main St, Edinburgh, 21766, GB	GB
S1_TRAIN_002199	Delta Wave Electronics 1290 B.V.	6100 Commercial Road, Rotterdam, 21482, NL	NL
S1_TRAIN_002200	Dynamo Retail 9608 PLC	5657 Brigade Road, Edinburgh, 12794, GB	GB
S1_TRAIN_002201	Safeguard Insurance 1804 GmbH	5865 Station Road, Hamburg, 75034, DE	DE
S1_TRAIN_002202	BrightPath Financial 7055 Co. Ltd.	2198 George Street, Bristol, 19756, GB	GB
S1_TRAIN_002203	Milestone Education 2521 Corporation	9214 Maple Ave, Boston, 96445, US	US
S1_TRAIN_002204	Vista Window Systems 3536 Pte. Ltd.	689 Orchard Road, Singapore, 87707, SG	SG
S1_TRAIN_002205	Eagle Eye Surveillance 4662 Private Limited	3548 High Street, Singapore, 88629, SG	SG
S1_TRAIN_002206	Polaris Navigation 1878 LLP	8569 Church St, Singapore, 24926, SG	SG
S1_TRAIN_002207	Summit Mountain Gear 8787 Pvt. Ltd.	2886 Rue de Rivoli, Hyderabad, 78682, IN	IN
S1_TRAIN_002208	GreenLeaf Organics 8000 LLP	9077 Main St, Kolkata, 24714, IN	IN
S1_TRAIN_002209	Keystone Civil Works 472 Kabushiki Kaisha	6560 High Street, Osaka, 89122, JP	JP
S1_TRAIN_002210	Saturn Heavy Industries 4317 N.V.	6209 George Street, Amsterdam, 79055, NL	NL
S1_TRAIN_002211	Optima Insurance 7064 LLP	9956 King Street, Boston, 57899, US	US
S1_TRAIN_002212	TrueNorth Consulting 7191 Corp.	267 Market Street, Ottawa, 14243, CA	CA
S1_TRAIN_002213	Lantern Publishing 7696 SARL	302 Brigade Road, Toulouse, 98736, FR	FR
S1_TRAIN_002214	Serenity Living 9130 SAS	2636 Elm Street, Paris, 64484, FR	FR
S1_TRAIN_002215	Genesis Industrial 6144 Pty Ltd	390 Station Road, Brisbane, 96269, AU	AU
S1_TRAIN_002216	Serenity Living 6578 SARL	8356 Orchard Road, Lyon, 72693, FR	FR
S1_TRAIN_002217	Legacy Manufacturing 8621 Inc.	491 Main St, Toronto, 86056, CA	CA
S1_TRAIN_002218	Western Digital Systems 4555 LLP	9280 Elm Street, Leeds, 94386, GB	GB
S1_TRAIN_002219	Voyager Travel Group 3190 AG	9923 Orchard Road, Berlin, 59491, DE	DE
S1_TRAIN_002220	GreenLeaf Organics 7412 AG	69 High Street, Hamburg, 31749, DE	DE
S1_TRAIN_002221	Zephyr Clean Energy 7670 SA	5889 Industrial Boulevard, Paris, 20330, FR	FR
S1_TRAIN_002222	Turbine Power Systems 2720 Kabushiki Kaisha	1138 Station Road, Tokyo, 64108, JP	JP
S1_TRAIN_002223	Fusion Power Dynamics 7993 G.K.	4513 Queen Street, Yokohama, 73689, JP	JP
S1_TRAIN_002224	Genesis Industrial 7761 Ltd.	4618 Church St, Singapore, 49681, SG	SG
S1_TRAIN_002225	Golden Gate Trading 2623 NL	4114 Market Street, Adelaide, 80345, AU	AU
S1_TRAIN_002226	Delta Wave Electronics 4003 SA	1259 Friedrichstrasse, Lyon, 49348, FR	FR
S1_TRAIN_002227	Delta Wave Electronics 1801 G.K.	2499 Victoria Road, Tokyo, 59841, JP	JP
S1_TRAIN_002228	Legacy Manufacturing 9401 Ltd.	1398 Bay Street, Singapore, 13212, SG	SG
S1_TRAIN_002229	Treasure Coast Marine 2052 GmbH & Co. KG	9819 King Street, Hamburg, 28745, DE	DE
S1_TRAIN_002230	Emerald City Foods 3245 Ltd.	1817 Broadway, Glasgow, 83710, GB	GB
S1_TRAIN_002231	Guardian Asset Management 5159 PLC	37 Elm Street, Leeds, 50595, GB	GB
S1_TRAIN_002232	Pinnacle Pharmaceuticals 7426 Co. Ltd.	8247 King Street, Birmingham, 70132, GB	GB
S1_TRAIN_002233	New Horizon Health 7763 LLP	7500 Market Street, Kolkata, 53007, IN	IN
S1_TRAIN_002234	Titan Heavy Machinery 3763 ULC	3748 Broadway, Ottawa, 61535, CA	CA
S1_TRAIN_002235	Harbor Light Logistics 6990 SAS	1071 Brigade Road, Marseille, 94659, FR	FR
S1_TRAIN_002236	Eagle Eye Surveillance 439 Kabushiki Kaisha	5445 Bay Street, Yokohama, 48708, JP	JP
S1_TRAIN_002237	SoundWave Media 6554 SA	9199 Queen Street, Bordeaux, 59620, FR	FR
S1_TRAIN_002238	Catalyst Innovation 878 SNC	1177 Main St, Toulouse, 68263, FR	FR
S1_TRAIN_002239	Delta Wave Electronics 7248 Ltd.	6933 Victoria Road, Glasgow, 16825, GB	GB
S1_TRAIN_002240	Orbit Satellite Services 5476 B.V.	4577 Friedrichstrasse, The Hague, 39812, NL	NL
S1_TRAIN_002241	Olympus Chemical 6129 Enterprises	1785 Elm Street, Mumbai, 72920, IN	IN
S1_TRAIN_002242	Nebula Cloud Hosting 9596 B.V.	6623 Bay Street, Rotterdam, 55610, NL	NL
S1_TRAIN_002243	Supreme Logistics 4972 Private Limited	8300 Oxford Street, Singapore, 74921, SG	SG
S1_TRAIN_002244	Resolute Mining 1516 Proprietary Limited	4481 Brigade Road, Sydney, 85563, AU	AU
S1_TRAIN_002245	United Parcel Express 1660 SARL	7578 Station Road, Lyon, 89629, FR	FR
S1_TRAIN_002246	Whispering Pines Resort 1990 Private Limited	402 Station Road, Singapore, 61537, SG	SG
S1_TRAIN_002247	Kodiak Tactical 9819 Inc.	2168 King Street, Montreal, 72316, CA	CA
S1_TRAIN_002248	Vanguard Asset Management 898 GmbH	2845 Maple Ave, Berlin, 61043, DE	DE
S1_TRAIN_002249	Vertex Engineering 1315 PLC	908 Harbor Drive, Bristol, 20900, GB	GB
S1_TRAIN_002250	Liberty Title Agency 8426 Ltd.	3785 Park Avenue, Manchester, 10158, GB	GB
S1_TRAIN_002251	Vista Window Systems 9187 Private Limited	3222 Market Street, Singapore, 98323, SG	SG
S1_TRAIN_002252	Luminary Lighting 4300 K.K.	7639 Rue de Rivoli, Tokyo, 92325, JP	JP
S1_TRAIN_002253	Prosper Wealth Advisors 1151 B.V.	1177 Market Street, Rotterdam, 79508, NL	NL
S1_TRAIN_002254	Pinnacle Pharmaceuticals 1035 Ltée	3107 Market Street, Toronto, 64193, CA	CA
S1_TRAIN_002255	BlueSky Technologies 3995 LLP	1110 Elm Street, Mumbai, 84916, IN	IN
S1_TRAIN_002256	Ultratech Industrial 6592 SARL	6235 Industrial Boulevard, Paris, 88971, FR	FR
S1_TRAIN_002257	Hyperion Solar 5129 Pvt Ltd	4215 George Street, Chennai, 43834, IN	IN
S1_TRAIN_002258	Radiant Energy 8312 Limited	1219 Broadway, Edinburgh, 50515, GB	GB
S1_TRAIN_002259	Sapphire Healthcare 1396 GmbH	5698 Victoria Road, Frankfurt, 87834, DE	DE
S1_TRAIN_002260	Orbit Satellite Services 9456 LLP	260 Market Street, Bristol, 44923, GB	GB
S1_TRAIN_002261	Apex Logistics 2871 N.V.	9658 Commercial Road, Utrecht, 84419, NL	NL
S1_TRAIN_002262	Sentient AI Systems 9485 AG	9246 Park Avenue, Frankfurt, 94344, DE	DE
S1_TRAIN_002263	Resolute Mining 195 Limited	2432 George Street, Ottawa, 56549, CA	CA
S1_TRAIN_002264	Silverline Transport 2395 B.V.	4141 Washington Blvd, Rotterdam, 93557, NL	NL
S1_TRAIN_002265	Clearwater Analytics 7729 G.K.	1364 MG Road, Yokohama, 32513, JP	JP
S1_TRAIN_002266	OnPoint Diagnostics 2447 Pvt. Ltd.	2192 Rue de Rivoli, Bengaluru, 10862, IN	IN
S1_TRAIN_002267	Radiant Energy 2625 SNC	7044 Victoria Road, Bordeaux, 37438, FR	FR
S1_TRAIN_002268	Vista Window Systems 320 LLC	531 Park Avenue, Boston, 77275, US	US
S1_TRAIN_002269	Helix BioSciences 3408 Corporation	6855 MG Road, New York, 11407, US	US
S1_TRAIN_002270	Lantern Publishing 5280 LLC	8667 Harbor Drive, Austin, 40266, US	US
S1_TRAIN_002271	First Horizon Banking 7123 B.V.	494 Church St, Rotterdam, 89448, NL	NL
S1_TRAIN_002272	Safeguard Insurance 5007 Corp.	24 MG Road, Chicago, 43323, US	US
S1_TRAIN_002273	Luminary Lighting 9508 SA	8956 Main St, Paris, 47669, FR	FR
S1_TRAIN_002274	Voyager Travel Group 2785 K.K.	2124 Elm Street, Tokyo, 48760, JP	JP
S1_TRAIN_002275	Apex Logistics 5208 LLC	9391 Maple Ave, Atlanta, 64486, US	US
S1_TRAIN_002276	Waveform Acoustic 2665 Limited	787 Church St, Pune, 52516, IN	IN
S1_TRAIN_002277	Western Digital Systems 5015 SARL	5569 Industrial Boulevard, Toulouse, 98652, FR	FR
S1_TRAIN_002278	NorthStar Financial 5233 G.K.	7586 Industrial Boulevard, Fukuoka, 68369, JP	JP
S1_TRAIN_002279	Taylor & Associates 307 ULC	5878 Oxford Street, Toronto, 79946, CA	CA
S1_TRAIN_002280	TerraFirma Landscaping 7716 PLC	7075 Church St, Edinburgh, 18835, GB	GB
S1_TRAIN_002281	Modern Precision 5972 N.V.	5341 High Street, Rotterdam, 56219, NL	NL
S1_TRAIN_002282	TerraFirma Landscaping 8983 Limited	5005 Victoria Road, Toronto, 53431, CA	CA
S1_TRAIN_002283	Equinox Venture Partners 1438 LLP	9339 Church St, Singapore, 56746, SG	SG
S1_TRAIN_002284	Insightful Analytics 4462 SARL	1153 King Street, Toulouse, 27026, FR	FR
S1_TRAIN_002285	Serenity Living 4601 LLP	1915 Harbor Drive, Singapore, 42298, SG	SG
S1_TRAIN_002286	Polaris Navigation 797 ULC	7959 Orchard Road, Vancouver, 80910, CA	CA
S1_TRAIN_002287	Starfire Gaming 4231 Inc.	6487 Friedrichstrasse, Ottawa, 41812, CA	CA
S1_TRAIN_002288	TransNational Logistics 4870 Ltd	4140 Friedrichstrasse, Brisbane, 50593, AU	AU
S1_TRAIN_002289	CloudScale Systems 7404 LLP	6981 Harbor Drive, Singapore, 27752, SG	SG
S1_TRAIN_002290	Optima Insurance 9307 Limited	508 Bay Street, Bristol, 43962, GB	GB
S1_TRAIN_002291	Supreme Logistics 888 SA	9377 Victoria Road, Bordeaux, 66255, FR	FR
S1_TRAIN_002292	Vertex Engineering 9047 Limited	8623 Rue de Rivoli, Leeds, 50557, GB	GB
S1_TRAIN_002293	Infinity Robotics 5183 Inc.	8321 Rue de Rivoli, New York, 80071, US	US
S1_TRAIN_002294	BlueSky Technologies 3872 Ltée	9632 Elm Street, Calgary, 89169, CA	CA
S1_TRAIN_002295	Sterling Bank & Trust 5457 LLP	1426 Brigade Road, Austin, 28119, US	US
S1_TRAIN_002296	Fleetwood Engineering 4666 B.V.	4301 Market Street, The Hague, 87887, NL	NL
S1_TRAIN_002297	Fusion Power Dynamics 4026 NL	1227 Rue de Rivoli, Perth, 48275, AU	AU
S1_TRAIN_002298	Clearwater Analytics 2438 Corp.	1861 George Street, New York, 71638, US	US
S1_TRAIN_002299	Prosper Wealth Advisors 5066 NL	4491 Elm Street, Brisbane, 71617, AU	AU
S1_TRAIN_002300	Guardian Asset Management 1766 G.K.	9783 Brigade Road, Yokohama, 22221, JP	JP
S1_TRAIN_002301	Viking Freight 234 Pte. Ltd.	7170 Main St, Singapore, 63113, SG	SG
S1_TRAIN_002302	Lighthouse Hospitality 6079 GmbH	9514 Station Road, Frankfurt, 53642, DE	DE
S1_TRAIN_002303	Prime Auto Group 3478 UG	8188 Main St, Hamburg, 75328, DE	DE
S1_TRAIN_002304	Crestview Holdings 4307 Private Limited	8513 Main St, Singapore, 33323, SG	SG
S1_TRAIN_002305	Vista Window Systems 3011 Pvt Ltd	7277 Elm Street, Bengaluru, 59089, IN	IN
S1_TRAIN_002306	Olympus Chemical 1767 Enterprises	3395 High Street, Bengaluru, 86548, IN	IN
S1_TRAIN_002307	Peak Performance Fitness 2988 Limited	3173 Washington Blvd, Glasgow, 99897, GB	GB
S1_TRAIN_002308	Vanguard Asset Management 9985 Pvt. Ltd.	5525 Main St, Bengaluru, 39403, IN	IN
S1_TRAIN_002309	Sunlight Solar Power 2064 LLP	7591 Brigade Road, Chennai, 68257, IN	IN
S1_TRAIN_002310	Xcel Precision Tools 8872 K.K.	8971 Industrial Boulevard, Fukuoka, 29043, JP	JP
S1_TRAIN_002311	Eagle Eye Surveillance 2743 LLP	4239 Queen Street, Singapore, 64520, SG	SG
S1_TRAIN_002312	ProActive Safety 319 Ltd.	2550 Friedrichstrasse, Singapore, 92264, SG	SG
S1_TRAIN_002313	Waveform Acoustic 9929 NL	7841 Station Road, Perth, 71355, AU	AU
S1_TRAIN_002314	Navitas Clean Energy 2541 Private Limited	2234 Maple Ave, Singapore, 77193, SG	SG
S1_TRAIN_002315	Universal Aerospace 8454 Pte. Ltd.	6344 Station Road, Singapore, 62142, SG	SG
S1_TRAIN_002316	Global Trade Alliance 7639 B.V.	2855 Broadway, Rotterdam, 44407, NL	NL
S1_TRAIN_002317	Precision Machining 296 Co. Ltd.	1403 Maple Ave, Glasgow, 90845, GB	GB
S1_TRAIN_002318	Seaside Seafood Co 1684 GmbH	7857 High Street, Munich, 71255, DE	DE
S1_TRAIN_002319	Peak Performance Fitness 7423 LLP	6755 Queen Street, Pune, 20910, IN	IN
S1_TRAIN_002320	CyberShield Defense 1501 LLP	7684 High Street, New York, 16684, US	US
S1_TRAIN_002321	Summit Mountain Gear 5933 Inc.	6099 Main St, Austin, 16300, US	US
S1_TRAIN_002322	Visionary Healthcare 2878 Corporation	2821 Main St, San Francisco, 91278, US	US
S1_TRAIN_002323	Oakwood Furnishings 3770 N.V.	9749 Station Road, The Hague, 69153, NL	NL
S1_TRAIN_002324	Treasure Coast Marine 4226 Pvt Ltd	1367 Queen Street, Bengaluru, 63013, IN	IN
S1_TRAIN_002325	White Cloud Technologies 3461 SARL	6003 High Street, Marseille, 22178, FR	FR
S1_TRAIN_002326	Pulse Digital Marketing 6480 N.V.	8743 Bay Street, The Hague, 25101, NL	NL
S1_TRAIN_002327	Overland Express 8536 Pty Ltd	6406 Harbor Drive, Adelaide, 77660, AU	AU
S1_TRAIN_002328	Oceanic Seafoods 8247 Ltd.	740 Queen Street, Singapore, 98321, SG	SG
S1_TRAIN_002329	Latitude Geospatial 5200 Pvt. Ltd.	9686 Harbor Drive, Hyderabad, 24323, IN	IN
S1_TRAIN_002330	TransNational Logistics 9076 AG	2719 Brigade Road, Stuttgart, 20010, DE	DE
S1_TRAIN_002331	Wildcat Oil Exploration 3254 Proprietary Limited	654 Main St, Adelaide, 30473, AU	AU
S1_TRAIN_002332	Halo Interactive 9412 K.K.	1671 Church St, Fukuoka, 89922, JP	JP
S1_TRAIN_002333	Saturn Heavy Industries 8973 NL	1321 Industrial Boulevard, Perth, 44373, AU	AU
S1_TRAIN_002334	Horizon Freight 8177 AG	4448 High Street, Stuttgart, 55106, DE	DE
S1_TRAIN_002335	Sigma BioPharma 8495 N.V.	8877 Elm Street, The Hague, 78778, NL	NL
S1_TRAIN_002336	Gateway Telecom 9524 Limited	5379 Main St, Calgary, 88914, CA	CA
S1_TRAIN_002337	Resolute Mining 5454 LLP	3421 Elm Street, Bristol, 42921, GB	GB
S1_TRAIN_002338	Titan Heavy Machinery 3972 Ltd.	1947 George Street, Singapore, 19162, SG	SG
S1_TRAIN_002339	Crestview Holdings 7625 LLC	4135 Station Road, Atlanta, 77955, US	US
S1_TRAIN_002340	Compass Point Marine 3493 SNC	8062 Washington Blvd, Lyon, 18835, FR	FR
S1_TRAIN_002341	Iconic Architecture 1027 Co. Ltd.	1254 Washington Blvd, Manchester, 37486, GB	GB
S1_TRAIN_002342	Nexus Telecom 4896 UG	5429 Orchard Road, Stuttgart, 77318, DE	DE
S1_TRAIN_002343	Cedar Point Energy 2708 K.K.	5548 Industrial Boulevard, Yokohama, 28285, JP	JP
S1_TRAIN_002344	Helix BioSciences 8796 Kabushiki Kaisha	8727 Victoria Road, Osaka, 47559, JP	JP
S1_TRAIN_002345	Summit Mountain Gear 7542 Limited	2746 Harbor Drive, Edinburgh, 37473, GB	GB
S1_TRAIN_002346	Standard Petroleum 5537 LLP	8671 Market Street, Hyderabad, 70655, IN	IN
S1_TRAIN_002347	Keystone Civil Works 4402 SARL	119 Harbor Drive, Paris, 63306, FR	FR
S1_TRAIN_002348	Ultratech Industrial 6034 SARL	6968 Station Road, Lyon, 32738, FR	FR
S1_TRAIN_002349	Riverstone Capital 3615 Pvt. Ltd.	5643 Church St, Mumbai, 68741, IN	IN
S1_TRAIN_002350	Nova Medical Devices 5607 AG	8540 George Street, Frankfurt, 89119, DE	DE
S1_TRAIN_002351	Unified Communications 4678 Ltd.	8645 Brigade Road, Singapore, 61245, SG	SG
S1_TRAIN_002352	Luminary Lighting 7066 SAS	3071 MG Road, Lyon, 33372, FR	FR
S1_TRAIN_002353	TerraFirma Landscaping 4572 Ltd.	521 Oxford Street, Hyderabad, 73988, IN	IN
S1_TRAIN_002354	Summit Mountain Gear 9743 GmbH	1395 High Street, Munich, 26878, DE	DE
S1_TRAIN_002355	Sierra Nevada Brewing 1493 Ltd.	3668 Church St, Singapore, 42473, SG	SG
S1_TRAIN_002356	Dynamo Retail 626 K.K.	5997 Broadway, Tokyo, 38633, JP	JP
S1_TRAIN_002357	Renaissance Arts 8045 Ltd.	1162 Friedrichstrasse, Chennai, 51781, IN	IN
S1_TRAIN_002358	Serenity Living 5581 N.V.	9340 Maple Ave, Utrecht, 58608, NL	NL
S1_TRAIN_002359	Olympus Chemical 5312 Inc.	9227 Market Street, Calgary, 92777, CA	CA
S1_TRAIN_002360	Dynamo Retail 9162 Corp.	2629 Commercial Road, Ottawa, 51018, CA	CA
S1_TRAIN_002361	Sigma BioPharma 2688 Ltd.	5134 Washington Blvd, Leeds, 22619, GB	GB
S1_TRAIN_002362	Grandview Real Estate 984 Limited	2221 King Street, Toronto, 72073, CA	CA
S1_TRAIN_002363	Iconic Architecture 5938 Ltée	1501 Harbor Drive, Vancouver, 32089, CA	CA
S1_TRAIN_002364	Cascade Capital 9436 Pty Ltd	1451 Industrial Boulevard, Sydney, 82309, AU	AU
S1_TRAIN_002365	West Coast Distribution 441 Proprietary Limited	4144 Maple Ave, Perth, 21605, AU	AU
S1_TRAIN_002366	Kodiak Tactical 4293 K.K.	1125 Rue de Rivoli, Nagoya, 36493, JP	JP
S1_TRAIN_002367	Hyperion Solar 8087 Corp.	1901 Market Street, Montreal, 25269, CA	CA
S1_TRAIN_002368	Harbor Light Logistics 1415 Inc.	3667 Park Avenue, Ottawa, 15168, CA	CA
S1_TRAIN_002369	Starfire Gaming 8656 PLC	6753 Bay Street, Glasgow, 49586, GB	GB
S1_TRAIN_002370	First Horizon Banking 9377 Co. Ltd.	9669 Elm Street, Bristol, 14731, GB	GB
S1_TRAIN_002371	Vibrant Media Group 3555 Inc.	9202 Bay Street, Montreal, 37118, CA	CA
S1_TRAIN_002372	Sentient AI Systems 883 Proprietary Limited	1394 Rue de Rivoli, Sydney, 11487, AU	AU
S1_TRAIN_002373	Cedar Point Energy 1836 Ltée	376 Industrial Boulevard, Vancouver, 42638, CA	CA
S1_TRAIN_002374	Orbit Satellite Services 7525 Pvt. Ltd.	6183 Park Avenue, Mumbai, 37389, IN	IN
S1_TRAIN_002375	Vibrant Media Group 899 UG	3080 Main St, Hamburg, 85147, DE	DE
S1_TRAIN_002376	Prairie Wind Renewables 6508 B.V.	2244 Victoria Road, Rotterdam, 42482, NL	NL
S1_TRAIN_002377	CrossRoads Transport 4495 Inc.	4091 MG Road, Atlanta, 33934, US	US
S1_TRAIN_002378	Modern Precision 4675 G.K.	3158 Church St, Yokohama, 91664, JP	JP
S1_TRAIN_002379	Rockwell Automation Systems 5490 B.V.	8076 Elm Street, Amsterdam, 34445, NL	NL
S1_TRAIN_002380	Paramount Construction 9018 AG	5184 Commercial Road, Frankfurt, 24754, DE	DE
S1_TRAIN_002381	Solaria Energy Systems 2705 Corp.	8891 Rue de Rivoli, Calgary, 83504, CA	CA
S1_TRAIN_002382	Lantern Publishing 8715 Corp.	3857 Oxford Street, New York, 63896, US	US
S1_TRAIN_002383	Sapphire Healthcare 4355 Limited	8047 Brigade Road, Leeds, 21578, GB	GB
S1_TRAIN_002384	Kinetic Sports 1731 SNC	2764 Commercial Road, Marseille, 85377, FR	FR
S1_TRAIN_002385	Falcon Heavy Transport 4414 Pty Ltd	7200 Commercial Road, Sydney, 33365, AU	AU
S1_TRAIN_002386	Cedar Point Energy 3249 Private Limited	8461 Park Avenue, Singapore, 89635, SG	SG
S1_TRAIN_002387	Matrix Computing 6211 AG	6525 Industrial Boulevard, Frankfurt, 75637, DE	DE
S1_TRAIN_002388	Kodiak Tactical 8190 SA	448 Oxford Street, Paris, 36005, FR	FR
S1_TRAIN_002389	Elevate Digital 1520 N.V.	2256 Washington Blvd, The Hague, 29947, NL	NL
S1_TRAIN_002390	Windward Nautical 7292 Ltée	3798 Orchard Road, Calgary, 80133, CA	CA
S1_TRAIN_002391	Cedar Point Energy 9906 B.V.	5910 George Street, Amsterdam, 14344, NL	NL
S1_TRAIN_002392	Prism Optical 4254 Corp.	8646 Oxford Street, Chicago, 92361, US	US
S1_TRAIN_002393	Volt Electrical Services 6881 LLP	9346 Rue de Rivoli, Kolkata, 53348, IN	IN
S1_TRAIN_002394	Pioneer Drilling 7009 N.V.	2265 Queen Street, Utrecht, 21081, NL	NL
S1_TRAIN_002395	Zephyr Clean Energy 1096 SA	5015 Oxford Street, Lyon, 70418, FR	FR
S1_TRAIN_002396	Halo Interactive 6924 Pty Ltd	7970 Maple Ave, Adelaide, 21940, AU	AU
S1_TRAIN_002397	Redwood Software 210 SA	2056 Broadway, Bordeaux, 99533, FR	FR
S1_TRAIN_002398	Matrix Computing 9278 Proprietary Limited	1473 Queen Street, Adelaide, 47803, AU	AU
S1_TRAIN_002399	OnPoint Diagnostics 2454 K.K.	3495 Washington Blvd, Osaka, 73359, JP	JP
S1_TRAIN_002400	Genesis Industrial 6793 GmbH	7477 Oxford Street, Hamburg, 71912, DE	DE
S1_TRAIN_002401	SoundWave Media 9741 Pty Ltd	34 Harbor Drive, Sydney, 73916, AU	AU
S1_TRAIN_002402	ProActive Safety 1954 LLP	4224 Bay Street, Birmingham, 43368, GB	GB
S1_TRAIN_002403	WorldBridge Express 4948 SA	8458 Harbor Drive, Lyon, 81646, FR	FR
S1_TRAIN_002404	Turbine Power Systems 2409 AG	5478 Industrial Boulevard, Munich, 22426, DE	DE
S1_TRAIN_002405	Vanguard Asset Management 9092 Incorporated	6655 Industrial Boulevard, Austin, 73317, US	US
S1_TRAIN_002406	Prime Auto Group 5038 Private Limited	20 Broadway, Singapore, 11818, SG	SG
S1_TRAIN_002407	Crestview Holdings 8647 K.K.	7122 Victoria Road, Fukuoka, 86027, JP	JP
S1_TRAIN_002408	Sierra Nevada Brewing 576 B.V.	8268 Oxford Street, Rotterdam, 45562, NL	NL
S1_TRAIN_002409	MicroTech Semiconductor 4408 UG	7236 Station Road, Hamburg, 27462, DE	DE
S1_TRAIN_002410	Sigma BioPharma 1687 SA	8166 Oxford Street, Bordeaux, 72472, FR	FR
S1_TRAIN_002411	Clearwater Analytics 3176 Proprietary Limited	2444 Market Street, Brisbane, 17996, AU	AU
S1_TRAIN_002412	Veritas Legal Services 4190 AG	7264 Commercial Road, Munich, 39187, DE	DE
S1_TRAIN_002413	Whispering Pines Resort 541 SA	6244 High Street, Marseille, 39766, FR	FR
S1_TRAIN_002414	Skyline Real Estate 5617 Ltd.	4453 Market Street, Pune, 70946, IN	IN
S1_TRAIN_002415	Catalyst Innovation 1014 AG	6688 Bay Street, Munich, 88706, DE	DE
S1_TRAIN_002416	Serenity Living 7119 ULC	2123 Oxford Street, Vancouver, 29588, CA	CA
S1_TRAIN_002417	Kinetic Sports 7726 Inc.	9570 Church St, New York, 50919, US	US
S1_TRAIN_002418	Insightful Analytics 2029 Kabushiki Kaisha	8739 MG Road, Yokohama, 46822, JP	JP
S1_TRAIN_002419	TrueNorth Consulting 208 Ltd	7208 Brigade Road, Perth, 23241, AU	AU
S1_TRAIN_002420	Orbit Satellite Services 5033 Proprietary Limited	6024 Broadway, Melbourne, 74155, AU	AU
S1_TRAIN_002421	Renaissance Arts 3248 B.V.	8673 Orchard Road, The Hague, 57534, NL	NL
S1_TRAIN_002422	Jupiter Aerospace 9884 SARL	7680 Maple Ave, Bordeaux, 98727, FR	FR
S1_TRAIN_002423	OmniSource Global 5945 PLC	490 King Street, Bristol, 26746, GB	GB
S1_TRAIN_002424	Radiant Energy 7118 G.K.	604 Washington Blvd, Fukuoka, 62857, JP	JP
S1_TRAIN_002425	Synthesis Data Labs 8715 Ltd.	9168 Market Street, Singapore, 86490, SG	SG
S1_TRAIN_002426	GreenLeaf Organics 1691 UG	6561 Elm Street, Frankfurt, 41721, DE	DE
S1_TRAIN_002427	Treasure Coast Marine 5519 N.V.	3295 Main St, Utrecht, 82919, NL	NL
S1_TRAIN_002428	Dynamo Retail 7700 Inc.	514 MG Road, Dallas, 17022, US	US
S1_TRAIN_002429	Zephyr Clean Energy 2749 AG	7557 King Street, Hamburg, 36855, DE	DE
S1_TRAIN_002430	Windward Nautical 3351 Proprietary Limited	4390 Friedrichstrasse, Adelaide, 83961, AU	AU
S1_TRAIN_002431	Nautilus Oceanic 8991 K.K.	376 Bay Street, Fukuoka, 67981, JP	JP
S1_TRAIN_002432	Meridian Wealth 1497 SARL	381 High Street, Toulouse, 88573, FR	FR
S1_TRAIN_002433	Veritas Legal Services 5993 Kabushiki Kaisha	4679 Main St, Tokyo, 55884, JP	JP
S1_TRAIN_002434	Kodiak Tactical 8841 SAS	5335 High Street, Bordeaux, 27140, FR	FR
S1_TRAIN_002435	Redwood Software 1484 N.V.	4481 Friedrichstrasse, Rotterdam, 42179, NL	NL
S1_TRAIN_002436	Guardian Asset Management 5299 LLP	739 Brigade Road, Austin, 77043, US	US
S1_TRAIN_002437	Luminary Lighting 3643 NL	4115 Commercial Road, Melbourne, 79257, AU	AU
S1_TRAIN_002438	Laguna Marine 8265 SAS	8538 Main St, Paris, 81552, FR	FR
S1_TRAIN_002439	Crestview Holdings 3473 SNC	7231 Oxford Street, Toulouse, 46202, FR	FR
S1_TRAIN_002440	Oceanic Seafoods 726 Ltée	6637 King Street, Ottawa, 51026, CA	CA
S1_TRAIN_002441	Unified Communications 728 Incorporated	5143 Broadway, Seattle, 78306, US	US
S1_TRAIN_002442	Acme Global 1646 Inc.	5172 Station Road, Ottawa, 10042, CA	CA
S1_TRAIN_002443	Oceanic Seafoods 7896 Inc.	1736 Main St, Ottawa, 14085, CA	CA
S1_TRAIN_002444	Modern Precision 5797 SAS	1518 Church St, Paris, 59123, FR	FR
S1_TRAIN_002445	Talon Security 1900 Ltée	6123 Washington Blvd, Calgary, 14742, CA	CA
S1_TRAIN_002446	Sigma BioPharma 7096 SAS	128 Rue de Rivoli, Paris, 80289, FR	FR
S1_TRAIN_002447	Summit Mountain Gear 5991 Corporation	1662 Victoria Road, Dallas, 88664, US	US
S1_TRAIN_002448	TerraFirma Landscaping 3605 ULC	3191 Park Avenue, Vancouver, 46627, CA	CA
S1_TRAIN_002449	Ivy League Education 7832 Co. Ltd.	5951 Rue de Rivoli, Leeds, 78439, GB	GB
S1_TRAIN_002450	Volt Electrical Services 2971 Private Limited	538 Harbor Drive, Singapore, 95153, SG	SG
S1_TRAIN_002451	Standard Petroleum 1342 Limited	2159 Harbor Drive, Bristol, 97578, GB	GB
S1_TRAIN_002452	Serenity Living 9516 Pvt. Ltd.	2469 George Street, Bengaluru, 38988, IN	IN
S1_TRAIN_002453	Cascade Capital 9547 Pte. Ltd.	6629 Elm Street, Singapore, 81771, SG	SG
S1_TRAIN_002454	Volt Electrical Services 9123 Incorporated	6670 Oxford Street, Seattle, 15570, US	US
S1_TRAIN_002455	Optima Insurance 489 Pte. Ltd.	5447 Elm Street, Singapore, 75732, SG	SG
S1_TRAIN_002456	Threshold Interactive 9135 ULC	8952 Washington Blvd, Ottawa, 55663, CA	CA
S1_TRAIN_002457	Orbit Satellite Services 7444 SA	5181 Industrial Boulevard, Toulouse, 34973, FR	FR
S1_TRAIN_002458	MicroTech Semiconductor 8117 Ltd.	6568 Washington Blvd, Chennai, 26182, IN	IN
S1_TRAIN_002459	Pioneer Drilling 2247 Kabushiki Kaisha	130 George Street, Fukuoka, 34856, JP	JP
S1_TRAIN_002460	Turbine Power Systems 6768 SNC	6486 Broadway, Paris, 58441, FR	FR
S1_TRAIN_002461	Sierra Nevada Brewing 8046 NL	1031 Industrial Boulevard, Sydney, 57700, AU	AU
S1_TRAIN_002462	Nimble Supply Chain 8561 N.V.	6398 Maple Ave, Utrecht, 18194, NL	NL
S1_TRAIN_002463	Overland Express 927 GmbH & Co. KG	5898 Main St, Munich, 39840, DE	DE
S1_TRAIN_002464	Elevate Digital 3088 Ltd.	6087 Oxford Street, Glasgow, 64225, GB	GB
S1_TRAIN_002465	Whispering Pines Resort 2025 Corp.	9481 Market Street, San Francisco, 45503, US	US
S1_TRAIN_002466	Spire Global Solutions 7955 G.K.	3225 Oxford Street, Osaka, 99248, JP	JP
S1_TRAIN_002467	Grandview Real Estate 1584 Ltd.	2413 Orchard Road, Leeds, 39895, GB	GB
S1_TRAIN_002468	BlueSky Technologies 699 N.V.	5092 Market Street, The Hague, 31315, NL	NL
S1_TRAIN_002469	Jade Palace Dining 5448 GmbH & Co. KG	7400 Rue de Rivoli, Stuttgart, 46993, DE	DE
S1_TRAIN_002470	TrueNorth Consulting 2443 GmbH & Co. KG	3043 Queen Street, Frankfurt, 26811, DE	DE
S1_TRAIN_002471	Hyperion Solar 9070 Corp.	4089 High Street, Boston, 42999, US	US
S1_TRAIN_002472	Radius Geospatial 6500 SARL	6208 Bay Street, Toulouse, 15801, FR	FR
S1_TRAIN_002473	Reliant Power Systems 1295 Private Limited	7744 Washington Blvd, Bengaluru, 51078, IN	IN
S1_TRAIN_002474	Jade Palace Dining 6391 Kabushiki Kaisha	3107 Maple Ave, Nagoya, 23464, JP	JP
S1_TRAIN_002475	Lighthouse Hospitality 4315 Limited	1996 Washington Blvd, Toronto, 11995, CA	CA
S1_TRAIN_002476	MicroTech Semiconductor 5825 Pvt Ltd	6258 Maple Ave, Chennai, 50093, IN	IN
S1_TRAIN_002477	Overland Express 3716 Corp.	9514 Oxford Street, Vancouver, 69103, CA	CA
S1_TRAIN_002478	Ultratech Industrial 4957 Limited	9827 Queen Street, Montreal, 88597, CA	CA
S1_TRAIN_002479	TrueNorth Consulting 1128 G.K.	1513 Orchard Road, Yokohama, 72411, JP	JP
S1_TRAIN_002480	Pacific Rim Trading 9383 B.V.	9946 Rue de Rivoli, Rotterdam, 43440, NL	NL
S1_TRAIN_002481	CloudScale Systems 3452 Corp.	2743 Industrial Boulevard, Toronto, 34407, CA	CA
S1_TRAIN_002482	Xcel Precision Tools 8608 Limited	7592 Church St, Calgary, 50586, CA	CA
S1_TRAIN_002483	Prism Optical 5788 Private Limited	7362 Main St, Singapore, 59496, SG	SG
S1_TRAIN_002484	Starlight Entertainment 2534 Ltd.	8828 Industrial Boulevard, Edinburgh, 26653, GB	GB
S1_TRAIN_002485	Harbor Light Logistics 7877 Kabushiki Kaisha	2190 Friedrichstrasse, Nagoya, 65923, JP	JP
S1_TRAIN_002486	Quest Diagnostics Global 9338 LLP	6592 High Street, Pune, 62545, IN	IN
S1_TRAIN_002487	Sunlight Solar Power 1501 PLC	5068 King Street, Glasgow, 66753, GB	GB
S1_TRAIN_002488	Linear Motion Control 2971 Co. Ltd.	3851 Bay Street, London, 71300, GB	GB
S1_TRAIN_002489	Spectra Chemical 1554 PLC	5539 George Street, Bristol, 85941, GB	GB
S1_TRAIN_002490	Prime Auto Group 3170 LLP	8136 Elm Street, Singapore, 33234, SG	SG
S1_TRAIN_002491	Pulse Digital Marketing 1179 ULC	7955 Park Avenue, Montreal, 43664, CA	CA
S1_TRAIN_002492	OmniSource Global 3606 K.K.	8920 Church St, Tokyo, 49030, JP	JP
S1_TRAIN_002493	Sentient AI Systems 6653 Ltd.	544 Main St, Birmingham, 22317, GB	GB
S1_TRAIN_002494	TransNational Logistics 1742 GmbH & Co. KG	4 Orchard Road, Frankfurt, 50346, DE	DE
S1_TRAIN_002495	Insightful Analytics 6762 Ltd	2561 Maple Ave, Perth, 19776, AU	AU
S1_TRAIN_002496	TrueNorth Consulting 9877 B.V.	7885 Station Road, Amsterdam, 39382, NL	NL
S1_TRAIN_002497	Cinnabar Creative 9569 LLP	2970 High Street, Singapore, 35384, SG	SG
S1_TRAIN_002498	Navitas Clean Energy 3666 Limited	8339 Commercial Road, Bengaluru, 60718, IN	IN
S1_TRAIN_002499	Safeguard Insurance 1697 AG	7274 King Street, Frankfurt, 91010, DE	DE
S1_TRAIN_002500	Sentient AI Systems 7650 Co.	5500 Broadway, San Francisco, 50403, US	US
