entity_id	business_name	business_address	country
S2_TRAIN_000623	Silicon Valley Micro 2992	Singapore, 3635 Market Street, 12191	SG
S2_TRAIN_000932	863 MicroTech	3202 Elm Street, Adelaide	AU
S2_TRAIN_000380	Acme Global 986	4111 Maple Ave, Marseille, 99128, FR	FR
S2_TRAIN_001576	ProActive Safety 1954 Ltd.	4224 Bay Street, Birmingham, 43368	GB
S2_TRAIN_001887	Overland Express Distractor 406 Pty Ltd	7064 Industrial Boulevard, Melbourne, AU	AU
S2_TRAIN_000528	TopTier Athletics 3465	8327 Victoria Road, Stuttgart, 86216	
S2_TRAIN_002161	Voyager Travel Group Distractor 983 Ltd.	3665 Brigade Road, Singapore, SG	SG
S2_TRAIN_001031	BrightPath Finaancial 9558	7309 Harbor Drive, Brisbane	
S2_TRAIN_000275	4510 Meridian	Sydney, 1828 Harbor Drive, 89144	AU
S2_TRAIN_000229	GUARDIAN ASSET MANAGEMENT 8748	5164 Commercial Road, The Hague, 82100	NL
S2_TRAIN_001306	Vibrant Media Group 505	Suite 818, 4009 Oxford Street, Pune - 58215	IN
S2_TRAIN_001325	Liberty Title Agency 451	7631 Bay St., Calgary, 65036, CA	CA
S2_TRAIN_002121	Catalyst Innovation Distractor 635 Ltd.	9120 Broadway, Singapore, SG	SG
S2_TRAIN_000286	Oceanic Seafoods 919	1937 Bay St., Berlin, 37745, DE	DE
S2_TRAIN_001759	Redwood Software Distractor 352 NL	6276 Oxford Street, Melbourne, AU	AU
S2_TRAIN_001947	Metro Urban Transit Distractor 836 SAS	1861 George Street, Marseille, FR	FR
S2_TRAIN_001501	Fusion Power Dynamics 4026	1227 Rue de Rivoli, Perth, 48275, AU	AU
S2_TRAIN_001102	Sunlight Solar Power 6309 LLC	5953 Brigade Road, Seattle	US
S2_TRAIN_001345	Renaissance Arts 65440	Suite 804, 9496 High Street, Utrecht - 13053	NL
S2_TRAIN_001509	Vanguard Asset Management 9985	5525 Main St, Bengaluru, 39403, IN	
S2_TRAIN_002367	Unified Communications Distractor 384 SAS	1569 Church St, Lyon, FR	FR
S2_TRAIN_001499	Infinity Robotics 5183 Co.	New York, 8321 Rue de Rivoli, 80071	US
S2_TRAIN_002382	Ultratech Industrial Distractor 470 PLC	6879 Victoria Road, Birmingham, GB	GB
S2_TRAIN_001995	Harmonic Audio Distractor 707 Ltée	8175 Station Road, Toronto, CA	CA
S2_TRAIN_001269	SILICON VALLEY MICRO 6414	2801 Oxford Street, Dallas	US
S2_TRAIN_001622	CloudScale Sys 3452	Suite 549, 2743 Industrial Boulevard, Toronto - 34407	
S2_TRAIN_000288	2585 Pathfinder	Suite 390, 105 Park Avenue, Dallas - 10946	US
S2_TRAIN_001092	Coompass Point Marine 9515	Hamburg, 3033 MG Road, 18749	
S2_TRAIN_001820	Premier Dental Care Distractor 961 N.V.	366 Queen Street, Rotterdam, NL	NL
S2_TRAIN_000975	Overland EExpress 4740	Mumbai, 6156 Broadway, 33088	IN
S2_TRAIN_000385	Windward Nautical 4495	8732 Victoria Rd, Toronto, 90538, CA	CA
S2_TRAIN_001602	Volt Electrical Services 2971	Suite 950, 538 Harbor Drive, Singapore - 95153	SG
S2_TRAIN_001997	Equinox Venture Partners Distractor 424 Incorporated	913 Brigade Road, Seattle, US	US
S2_TRAIN_000236	Quuest Diagnostics Global 5299	6777 Broadway, Amsterdam, 65514, NL	NL
S2_TRAIN_000629	6158 Sunrise	9858 High Street, The Hague	NL
S2_TRAIN_001620	6391 Jade	3107 Maple Ave, Nagoya	
S2_TRAIN_001994	Zenith Broadcast Group Distractor 713 N.V.	7710 Friedrichstrasse, Utrecht, NL	NL
S2_TRAIN_000156	Dynamo Retail 8963 LLP	7910 Maple Ave, Birmingham, 14062, GB	GB
S2_TRAIN_000285	Oceanic Seafoods 919	Suite 858, 1937 Bay Street, Berlin - 37745	DE
S2_TRAIN_001018	Modrn Precision 2902	4177 Bay St., Tokyo, 43610, JP	JP
S2_TRAIN_001307	CrossRoads Transport  5511	9437 Main St, Singapore, 47356	SG
S2_TRAIN_001088	CORELOGIC SOLUTIONS 2719	Hamburg, 8895 Victoria Road, 97230	DE
S2_TRAIN_000637	Titaan Heavy Machinery 3733	7624 Brigade Rd, Stuttgart, 45275, DE	DE
S2_TRAIN_000399	titan-heavy-machinery-2259	Suite 771, 4907 Main St, Nagoya - 46942	
S2_TRAIN_002381	Nimble Supply Chain Distractor 545 GmbH	7328 Harbor Drive, Hamburg, DE	DE
S2_TRAIN_001347	Quest Diagnostics Global 2205	Ottawa, 8064 Church St, 79578	CA
S2_TRAIN_001011	Nova Medical Devices 9513 Kabushiki Kaisha	Nagoya, 5386 Oxford Street, 22960	JP
S2_TRAIN_000312	Volt Electrical Services 8613	1868 Victoria Road, Yokohama	JP
S2_TRAIN_000814	Dellta Wave Electronics 8567	Suite 798, 2274 Elm Street, Bengaluru - 52911	IN
S2_TRAIN_002207	Zephyr Clean Energy Distractor 361 LLP	6820 George Street, Chennai, IN	IN
S2_TRAIN_001241	Nova Medical Devices 4781	Singapore, 5653 Rue de Rivoli, 79546	SG
S2_TRAIN_000378	GLOBAL TRADE ALLIANCE 6117	8807 Brigade Road, Osaka	JP
S2_TRAIN_000149	Xcel Precision Tools 5879	5762 Victoria Road, Amsterdam, 84403	NL
S2_TRAIN_000711	Silverline Transport 7992	5523 Rue de Rivoli, Singapore, 21925	SG
S2_TRAIN_002129	BrightPath Financial Distractor 240 LLP	6119 Rue de Rivoli, Singapore, SG	SG
S2_TRAIN_000805	1666 Harbor	8 Industrial Boulevard, Glasgow, 59785	GB
S2_TRAIN_000734	Saturn Heavy Industries 4460 AG	8174 Queen Street, Stuttgart, 63046	DE
S2_TRAIN_002065	Premier Dental Care Distractor 775 AG	9650 Queen Street, Hamburg, DE	DE
S2_TRAIN_000018	Vertex Engineering 5410	Utrecht, 2042 King Street, 49363	NL
S2_TRAIN_000337	Pioner Drilling 3866	Suite 799, 1751 Market Street, Singapore - 32957	SG
S2_TRAIN_001822	Enclave Networks Distractor 622 PLC	9744 Friedrichstrasse, Manchester, GB	GB
S2_TRAIN_001404	Pathfinder Robotics 3651 SNC	Toulouse, 3011 Elm Street, 68201	FR
S2_TRAIN_000627	Meridian Wealth 4520 Pty Ltd	Adelaide, 6876 Station Road, 97422	AU
S2_TRAIN_000106	Beacon Health 35884	991 Commercial Rd, Fukuoka, 90980, JP	JP
S2_TRAIN_000401	Pulse Digital Marketing 6609	9617 Station Rd, Nagoya, 13046, JP	JP
S2_TRAIN_000356	BrightPath Financial 6915 N.V.	Suite 546, 1041 Church St, Utrecht - 45107	
S2_TRAIN_001688	Spectra Chemical Distractor 404 Pty Ltd	6754 Orchard Road, Perth, AU	AU
S2_TRAIN_002162	Vertex Engineering Distractor 112 AG	8509 Park Avenue, Stuttgart, DE	DE
S2_TRAIN_000979	Oceanic Seafoods 1591 Ltée	Suite 972, 1753 Harbor Drive, Vancouver - 39233	CA
S2_TRAIN_000501	Prism Optical 3609	507 Rue de Rivoli, New Delhi	IN
S2_TRAIN_001129	4507 Nebula	Suite 986, 9977 Church St, Marseille - 10011	FR
S2_TRAIN_000523	summit-mountain-gear-3570	Singapore, 1304 Elm Street, 46234	SG
S2_TRAIN_001650	Cedar Point Energy Distractor 843 LLP	7708 Station Road, Singapore, SG	SG
S2_TRAIN_001835	Radiant Energy Distractor 228 SARL	8141 Commercial Road, Marseille, FR	FR
S2_TRAIN_001387	Acme Global 8326 SNC	Toulouse, 7680 Queen Street, 73295	FR
S2_TRAIN_001225	Matrix Computing 6083 SAS	6539 Park Avenue, Paris	FR
S2_TRAIN_000808	TALON SECURITY 5293	4818 Bay Street, Austin, 76881	US
S2_TRAIN_001767	Falcon Heavy Transport Distractor 391 LLP	8409 MG Road, San Francisco, US	US
S2_TRAIN_001538	Summit Mountain Gear 7542 LLP	2746 Harbor Drive, Edinburgh, 37473	GB
S2_TRAIN_002379	Radius Geospatial Distractor 739 LLP	2604 Main St, Manchester, GB	GB
S2_TRAIN_001078	3173 TriState	4826 Industrial Boulevard, Vancouver, 42281	CA
S2_TRAIN_000828	TopTier Athletics 2347	Suite 525, 1518 Maple Ave, Seattle - 17731	US
S2_TRAIN_002265	Frontier Biotech Distractor 533 SNC	6973 MG Road, Lyon, FR	FR
S2_TRAIN_001507	Olympus Chemical 1767 Ltd.	Suite 267, 3395 High Street, Bengaluru - 86548	IN
S2_TRAIN_000447	7199 Radius	7111 Commercial Rd, Mumbai, 10761, IN	IN
S2_TRAIN_001478	resolute-mining-195	2432 George St., Ottawa, 56549, CA	CA
S2_TRAIN_002370	Vertex Engineering Distractor 668 LLP	3807 Washington Blvd, Chennai, IN	IN
S2_TRAIN_001617	699 BlueSky	The Hague, 5092 Market Street, 31315	NL
S2_TRAIN_001583	MicroTech Semiconductor 4408	Hamburg, 7236 Station Road, 27462	DE
S2_TRAIN_000859	4510 Prime	6 Market Street, Yokohama	JP
S2_TRAIN_000845	Xcel Precision Tools 6760 K.K.	Suite 143, 7362 Broadway, Osaka - 62250	JP
S2_TRAIN_002120	United Parcel Express Distractor 502 GmbH & Co. KG	2530 MG Road, Frankfurt, DE	DE
S2_TRAIN_000774	veritas-legal-services-803	9451 Industrial Boulevard, Frankfurt	DE
S2_TRAIN_000820	Zion Natural Foods 5614 GmbH & Co. KG	2991 Oxford St., Frankfurt, 78627, DE	DE
S2_TRAIN_002320	Ironclad Construction Distractor 179 LLP	6531 Market Street, Singapore, SG	SG
S2_TRAIN_001674	West Coast Distribution Distractor 220 Ltd.	2432 Orchard Road, Mumbai, IN	IN
S2_TRAIN_002057	Vertex Engineering Distractor 934 Corp.	9207 Elm Street, Austin, US	US
S2_TRAIN_001996	Redwood Software Distractor 544 Co.	1634 Queen Street, Dallas, US	US
S2_TRAIN_000718	Wellspring Health 1268 N.V.	6620 Industrial Boulevard, The Hague, 37149	NL
S2_TRAIN_001036	Golden Gate Trading 160 Pvt. Ltd.	3266 Industrial Boulevard, Bengaluru	IN
S2_TRAIN_001788	Zion Natural Foods Distractor 820 LLP	8158 Maple Ave, London, GB	GB
S2_TRAIN_000212	2451 Zenith	Suite 837, 6907 Industrial Boulevard, Paris - 75483	FR
S2_TRAIN_001793	Pulse Digital Marketing Distractor 350 SAS	5011 Park Avenue, Lyon, FR	FR
S2_TRAIN_001469	BlueSky Tech 3995	Mumbai, 1110 Elm Street, 84916	IN
S2_TRAIN_001848	Kinetic Sports Distractor 939 SARL	7217 Harbor Drive, Lyon, FR	FR
S2_TRAIN_000841	Pulse Digital Marketing 5883 K.K.	6008 Church St, Nagoya	
S2_TRAIN_002003	Nova Medical Devices Distractor 177 Enterprises	9025 Station Road, Mumbai, IN	IN
S2_TRAIN_000113	2911 New	8045 Queen Street, Singapore	SG
S2_TRAIN_000196	optima-insurance-5654	109 Maple Ave, Toulouse, 75776, FR	FR
S2_TRAIN_001094	TerraFirma Landscaping 3641	767 Victoria Rd, Singapore, 65033, SG	SG
S2_TRAIN_000372	Frontier Biotech 9165	8878 Maple Ave, Manchester, 85609, GB	
S2_TRAIN_002017	Ion Propulsion Labs Distractor 340 Co.	4088 MG Road, Austin, US	US
S2_TRAIN_002359	Sentient AI Systems Distractor 315 SNC	2441 Commercial Road, Bordeaux, FR	FR
S2_TRAIN_001827	Velocity Motors Distractor 350 GmbH & Co. KG	2230 Church St, Munich, DE	DE
S2_TRAIN_000868	SANCTUARY SPA GROUP 1288	9765 Brigade Rd, Singapore, 80492, SG	SG
S2_TRAIN_001981	Heritage Distilling Distractor 700 N.V.	7225 Industrial Boulevard, The Hague, NL	NL
S2_TRAIN_002203	Keystone Civil Works Distractor 990 N.V.	5375 Maple Ave, Utrecht, NL	NL
S2_TRAIN_001229	Spectrum Communications 5871 Incorporated	739 Market Street, Austin	US
S2_TRAIN_002144	Sunrise Bakery Distractor 513 SAS	7131 Rue de Rivoli, Paris, FR	FR
S2_TRAIN_001003	horizon-freight-2047	3866 Station Road, Amsterdam	NL
S2_TRAIN_000036	Harbor Light Logistics 5040	Suite 605, 2038 Friedrichstrasse, Utrecht - 71433	NL
S2_TRAIN_000071	Eagle Eye Surveillance 6143 Ltée	1624 Station Road, Toronto, 95191	CA
S2_TRAIN_000245	Jupiter Aerospace 3324	7198 Industrial Boulevard, Toronto, 90879	CA
S2_TRAIN_000913	Nebula Cloud Hosting 2745	3937 Brigade Rd, Singapore, 64929, SG	SG
S2_TRAIN_001663	NorthStar Financial Distractor 104 Inc.	1285 Market Street, Seattle, US	US
S2_TRAIN_000639	1043 Treasure	2642 Harbor Drive, Fukuoka, 35509	JP
S2_TRAIN_000508	7272 Silicon	Singapore, 4914 Broadway, 63026	SG
S2_TRAIN_000496	Matrix Computing 66059	Suite 211, 6268 Washington Blvd, London - 65389	GB
S2_TRAIN_001974	ProActive Safety Distractor 777 SARL	7755 Industrial Boulevard, Toulouse, FR	FR
S2_TRAIN_002196	Zion Natural Foods Distractor 389 Private Limited	9691 Station Road, Mumbai, IN	IN
S2_TRAIN_001344	262 Precision	9051 Queen Street, Singapore	SG
S2_TRAIN_001677	GreenLeaf Organics Distractor 437 GmbH & Co. KG	490 Brigade Road, Stuttgart, DE	DE
S2_TRAIN_000069	2713 Voyager	5969 George Street, Paris, 98652	FR
S2_TRAIN_000420	Windward Nautical 1457	5643 Elm Street, Bristol	GB
S2_TRAIN_001590	Jupiter Aerospace 9884 SA	7680 Maple Ave, Bordeaux, 98727, FR	FR
S2_TRAIN_002019	Pulse Digital Marketing Distractor 114 Pte. Ltd.	5241 Queen Street, Singapore, SG	SG
S2_TRAIN_000404	Precision Machining 9910 Limited	9327 Station Road, Ottawa	CA
S2_TRAIN_001728	Solaria Energy Systems Distractor 716 NL	5741 High Street, Brisbane, AU	AU
S2_TRAIN_000760	Riverstone Capital 2599	7517 Harbor Drive, New York	US
S2_TRAIN_000184	White Cloud Tech 6705	Suite 900, 3210 Maple Ave, Birmingham - 34581	GB
S2_TRAIN_000780	7698 EcoSphere	4585 George Street, Singapore	SG
S2_TRAIN_001872	Apex Logistics Distractor 694 Kabushiki Kaisha	8810 Station Road, Tokyo, JP	JP
S2_TRAIN_001502	Viking Freight 234 Private Limited	7170 Main St, Singapore, 63113	SG
S2_TRAIN_000126	Envision Healthcare 7530	7231 Industrial Boulevard, San Francisco, 69836	US
S2_TRAIN_000274	Wellspring Health 6039 Co. Ltd.	1312 Rue de Rivoli, Glasgow, 28623, GB	GB
S2_TRAIN_001531	Crestview Holdings 7625	4135 Station Rd, Atlanta, 77955, US	
S2_TRAIN_001005	THRESHOLD INTERACTIVE 924	Chicago, 2093 Bay Street, 96299	US
S2_TRAIN_001779	CrossRoads Transport Distractor 547 K.K.	9725 King Street, Yokohama, JP	JP
S2_TRAIN_001577	WorldBridge Express 4948 SNC	8458 Harbor Drive, Lyon, 81646	FR
S2_TRAIN_001895	Radiant Energy Distractor 780 Proprietary Limited	5358 Friedrichstrasse, Sydney, AU	AU
S2_TRAIN_002233	SoundWave Media Distractor 351 Ltd.	9022 Main St, Edinburgh, GB	GB
S2_TRAIN_001905	Hyperion Solar Distractor 627 Inc.	4342 Main St, Dallas, US	US
S2_TRAIN_001734	Cobalt Media Group Distractor 186 Proprietary Limited	6320 Friedrichstrasse, Adelaide, AU	AU
S2_TRAIN_001944	Saturn Heavy Industries Distractor 291 Incorporated	5697 Industrial Boulevard, San Francisco, US	US
S2_TRAIN_000182	Synergy Pharmaceuticals 7342 Co. Ltd.	7325 Rue de Rivoli, Edinburgh, 51426, GB	
S2_TRAIN_000810	9651 Sentient	Osaka, 3169 Broadway, 44222	JP
S2_TRAIN_001208	Matrix Computing 4455	Calgary, 6870 King Street, 73180	CA
S2_TRAIN_000048	guardian-asset-management-1211	4902 Elm Street, Marseille, 93746	FR
S2_TRAIN_002366	Dynamo Retail Distractor 559 G.K.	9807 Oxford Street, Nagoya, JP	JP
S2_TRAIN_000074	Syntthesis Data Labs 3964	26 George Street, New Delhi	IN
S2_TRAIN_001683	Nimble Supply Chain Distractor 884 LLP	9488 Washington Blvd, Bengaluru, IN	IN
S2_TRAIN_000904	Magnolia Hospitality 1363	2216 Park Ave, Bengaluru, 33886, IN	IN
S2_TRAIN_000505	Helix BioSciences 9240 Ltd.	2281 Elm St., Singapore, 99564, SG	SG
S2_TRAIN_000837	white-cloud-technologies-523	Suite 776, 5619 Harbor Drive, Lyon - 96732	FR
S2_TRAIN_000746	Spectrum Communications 7624	4560 Rue de Rivoli, Tokyo	JP
S2_TRAIN_000779	Guardian Asset Management 5812	Suite 291, 3058 High Street, Frankfurt - 62858	DE
S2_TRAIN_000230	Zephyr Clean Enery 4163	6506 Friedrichstrasse, Hamburg, 10025	
S2_TRAIN_000394	Vertex Engineering 7795 SNC	5426 Victoria Road, Bordeaux, 85813	FR
S2_TRAIN_000357	ProActiive Safety 8090	9124 MG Road, Melbourne, 16166	
S2_TRAIN_001552	Dynamo Retai 9162	2629 Commercial Road, Ottawa, 51018	CA
S2_TRAIN_001572	Zephyr Clean Energy 1096	5015 Oxford St., Lyon, 70418, FR	FR
S2_TRAIN_000931	Paramount Construction 9433 LLP	7319 Queen Street, Singapore, 33818	SG
S2_TRAIN_001581	5038 Prime	20 Broadway, Singapore, 11818, SG	SG
S2_TRAIN_002136	Centurion Security Distractor 779 Ltée	7703 Main St, Montreal, CA	CA
S2_TRAIN_001063	OCEANIC SEAFOODS 3412	6842 Rue de Rivoli, Fukuoka, 28135	JP
S2_TRAIN_000216	trident-subsea-works-2545	Suite 274, 5069 Bay Street, Bristol - 40062	
S2_TRAIN_001523	Latitude Geospatial 5200 Pvt. Ltd.	9686 Harbor Drive, Hyderabad, 24323	IN
S2_TRAIN_001382	Luminary Lighting 4471	3519 Victoria Road, Singapore	
S2_TRAIN_001548	Luminary Lighting 7066 SA	3071 MG Road, Lyon	FR
S2_TRAIN_000373	Talon Security 7279	9943 Church St, Edinburgh	GB
S2_TRAIN_000354	Titan Heavy Machinery 7975 Proprietary Limited	5911 Maple Ave, Adelaide, 98316, AU	AU
S2_TRAIN_000332	CrossRoads Transport 3336 Private Limited	Singapore, 2632 Queen Street, 43612	SG
S2_TRAIN_002158	Radiant Energy Distractor 735 LLC	5248 Victoria Road, Atlanta, US	US
S2_TRAIN_002181	Paladin Risk Management Distractor 527 GmbH	6875 Victoria Road, Hamburg, DE	DE
S2_TRAIN_001715	Zion Natural Foods Distractor 965 LLP	9488 High Street, Singapore, SG	SG
S2_TRAIN_001993	Sentient AI Systems Distractor 273 Inc.	5800 George Street, Ottawa, CA	CA
S2_TRAIN_000857	Unified Communications 741	The Hague, 4638 Victoria Road, 89930	
S2_TRAIN_001516	Universal Aerospace 8454 LLP	6344 Station Road, Singapore	SG
S2_TRAIN_001262	United Parcel Express 406	2247 Market Street, Tokyo, 98392	JP
S2_TRAIN_001445	4555 Western	9280 Elm St., Leeds, 94386, GB	GB
S2_TRAIN_002187	Spectra Chemical Distractor 461 B.V.	249 Elm Street, Amsterdam, NL	NL
S2_TRAIN_000750	Synergy Pharmaceuticals 5824	5550 Washington Blvd, Boston, 64464	
S2_TRAIN_000561	Prairie Wind Renewables 720	938 Washington Blvd, Brisbane, 84996	AU
S2_TRAIN_001488	Western Digital Systems 5015 SAS	5569 Industrial Boulevard, Toulouse, 98652	FR
S2_TRAIN_000483	Zphyr Clean Energy 3075	6186 Maple Ave, Singapore	SG
S2_TRAIN_000157	Dynamo Retail 8963 Limited	Suite 667, 7910 Maple Ave, Birmingham - 14062	GB
S2_TRAIN_002077	BrightPath Financial Distractor 763 Limited	9014 Maple Ave, Ottawa, CA	CA
S2_TRAIN_000807	Talon Security 5293 Corp.	4818 Bay Street, Austin	
S2_TRAIN_001901	Volt Electrical Services Distractor 287 Ltd.	5515 Broadway, Bengaluru, IN	IN
S2_TRAIN_001826	Compass Point Marine Distractor 902 Inc.	1236 Market Street, Boston, US	US
S2_TRAIN_001343	Frontier Biotech 2372	4838 Park Avenue, Utrecht, 53866	
S2_TRAIN_001554	Iconic Architecture 5938	Vancouver, 1501 Harbor Drive, 32089	CA
S2_TRAIN_001142	Quest Diagnostics Global 705	5716 Friedrichstrasse, Kolkata	IN
S2_TRAIN_001823	Lantern Publishing Distractor 877 SARL	5802 MG Road, Marseille, FR	FR
S2_TRAIN_001054	Global Trade Alliance 1466	1892 Harbor Drive, Berlin, 63290, DE	DE
S2_TRAIN_001028	Overland Express 3221 Private Limited	5554 Main St, Singapore, 70928, SG	SG
S2_TRAIN_002301	Pulse Digital Marketing Distractor 238 G.K.	3639 Broadway, Tokyo, JP	JP
S2_TRAIN_001166	Sancuary Spa Group 9772	2211 Rue de Rivoli, Bordeaux	FR
S2_TRAIN_001191	Emerald City Foods 1876 Pty Ltd	8618 Friedrichstrasse, Adelaide	AU
S2_TRAIN_002321	Starlight Entertainment Distractor 259 Inc.	7789 Main St, Toronto, CA	CA
S2_TRAIN_001978	Matrix Computing Distractor 992 Pty Ltd	1725 Park Avenue, Melbourne, AU	AU
S2_TRAIN_001377	Magnolia  Hospitality 8523	Chicago, 181 Victoria Road, 97057	US
S2_TRAIN_000244	Paramount Construction 3015	2254 Rue de Rivoli, Singapore, 31467	SG
S2_TRAIN_000785	Titan Heavy Machinery 1162	Suite 958, 9422 Orchard Road, Edinburgh - 47596	
S2_TRAIN_002032	Oceanic Seafoods Distractor 192 UG	8538 George Street, Berlin, DE	DE
S2_TRAIN_002084	Pathfinder Robotics Distractor 431 AG	6634 Park Avenue, Hamburg, DE	DE
S2_TRAIN_001150	Halo Interactive 6469	Toulouse, 9728 Maple Ave, 95556	FR
S2_TRAIN_002202	Milestone Education Distractor 521 SAS	8517 Orchard Road, Toulouse, FR	FR
S2_TRAIN_002234	Premier Dental Care Distractor 857 Ltd	8896 Main St, Brisbane, AU	AU
S2_TRAIN_001785	Pathfinder Robotics Distractor 616 Pte. Ltd.	3895 Market Street, Singapore, SG	SG
S2_TRAIN_002324	Timberline Lumber Distractor 477 Limited	5923 George Street, Leeds, GB	GB
S2_TRAIN_001370	Optima Insurance 5985	Bordeaux, 6575 Station Road, 43365	FR
S2_TRAIN_001653	Beacon Health Distractor 601 N.V.	5954 High Street, Amsterdam, NL	NL
S2_TRAIN_001471	Hyperion Solar 5129	4215 George Street, Chennai, 43834	IN
S2_TRAIN_002309	Compass Point Marine Distractor 638 SARL	9480 Oxford Street, Paris, FR	FR
S2_TRAIN_002051	Ultratech Industrial Distractor 805 Corp.	2545 King Street, Toronto, CA	CA
S2_TRAIN_001336	Skyline Real Estate 5152 Pvt. Ltd.	4837 MG Road, Hyderabad	IN
S2_TRAIN_000055	waveform-acoustic-8851	1623 George Street, Singapore	SG
S2_TRAIN_001641	White Cloud Technologies Distractor 721 Co. Ltd.	6223 George Street, Manchester, GB	GB
S2_TRAIN_001441	Genesis Industrial 6144	390 Station Road, Brisbane, 96269	AU
S2_TRAIN_000928	Xcel Precision Tools 8078	Amsterdam, 6678 Harbor Drive, 29335	NL
S2_TRAIN_000059	Optima Innsurance 6930	5120 Maple Ave, Seattle	US
S2_TRAIN_001621	MicroTech Semiconductor 5825	6258 Maple Ave, Chennai, 50093	IN
S2_TRAIN_001317	United Parcel Express 365 Private Limited	Singapore, 4274 Park Avenue, 91425	SG
S2_TRAIN_001882	Whispering Pines Resort Distractor 379 Kabushiki Kaisha	7429 Commercial Road, Nagoya, JP	JP
S2_TRAIN_000359	SPECTRA CHEMICAL 6910	6774 George Street, Vancouver, 63648	CA
S2_TRAIN_000019	Xcel Precision Tools 2781 Limited	5492 Orchard Rd, Birmingham, 22240, GB	
S2_TRAIN_001329	Timberline Lumber 8223	1317 Station Road, The Hague	NL
S2_TRAIN_001050	Optima Insurance 35	9533 Broadway, Nagoya	
S2_TRAIN_000591	Velocity Motors 6379 Kabushiki Kaisha	2645 MG Road, Yokohama, 70000	JP
S2_TRAIN_001174	starfire-gaming-8861	Suite 478, 3443 Friedrichstrasse, Amsterdam - 70656	NL
S2_TRAIN_000257	Synthessis Data Labs 5435	4596 Market Street, Berlin	DE
S2_TRAIN_001119	optima-insurance-9339	8484 Brigade Road, Toulouse, 58423	FR
S2_TRAIN_001247	starfire-gaming-6056	4055 Brigade Road, Montreal	CA
S2_TRAIN_001873	Integrity Consulting Distractor 375 LLP	5544 Brigade Road, Edinburgh, GB	GB
S2_TRAIN_002303	EcoSphere Solutions Distractor 122 LLP	3005 Main St, Singapore, SG	SG
S2_TRAIN_000819	Cedar Point Energy 5905 Ltd.	5438 Harbor Drive, Singapore, 99864	SG
S2_TRAIN_002221	Precision Machining Distractor 322 Corporation	3291 Washington Blvd, New York, US	US
S2_TRAIN_000966	Veritas Legal Services 7984	7632 Park Avenue, Marseille, 44536	
S2_TRAIN_002156	Centurion Security Distractor 247 GmbH	6493 Brigade Road, Frankfurt, DE	DE
S2_TRAIN_001547	Unified Communications 4678	8645 Brigade Road, Singapore	SG
S2_TRAIN_000922	Tandem Software 1573	1164 Market St., Rotterdam, 99625, NL	NL
S2_TRAIN_002138	Equinox Venture Partners Distractor 801 G.K.	7438 Friedrichstrasse, Yokohama, JP	JP
S2_TRAIN_000073	Treasure Coast Marine 87 LLP	London, 3534 Oxford Street, 29597	GB
S2_TRAIN_001075	Helix BioSciences 2571 GmbH	3380 Brigade Rd, Munich, 32716, DE	DE
S2_TRAIN_001402	Riverstone Capital 2456 G.K.	2486 Friedrichstrasse, Yokohama	JP
S2_TRAIN_002245	Liberty Title Agency Distractor 588 SARL	7186 Oxford Street, Toulouse, FR	FR
S2_TRAIN_000693	Clearwater Analyticss 6349	3280 MG Road, Bristol	
S2_TRAIN_000885	Pinnacle Pharmaceuticaals 1523	Suite 873, 3855 Harbor Drive, Sydney - 82487	
S2_TRAIN_000983	327 Starlight	Chicago, 6919 George Street, 63716	
S2_TRAIN_001148	Voyager Travel Group 7836 SARL	4348 Church St, Paris, 42028, FR	FR
S2_TRAIN_001460	Resolute Mining 1516	Suite 723, 4481 Brigade Road, Sydney - 85563	AU
S2_TRAIN_000728	envision-healthcare-2392	Nagoya, 405 High Street, 76782	JP
S2_TRAIN_001278	Helix BioScieences 9888	7659 High Street, Ottawa, 68567	
S2_TRAIN_001525	wildcat-oil-exploration-3254	Adelaide, 654 Main St, 30473	AU
S2_TRAIN_001753	Evergreen Forestry Distractor 161 Limited	7976 Queen Street, London, GB	GB
S2_TRAIN_000674	Rigel Marine Services 5422	921 Broadway, Glasgow, 28181, GB	GB
S2_TRAIN_000300	7273 Prosper	Suite 443, 1032 MG Road, Seattle - 12888	US
S2_TRAIN_000301	TerraFirma Landscaping 8687	Fukuoka, 4983 Friedrichstrasse, 84350	JP
S2_TRAIN_002204	Zion Natural Foods Distractor 548 Pvt Ltd	847 Washington Blvd, Mumbai, IN	IN
S2_TRAIN_001448	Pinnacle Pharmaceuticals 7426 PLC	Birmingham, 8247 King Street, 70132	GB
S2_TRAIN_000664	Monarch Aerospace 6753	Suite 553, 5533 MG Road, Chicago - 82311	
S2_TRAIN_000881	peak-performance-fitness-4140	New Delhi, 3338 Market Street, 82973	IN
S2_TRAIN_000374	Catalyst Innovation 8650 GmbH	1492 Oxford St., Hamburg, 25026, DE	DE
S2_TRAIN_000914	9763 Voyager	Suite 285, 1877 Friedrichstrasse, Bengaluru - 21905	IN
S2_TRAIN_000748	6594 Skyline	7921 MG Road, Vancouver, 86854	CA
S2_TRAIN_000730	Pathfinder Robotics 5410 SAS	2330 Market Street, Marseille	FR
S2_TRAIN_000266	Treasure Coast Marine 4228 UG	Suite 274, 5413 Industrial Boulevard, Hamburg - 52567	DE
S2_TRAIN_000611	5352 Tandem	Suite 293, 3283 Washington Blvd, Fukuoka - 85292	JP
S2_TRAIN_000200	venture-point-capital-2136	7070 King Street, Amsterdam, 78425	NL
S2_TRAIN_002286	Zenith Broadcast Group Distractor 748 LLP	9766 George Street, Chennai, IN	IN
S2_TRAIN_001852	Kodiak Tactical Distractor 578 SARL	7805 Broadway, Lyon, FR	FR
S2_TRAIN_001838	Cedar Point Energy Distractor 550 B.V.	5908 Bay Street, Rotterdam, NL	NL
S2_TRAIN_000346	sunlight-solar-power-674	2784 Oxford St., Rotterdam, 76027, NL	
S2_TRAIN_000364	9267 Talon	Suite 243, 5740 Brigade Road, Yokohama - 49216	JP
S2_TRAIN_001058	1614 Silicon	Suite 332, 2536 Oxford Street, Frankfurt - 59332	DE
S2_TRAIN_000487	Serenity Living 7145	4098 MG Road, Fukuoka	JP
S2_TRAIN_001373	2040 Milestone	5233 Victoria Rd, Nagoya, 84960, JP	JP
S2_TRAIN_000226	CrosRoads Transport 8831	Singapore, 8152 Orchard Road, 82281	
S2_TRAIN_000124	Quantum Computing Labs 3471	Marseille, 4647 Station Road, 54270	
S2_TRAIN_000263	Guardian Asset Management 4484	9169 Maple Ave, London, 77378, GB	GB
S2_TRAIN_000465	HALO INTERACTIVE 179	Suite 260, 7444 King Street, Singapore - 82634	SG
S2_TRAIN_000515	Crestview Holdings 3861	Suite 727, 9995 Elm Street, Paris - 14634	FR
S2_TRAIN_001408	SoundWave Media 161 NL	Suite 409, 5736 Commercial Road, Melbourne - 50765	AU
S2_TRAIN_001585	Skyline Real Estate 5617	4453 Market St., Pune, 70946, IN	IN
S2_TRAIN_001428	Kinetic Sports 6933 Proprietary Limited	2500 Industrial Boulevard, Sydney	
S2_TRAIN_001919	Universal Aerospace Distractor 587 SNC	6057 Queen Street, Marseille, FR	FR
S2_TRAIN_001466	Luminary Lighting 4300	7639 Rue de Rivoli, Tokyo	JP
S2_TRAIN_000002	Enclave Networks 5882	Suite 949, 712 Oxford Street, Stuttgart - 70217	DE
S2_TRAIN_001292	Cllearwater Analytics 380	Munich, 4211 Park Avenue, 23070	DE
S2_TRAIN_000775	Crestview Holdings 4388	San Francisco, 4143 Bay Street, 79281	US
S2_TRAIN_000796	CORELOGIC SOLUTIONS 6682	Amsterdam, 7750 Church St, 30316	NL
S2_TRAIN_001530	resolute-mining-5454	3421 Elm St., Bristol, 42921, GB	GB
S2_TRAIN_000481	COMPASS POINT MARINE 1515	Suite 942, 2696 Queen Street, Singapore - 36031	
S2_TRAIN_000915	wayfarer-outdoors-2757	Suite 600, 2801 Maple Ave, Bristol - 18850	GB
S2_TRAIN_000131	Timberline Lumber 9955	4943 King St., Sydney, 36928, AU	AU
S2_TRAIN_000092	5263 MicroTech	Sydney, 9407 Park Avenue, 40437	AU
S2_TRAIN_001633	Prism Optical Distractor 104 N.V.	6657 Orchard Road, The Hague, NL	NL
S2_TRAIN_000525	Radius Geospatial 9501 GmbH & Co. KG	Suite 145, 3735 Church St, Berlin - 17970	DE
S2_TRAIN_001072	WhisperingPines Resort 6878	5426 Washington Blvd, Toulouse	FR
S2_TRAIN_002228	Voyager Travel Group Distractor 238 N.V.	2831 Orchard Road, Amsterdam, NL	NL
S2_TRAIN_001711	Lantern Publishing Distractor 954 Private Limited	1355 Queen Street, Bengaluru, IN	IN
S2_TRAIN_002169	Resolute Mining Distractor 921 Ltée	8683 Oxford Street, Montreal, CA	CA
S2_TRAIN_000839	Gateway Telecom 2460	2111 Bay Street, Utrecht, 12243	NL
S2_TRAIN_000533	Modern Precision 1951 GmbH & Co. KG	9974 Elm Street, Frankfurt, 90822	DE
S2_TRAIN_001394	TriState Utilities 1355	7351 Commercial Road, Atlanta, 41367	US
S2_TRAIN_001832	Sierra Nevada Brewing Distractor 833 G.K.	7391 Elm Street, Tokyo, JP	JP
S2_TRAIN_001284	6862 Fusion	1638 King Street, Lyon, 32707	FR
S2_TRAIN_001337	Navitas Clean Energy 4864	Dallas, 8730 Friedrichstrasse, 21527	US
S2_TRAIN_001157	Premiier Dental Care 4299	9400 Queen Street, Singapore	SG
S2_TRAIN_001357	Falcon Heavy Transport 6608 SAS	6993 Maple Ave, Bordeaux	FR
S2_TRAIN_000250	Prosper Wealth Advisors 5048 Ltd	2961 Queen St., Perth, 25408, AU	AU
S2_TRAIN_001190	6543 Starlight	8740 Industrial Boulevard, Lyon, 80247	
S2_TRAIN_000648	Venture Point Capital 9686 PLC	1491 Orchard Rd, Edinburgh, 96967, GB	GB
S2_TRAIN_000736	New Horizon Health 933	2524 George Street, Singapore	SG
S2_TRAIN_001983	Jupiter Aerospace Distractor 977 Proprietary Limited	3844 Elm Street, Perth, AU	AU
S2_TRAIN_001865	Compass Point Marine Distractor 504 Private Limited	7026 Washington Blvd, Singapore, SG	SG
S2_TRAIN_000697	Treasure Coast Marine 1758 LLC	820 Maple Ave, New York	US
S2_TRAIN_000284	Universal Aerospace 1486 UG	Stuttgart, 1319 Station Road, 70245	DE
S2_TRAIN_001569	4254 Prism	Suite 574, 8646 Oxford Street, Chicago - 92361	
S2_TRAIN_001949	Metro Urban Transit Distractor 742 B.V.	2749 Industrial Boulevard, Amsterdam, NL	NL
S2_TRAIN_001748	Paramount Construction Distractor 956 Corporation	8110 Station Road, Boston, US	US
S2_TRAIN_001800	Acme Global Distractor 167 Inc.	1999 Broadway, Seattle, US	US
S2_TRAIN_001297	CloudScale Systems 2718 Ltd.	4730 King Street, Mumbai	IN
S2_TRAIN_002252	Sentient AI Systems Distractor 673 SNC	8262 Washington Blvd, Marseille, FR	FR
S2_TRAIN_001007	New Horizon Health 1662 Pte. Ltd.	Suite 752, 5369 Orchard Road, Singapore - 74127	
S2_TRAIN_000690	Sunrise Bakery 9315 LLC	Suite 830, 2161 Harbor Drive, New York - 75100	US
S2_TRAIN_000344	Peak Performance Fitness 2134 Ltd.	3532 Maple Ave, Singapore, 47089	SG
S2_TRAIN_001326	Eleevate Digital 1246	3408 MG Road, Hamburg	
S2_TRAIN_000844	Overland Express 6645	7397 Washington Blvd, Bordeaux, 58308, FR	FR
S2_TRAIN_001421	white-cloud-technologies-817	9854 Main St, Utrecht, 18626, NL	NL
S2_TRAIN_000376	Sterling Bank & Trust 6670 Co. Ltd.	6677 Main St, Leeds, 93039	GB
S2_TRAIN_001821	Crestview Holdings Distractor 195 K.K.	2227 Queen Street, Fukuoka, JP	JP
S2_TRAIN_001413	294 Vanguard	6648 Industrial Boulevard, Birmingham	GB
S2_TRAIN_002236	Spectrum Communications Distractor 930 K.K.	6294 Bay Street, Fukuoka, JP	JP
S2_TRAIN_002135	Spectrum Communications Distractor 169 N.V.	5512 Commercial Road, Utrecht, NL	NL
S2_TRAIN_000268	Evergreen Forestry 9772	1008 Rue de Rivoli, Singapore, 21866	SG
S2_TRAIN_000640	Treasure Coast Marine 1043 Kabushiki Kaisha	Fukuoka, 2642 Harbor Drive, 35509	JP
S2_TRAIN_000902	Beacon Health 9734 Incorporated	1756 Station Rd, Boston, 15571, US	US
S2_TRAIN_001632	Insightful Analytics 6762 NL	Perth, 2561 Maple Ave, 19776	AU
S2_TRAIN_001942	TrueNorth Consulting Distractor 256 Ltée	2489 Broadway, Ottawa, CA	CA
S2_TRAIN_001912	Jupiter Aerospace Distractor 560 Ltd.	2426 Maple Ave, Bristol, GB	GB
S2_TRAIN_000724	Riverstone Capital 9068	8744 Market St., Munich, 34485, DE	DE
S2_TRAIN_000167	Synergy Pharmaceuicals 3112	8760 King St., Munich, 93665, DE	DE
S2_TRAIN_001697	Compass Point Marine Distractor 496 LLP	8060 Orchard Road, Manchester, GB	GB
S2_TRAIN_001195	Heritage Distilling 774 AG	452 Market Street, Hamburg	DE
S2_TRAIN_000596	Paladin Risk Management 9234	Frankfurt, 2594 Queen Street, 84401	DE
S2_TRAIN_000448	3261 Halo	6900 Broadway, Marseille	FR
S2_TRAIN_000716	Matrix Computing 7967 Limited	6659 Brigade Road, London	
S2_TRAIN_002312	Helix BioSciences Distractor 256 B.V.	9420 Industrial Boulevard, Rotterdam, NL	NL
S2_TRAIN_001560	Vibrant Media Group 899 UG	3080 Main St, Hamburg	DE
S2_TRAIN_000333	9173 Seaside	607 Washington Blvd, Singapore	SG
S2_TRAIN_000653	milestone-education-78	Suite 736, 6389 Industrial Boulevard, Montreal - 39933	CA
S2_TRAIN_002258	Tandem Software Distractor 664 SA	9071 Oxford Street, Lyon, FR	FR
S2_TRAIN_000303	Linear Motion Control 6057 Pvt. Ltd.	Suite 611, 569 Church St, Mumbai - 97235	IN
S2_TRAIN_001655	Lighthouse Hospitality Distractor 629 UG	5384 MG Road, Hamburg, DE	DE
S2_TRAIN_000767	Paramount Construction 576 K.K.	Suite 545, 6888 King Street, Osaka - 24224	JP
S2_TRAIN_000111	9799 Threshold	Suite 348, 4782 Main St, Hamburg - 64238	DE
S2_TRAIN_000384	Meridin Wealth 9325	9041 Industrial Blvd, Fukuoka, 35397, JP	
S2_TRAIN_001061	polaris-navigation-8653	3047 Friedrichstrasse, Singapore, 82745, SG	SG
S2_TRAIN_001257	2728 TerraFirma	Lyon, 43 Queen Street, 15163	
S2_TRAIN_000559	Ultratech Industrial 4551	9184 George St., Kolkata, 67887, IN	IN
S2_TRAIN_002235	Acme Global Distractor 675 G.K.	8059 Rue de Rivoli, Fukuoka, JP	JP
S2_TRAIN_002268	CrossRoads Transport Distractor 126 G.K.	7333 Station Road, Nagoya, JP	JP
S2_TRAIN_001858	CyberShield Defense Distractor 576 GmbH & Co. KG	1995 Industrial Boulevard, Berlin, DE	DE
S2_TRAIN_000660	97 Kodiak	958 Elm St., Singapore, 60793, SG	SG
S2_TRAIN_001447	TREASURE COAST MARINE 2052	Hamburg, 9819 King Street, 28745	DE
S2_TRAIN_001807	OnPoint Diagnostics Distractor 997 SA	3158 Orchard Road, Marseille, FR	FR
S2_TRAIN_000390	Fusion Poweer Dynamics 1016	Suite 732, 7076 Queen Street, Paris - 18623	FR
S2_TRAIN_001123	TransNational Logistics8850	6288 King Street, Singapore, 48944	SG
S2_TRAIN_002139	Riverstone Capital Distractor 285 Ltée	1150 Brigade Road, Calgary, CA	CA
S2_TRAIN_001233	Orbit Satellte Services 9598	6203 Market Street, Bengaluru, 93330	
S2_TRAIN_000076	CrossRoads Transport 7499	718 MG Road, Seattle, 36144	US
S2_TRAIN_000334	United Parcel Express 692	Suite 472, 1376 High Street, Paris - 51144	FR
S2_TRAIN_001601	IVY LEAGUE EDUCATION 7832	5951 Rue de Rivoli, Leeds	GB
S2_TRAIN_002249	CyberShield Defense Distractor 685 Corp.	4759 Queen Street, Montreal, CA	CA
S2_TRAIN_001964	Halo Interactive Distractor 904 Pty Ltd	5045 Friedrichstrasse, Sydney, AU	AU
S2_TRAIN_002075	Horizon Freight Distractor 421 B.V.	3740 Maple Ave, The Hague, NL	NL
S2_TRAIN_001270	Silicon Valley Micro 6414 LLP	2801 Oxford St., Dallas, 84923, US	US
S2_TRAIN_000136	Equinox Venture Partners 9403 Ltd.	Suite 492, 8337 Harbor Drive, Manchester - 10336	GB
S2_TRAIN_000869	Modern Precision 6166	Suite 265, 9122 Harbor Drive, Singapore - 90398	
S2_TRAIN_000598	Southland Agriculture 7898 Pvt Ltd	Hyderabad, 234 Bay Street, 97653	IN
S2_TRAIN_000381	NIMBLE SUPPLY CHAIN 5598	Calgary, 5382 Maple Ave, 12080	CA
S2_TRAIN_002098	Keystone Civil Works Distractor 128 Corp.	7064 Orchard Road, Vancouver, CA	CA
S2_TRAIN_001730	Safeguard Insurance Distractor 650 AG	7376 Market Street, Hamburg, DE	DE
S2_TRAIN_000599	3227 Fleetwood	Hamburg, 9330 Friedrichstrasse, 93707	DE
S2_TRAIN_002112	Zephyr Clean Energy Distractor 360 LLP	1109 Park Avenue, Dallas, US	US
S2_TRAIN_001433	BrightPath Financial 7055	Bristol, 2198 George Street, 19756	GB
S2_TRAIN_000440	supreme-logistics-4381	Suite 393, 4082 Victoria Road, Boston - 98895	US
S2_TRAIN_000761	BlueSky Teechnologies 7754	7446 Elm Street, Tokyo, 55592	JP
S2_TRAIN_002174	Beacon Health Distractor 845 Incorporated	8878 Station Road, New York, US	US
S2_TRAIN_000187	4713 Waveform	6826 Bay Street, Atlanta, 99803	US
S2_TRAIN_000485	3958 Victory	Suite 859, 255 High Street, Atlanta - 13440	US
S2_TRAIN_002251	Tandem Software Distractor 786 Kabushiki Kaisha	2563 Elm Street, Tokyo, JP	JP
S2_TRAIN_002262	Sterling Bank & Trust Distractor 560 LLP	8532 Rue de Rivoli, Austin, US	US
S2_TRAIN_001810	Zenith Broadcast Group Distractor 579 Limited	7515 Commercial Road, Edinburgh, GB	GB
S2_TRAIN_000742	Horizon Freight 6847 LLP	5911 Washington Blvd, New York, 54952	US
S2_TRAIN_000890	Spectra Chemical 3836	Fukuoka, 9101 Church St, 78162	JP
S2_TRAIN_002377	Polaris Navigation Distractor 286 Ltd	2081 Victoria Road, Perth, AU	AU
S2_TRAIN_001768	Harmonic Audio Distractor 522 GmbH	2659 Main St, Munich, DE	DE
S2_TRAIN_000393	Beacon Health 8482 B.V.	Rotterdam, 3890 High Street, 76467	NL
S2_TRAIN_000026	Jade Palace Dining 7620 Ltd	9927 Industrial Blvd, Brisbane, 89593, AU	
S2_TRAIN_001064	Voyager Travel Group 5483	Munich, 99 Oxford Street, 55462	DE
S2_TRAIN_000804	Luminary Lighting 373 Ltd.	3200 Park Avenue, Singapore	SG
S2_TRAIN_001886	Pacific Rim Trading Distractor 163 NL	8671 Maple Ave, Adelaide, AU	AU
S2_TRAIN_000824	Elevate Digital 5968	1446 Queen St., Calgary, 52630, CA	CA
S2_TRAIN_002261	CloudScale Systems Distractor 518 B.V.	1063 Friedrichstrasse, The Hague, NL	NL
S2_TRAIN_001605	9516 Serenity	2469 George Street, Bengaluru	IN
S2_TRAIN_000831	NorthStar Financial 2979	9288 Elm Street, Mumbai, 90584	IN
S2_TRAIN_000946	Trident Subsea Woorks 5531	808 Washington Blvd, Montreal	CA
S2_TRAIN_000258	Synthesis Data Labs 5435	Berlin, 4596 Market Street, 14085	DE
S2_TRAIN_000066	Oceanic Seafoods 9796	Boston, 5402 Park Avenue, 22387	US
S2_TRAIN_002380	Cascade Capital Distractor 967 Ltée	184 Victoria Road, Montreal, CA	CA
S2_TRAIN_000727	Liberty Title Agency 7976 Private Limited	7622 Victoria Road, Singapore, 58702	SG
S2_TRAIN_001515	Naviitas Clean Energy 2541	Singapore, 2234 Maple Ave, 77193	SG
S2_TRAIN_000489	Delta Wave Electronics 3526	Suite 914, 5152 Market Street, Frankfurt - 26030	DE
S2_TRAIN_001015	4905 Gateway	Suite 310, 6562 MG Road, Calgary - 19132	CA
S2_TRAIN_001784	Apex Logistics Distractor 840 G.K.	4630 Queen Street, Yokohama, JP	JP
S2_TRAIN_002277	Linear Motion Control Distractor 465 ULC	298 Victoria Road, Ottawa, CA	CA
S2_TRAIN_000880	New Horizon Health 7885	1715 Rue de Rivoli, Rotterdam	NL
S2_TRAIN_001526	Halo Interactive 9412	1671 Church St, Fukuoka, 89922	JP
S2_TRAIN_001644	Ion Propulsion Labs Distractor 306 Ltd	6997 Friedrichstrasse, Perth, AU	AU
S2_TRAIN_002229	EcoSphere Solutions Distractor 584 Private Limited	2542 Station Road, Singapore, SG	SG
S2_TRAIN_002355	Sierra Nevada Brewing Distractor 768 SARL	5170 Market Street, Lyon, FR	FR
S2_TRAIN_001302	8633 Treasure	601 Elm Street, Frankfurt	DE
S2_TRAIN_001950	West Coast Distribution Distractor 319 Pvt. Ltd.	8952 Victoria Road, New Delhi, IN	IN
S2_TRAIN_001597	Kodiak Tactical 8841	5335 High Street, Bordeaux	FR
S2_TRAIN_001936	Timberline Lumber Distractor 846 Pte. Ltd.	6201 Church St, Singapore, SG	SG
S2_TRAIN_001459	Supreme Logistics 4972	Singapore, 8300 Oxford Street, 74921	SG
S2_TRAIN_002375	Kinetic Sports Distractor 599 SNC	138 Park Avenue, Bordeaux, FR	FR
S2_TRAIN_002074	Elevate Digital Distractor 696 Incorporated	4919 Commercial Road, Chicago, US	US
S2_TRAIN_001069	infinity-robotics-7302	177 King Street, Boston	US
S2_TRAIN_001932	Visionary Healthcare Distractor 678 NL	8284 Orchard Road, Melbourne, AU	AU
S2_TRAIN_001522	Oceanic Seafoods 8247 LLP	740 Queen Street, Singapore	SG
S2_TRAIN_002347	Zion Natural Foods Distractor 218 Kabushiki Kaisha	9127 Maple Ave, Nagoya, JP	JP
S2_TRAIN_002064	Sigma BioPharma Distractor 329 LLP	16 George Street, Singapore, SG	SG
S2_TRAIN_001033	Prosper Wealth Advisors 2080	Suite 336, 964 Bay Street, Calgary - 11267	CA
S2_TRAIN_001625	Quest Diagnostics Global 9338 LLP	6592 High Street, Pune, 62545	IN
S2_TRAIN_001383	Wavefrm Acoustic 5614	Suite 763, 7376 Bay Street, Manchester - 34586	GB
S2_TRAIN_001992	Crestview Holdings Distractor 762 PLC	4419 Park Avenue, Birmingham, GB	GB
S2_TRAIN_000408	NorthStar Financial 5287 K.K.	3394 Maple Ave, Osaka, 81002, JP	JP
S2_TRAIN_001782	SoundWave Media Distractor 728 B.V.	1160 Elm Street, Utrecht, NL	NL
S2_TRAIN_000053	Catalyst Innovation 9199 UG	1036 Brigade Rd, Stuttgart, 93283, DE	DE
S2_TRAIN_002168	Reliant Power Systems Distractor 811 AG	7777 Elm Street, Berlin, DE	DE
S2_TRAIN_002053	Summit Mountain Gear Distractor 163 SNC	5403 Market Street, Paris, FR	FR
S2_TRAIN_001366	Victory Marine 4007	9345 King Street, Nagoya	JP
S2_TRAIN_001432	Safeguard Insurance 1804	Hamburg, 5865 Station Road, 75034	DE
S2_TRAIN_001849	OmniSource Global Distractor 222 Corporation	24 Market Street, New York, US	US
S2_TRAIN_000413	olympus-chemical-3970	Ottawa, 4069 High Street, 39156	
S2_TRAIN_001760	White Cloud Technologies Distractor 777 LLP	4094 High Street, Atlanta, US	US
S2_TRAIN_000405	NorthStar Finanial 6720	Lyon, 3398 Oxford Street, 76330	FR
S2_TRAIN_001311	SAFEGUARD INSURANCE 6078	6247 Orchard Road, Bristol, 67170	GB
S2_TRAIN_002027	Timberline Lumber Distractor 803 GmbH & Co. KG	6157 Broadway, Berlin, DE	DE
S2_TRAIN_002338	Modern Precision Distractor 229 LLP	8376 Park Avenue, Edinburgh, GB	GB
S2_TRAIN_001543	Ultratech Industrial 6034 SA	6968 Station Road, Lyon	FR
S2_TRAIN_000557	Vibrat Media Group 7757	3799 Main St, Vancouver, 38369	CA
S2_TRAIN_000790	Enclave Networks 1909 Enterprises	Hyderabad, 691 Main St, 35288	IN
S2_TRAIN_001843	Kinetic Sports Distractor 235 Pvt. Ltd.	2645 Oxford Street, Pune, IN	IN
S2_TRAIN_001661	Optima Insurance Distractor 371 Corporation	9786 Main St, Chicago, US	US
S2_TRAIN_000392	CloudScale Sys 992	7141 Elm Street, New Delhi, 77256	IN
S2_TRAIN_001889	Genesis Industrial Distractor 412 Pte. Ltd.	4027 MG Road, Singapore, SG	SG
S2_TRAIN_002343	Vista Window Systems Distractor 867 UG	877 Harbor Drive, Hamburg, DE	DE
S2_TRAIN_001716	Waveform Acoustic Distractor 635 LLP	9812 Bay Street, Edinburgh, GB	GB
S2_TRAIN_001635	Maven Data Science Distractor 378 SNC	3290 Industrial Boulevard, Paris, FR	FR
S2_TRAIN_001198	Premier Dental Care 6078	4383 Park Avenue, Stuttgart	DE
S2_TRAIN_002284	Elevate Digital Distractor 876 UG	604 Broadway, Hamburg, DE	DE
S2_TRAIN_000751	2225 TerraFirma	9038 Church St, Toulouse	FR
S2_TRAIN_000638	Spire Global Solutions 4992	Suite 983, 8323 Elm Street, Munich - 63364	
S2_TRAIN_001636	Threshold Interactive Distractor 503 NL	6345 Orchard Road, Brisbane, AU	AU
S2_TRAIN_001168	Sentient AI Sys 4902	5274 Elm St., Tokyo, 75308, JP	JP
S2_TRAIN_001412	Wellspring Health 60	5913 Rue de Rivoli, Bristol, 49001, GB	GB
S2_TRAIN_002137	Zephyr Clean Energy Distractor 120 NL	5141 Victoria Road, Sydney, AU	AU
S2_TRAIN_000145	Premier Dental Care 7409 K.K.	1552 Brigade Rd, Yokohama, 70560, JP	JP
S2_TRAIN_001491	TerraFirma Landscaping 8983	5005 Victoria Road, Toronto	CA
S2_TRAIN_000546	5204 Linear	6967 Friedrichstrasse, Singapore	SG
S2_TRAIN_001885	Optima Insurance Distractor 228 Inc.	9603 Washington Blvd, Boston, US	US
S2_TRAIN_000256	Integrity Consulting 4615 Ltd	4920 Queen Street, Sydney	AU
S2_TRAIN_002140	Western Digital Systems Distractor 529 SNC	5369 Market Street, Paris, FR	FR
S2_TRAIN_000471	Jade Palace Dining 2308	Chennai, 9974 Orchard Road, 95379	IN
S2_TRAIN_001254	Western Digital Sys 6008	Mumbai, 2268 Queen Street, 98403	IN
S2_TRAIN_002285	Elevate Digital Distractor 527 GmbH & Co. KG	1717 Oxford Street, Berlin, DE	DE
S2_TRAIN_001417	Nautilus Oceanic 1814 Pty Ltd	Suite 658, 9197 Queen Street, Melbourne - 71308	AU
S2_TRAIN_000684	VistaWindow Systems 7029	2121 Maple Ave, Amsterdam, 79420	
S2_TRAIN_002200	Nova Medical Devices Distractor 804 N.V.	7325 Commercial Road, Rotterdam, NL	NL
S2_TRAIN_000177	Resolute Mining 4851	Perth, 1636 High Street, 32898	AU
S2_TRAIN_001600	Unified Communications 728 Incorporated	Suite 832, 5143 Broadway, Seattle - 78306	US
S2_TRAIN_002004	Venture Point Capital Distractor 603 UG	9650 Industrial Boulevard, Munich, DE	DE
S2_TRAIN_001304	Heritage Distilling 1742	Suite 367, 6649 MG Road, Pune - 14891	IN
S2_TRAIN_002146	Lantern Publishing Distractor 892 LLP	5118 Harbor Drive, London, GB	GB
S2_TRAIN_000500	7416 Oakwood	4217 Church St, Marseille	FR
S2_TRAIN_002243	Silicon Valley Micro Distractor 865 N.V.	7417 Washington Blvd, Utrecht, NL	NL
S2_TRAIN_001316	Vertex Engineering 6182 G.K.	7373 George St., Fukuoka, 87207, JP	JP
S2_TRAIN_001854	Acme Global Distractor 722 Inc.	451 Market Street, Dallas, US	US
S2_TRAIN_001857	Trident Subsea Works Distractor 130 Inc.	9025 MG Road, Vancouver, CA	CA
S2_TRAIN_002050	TransNational Logistics Distractor 150 Limited	4557 King Street, Pune, IN	IN
S2_TRAIN_001389	Vibrant Media Group 2652 Pte. Ltd.	Suite 430, 5383 Washington Blvd, Singapore - 62508	SG
S2_TRAIN_000330	3057 Solaria	7657 MG Rd, The Hague, 45118, NL	NL
S2_TRAIN_001565	4414 Falcon	Sydney, 7200 Commercial Road, 33365	AU
S2_TRAIN_001756	Ultratech Industrial Distractor 179 LLP	616 Station Road, London, GB	GB
S2_TRAIN_002106	Prism Optical Distractor 340 Private Limited	8588 Industrial Boulevard, Singapore, SG	SG
S2_TRAIN_002188	Paladin Risk Management Distractor 780 N.V.	7137 Market Street, The Hague, NL	NL
S2_TRAIN_001089	Radian Energy 7829	295 Industrial Boulevard, Hyderabad, 76573	IN
S2_TRAIN_001890	Elevate Digital Distractor 657 Corp.	325 Brigade Road, Ottawa, CA	CA
S2_TRAIN_001080	Talon Security 943 SNC	6436 Maple Ave, Marseille	FR
S2_TRAIN_002231	Orbit Satellite Services Distractor 247 G.K.	8157 Orchard Road, Fukuoka, JP	JP
S2_TRAIN_000237	1406 Windward	3983 High St., Bristol, 91396, GB	GB
S2_TRAIN_001189	Jade Palace Dining 8972	5481 Industrial Boulevard, Berlin, 54993	DE
S2_TRAIN_001796	CloudScale Systems Distractor 232 PLC	1242 Market Street, Glasgow, GB	GB
S2_TRAIN_001194	Hyperion Solar 3199	Austin, 7074 Orchard Road, 53940	US
S2_TRAIN_002122	Nexus Telecom Distractor 931 LLP	4463 High Street, Boston, US	US
S2_TRAIN_000702	Equinox Venture Partners 9429	2699 Church St, Seattle, 39724, US	US
S2_TRAIN_002157	Matrix Computing Distractor 594 Pvt. Ltd.	4633 George Street, New Delhi, IN	IN
S2_TRAIN_002274	Vanguard Asset Management Distractor 456 K.K.	6452 King Street, Tokyo, JP	JP
S2_TRAIN_001815	Quantum Computing Labs Distractor 518 SNC	4213 Orchard Road, Paris, FR	FR
S2_TRAIN_000353	hyperion-solar-3459	9897 Harbor Drive, Bengaluru	
S2_TRAIN_000861	Falcon Heavy Transport 9610	Montreal, 9826 King Street, 93898	CA
S2_TRAIN_000997	Genesis Industrial 7516	Suite 888, 4750 Bay Street, Atlanta - 82466	US
S2_TRAIN_001246	RADIANT ENERGY 1531	Birmingham, 6378 Orchard Road, 65612	GB
S2_TRAIN_001657	Lighthouse Hospitality Distractor 351 Co. Ltd.	5335 Rue de Rivoli, Leeds, GB	GB
S2_TRAIN_001186	SUMMIT MOUNTAIN GEAR 3091	7532 Friedrichstrasse, Singapore, 26136, SG	SG
S2_TRAIN_000506	Volt Electrical Services 5429 Inc.	Suite 675, 9579 Harbor Drive, San Francisco - 98396	US
S2_TRAIN_002048	Ironclad Construction Distractor 752 LLP	3745 Bay Street, Singapore, SG	SG
S2_TRAIN_001128	Syntthesis Data Labs 2939	Suite 298, 5465 Victoria Road, Austin - 91528	US
S2_TRAIN_000836	White Cloud Technologies 523 SARL	5619 Harbor Drive, Lyon, 96732, FR	FR
S2_TRAIN_001582	Sierra Nevada Breewing 576	Suite 985, 8268 Oxford Street, Rotterdam - 45562	NL
S2_TRAIN_000772	Radiant Energy 7657	801 Maple Ave, New York	US
S2_TRAIN_000584	Riverstone Capital 8176	2786 Victoria Road, Ottawa, 98209	CA
S2_TRAIN_002244	Liberty Title Agency Distractor 368 Pty Ltd	7130 Bay Street, Adelaide, AU	AU
S2_TRAIN_001081	MAGNOLIA HOSPITALITY 1523	5602 Friedrichstrasse, Rotterdam, 91544, NL	NL
S2_TRAIN_000016	6756 Heritage	5443 Harbor Drive, Austin	US
S2_TRAIN_001780	Jupiter Aerospace Distractor 668 Limited	8377 Church St, Edinburgh, GB	GB
S2_TRAIN_000084	7843 Whispering	Fukuoka, 9420 George Street, 19666	JP
S2_TRAIN_000654	Milestone Education 78	Suite 684, 6389 Industrial Boulevard, Montreal - 39933	CA
S2_TRAIN_000729	NORTHSTAR FINANCIAL 4669	Berlin, 9595 Orchard Road, 26160	DE
S2_TRAIN_001489	TerraFirma Landscaping 7716 Co. Ltd.	7075 Church St, Edinburgh, 18835	GB
S2_TRAIN_000590	Trident Subsea Works 848	6698 Elm Street, Glasgow	GB
S2_TRAIN_000744	Universal Aeropace 4024	Suite 846, 2128 Broadway, Paris - 43841	FR
S2_TRAIN_000878	vanguard-asset-management-5252	Suite 495, 2410 Broadway, Ottawa - 80337	CA
S2_TRAIN_001850	Waveform Acoustic Distractor 634 Private Limited	8139 Station Road, Singapore, SG	SG
S2_TRAIN_002091	Renaissance Arts Distractor 154 GmbH & Co. KG	7709 Station Road, Berlin, DE	DE
S2_TRAIN_001731	Turbine Power Systems Distractor 773 LLP	8398 Broadway, Singapore, SG	SG
S2_TRAIN_000670	TerraFirma Landscaping 6845	3147 Oxford St., New Delhi, 77295, IN	IN
S2_TRAIN_001687	Clearwater Analytics Distractor 289 Incorporated	7333 Church St, Chicago, US	US
S2_TRAIN_001060	262 Spectra	Hyderabad, 1195 Queen Street, 49546	IN
S2_TRAIN_001034	Synergy Pharmaceuticals 8669	2095 Maple Ave, Calgary	CA
S2_TRAIN_000314	dynamo-retail-309	3218 High St., Toulouse, 24131, FR	FR
S2_TRAIN_000318	5150 Falcon	Suite 141, 8516 Broadway, Leeds - 27814	
S2_TRAIN_000252	CoreLogic Solutions 5719 Inc.	9472 High St., Austin, 89073, US	US
S2_TRAIN_000889	Peak Performance Fitness 7169	755 Main St, Birmingham	GB
S2_TRAIN_000714	Veritas Legal Services 9283 Incorporated	New York, 5532 Broadway, 91836	US
S2_TRAIN_000470	NOVA MEDICAL DEVICES 6673	2461 Orchard Rd, Tokyo, 13104, JP	JP
S2_TRAIN_002046	Latitude Geospatial Distractor 954 Kabushiki Kaisha	9547 King Street, Tokyo, JP	JP
S2_TRAIN_000181	7342 Synergy	7325 Rue de Rivoli, Edinburgh, 51426, GB	GB
S2_TRAIN_001910	Crestview Holdings Distractor 757 Limited	4089 Oxford Street, Manchester, GB	GB
S2_TRAIN_000696	Treasure Coast Marine 1758	820 Maple Ave, New York	US
S2_TRAIN_002354	OmniSource Global Distractor 874 Private Limited	7545 George Street, Singapore, SG	SG
S2_TRAIN_000035	Wayfarer Outdoors 7439	Suite 657, 4335 Brigade Road, Bristol - 91927	GB
S2_TRAIN_000799	Infinity Robotics 4376 Private Limited	Suite 329, 9628 Brigade Road, Singapore - 50729	
S2_TRAIN_001986	Xcel Precision Tools Distractor 861 B.V.	6187 Broadway, The Hague, NL	NL
S2_TRAIN_001584	Clearwatr Analytics 3176	2444 Market St., Brisbane, 17996, AU	AU
S2_TRAIN_000678	2795 Taylor	7618 George Street, Boston, 70508	US
S2_TRAIN_000219	Sunlight Solar Power 7162 Ltd.	6386 Industrial Boulevard, Singapore	SG
S2_TRAIN_001542	Ultratech Industrial 6034 SNC	Suite 830, 6968 Station Road, Lyon - 32738	FR
S2_TRAIN_001973	Tandem Software Distractor 670 Limited	5683 Harbor Drive, Montreal, CA	CA
S2_TRAIN_000121	1561 Viking	972 George St., Kolkata, 46349, IN	IN
S2_TRAIN_000068	Voyager Travel roup 2713	5969 George Street, Paris	FR
S2_TRAIN_000974	Zephyr Clean Energy 820	Suite 460, 7942 High Street, Leeds - 48187	GB
S2_TRAIN_000545	Linear Motion Control 5204	Singapore, 6967 Friedrichstrasse, 62255	SG
S2_TRAIN_000061	Spectrum Communications 3771 K.K.	Suite 179, 5803 King Street, Yokohama - 19447	JP
S2_TRAIN_001192	microtech-semiconductor-3996	7135 Washington Blvd, Toulouse, 65695, FR	
S2_TRAIN_000047	CloudSale Systems 5315	6142 Commercial Rd, Seattle, 66450, US	US
S2_TRAIN_000719	Safeguard Insurance 398	Suite 841, 1060 Washington Blvd, Rotterdam - 69276	NL
S2_TRAIN_000606	sunrise-bakery-6448	907 Bay Street, Singapore, 63580	SG
S2_TRAIN_000383	Heritage Distilling 139	3162 Commercial Road, Leeds, 68271	GB
S2_TRAIN_001070	synthesis-data-labs-3668	Suite 652, 2620 Friedrichstrasse, Edinburgh - 83819	GB
S2_TRAIN_000422	Quantum Computing Labs 5515	3926 Station Road, Frankfurt	DE
S2_TRAIN_001315	TerraFirma Landscaping 9646	Frankfurt, 9020 Market Street, 76670	DE
S2_TRAIN_001744	Galaxy Softworks Distractor 627 SARL	5398 Brigade Road, Marseille, FR	FR
S2_TRAIN_000204	Precision Machining 5786 Pte. Ltd.	Suite 843, 3282 Elm Street, Singapore - 77861	SG
S2_TRAIN_001019	PROSPER WEALTH ADVISORS 3417	Suite 706, 1679 Orchard Road, Singapore - 44510	SG
S2_TRAIN_001260	8624 Compass	9062 Park Avenue, Rotterdam	NL
S2_TRAIN_000203	Xcel Precision Tools 2263	Suite 813, 7318 Brigade Road, Bristol - 31206	GB
S2_TRAIN_001869	Heritage Distilling Distractor 542 B.V.	2606 High Street, Rotterdam, NL	NL
S2_TRAIN_000519	Radius Geospatial 7435	554 Rue de Rivoli, London, 45428, GB	GB
S2_TRAIN_000585	Snlight Solar Power 5658	Suite 739, 8677 Harbor Drive, Manchester - 58390	GB
S2_TRAIN_001712	Prism Optical Distractor 535 Pte. Ltd.	2876 Bay Street, Singapore, SG	SG
S2_TRAIN_001544	Riverstone Capital 3615	Mumbai, 5643 Church St, 68741	IN
S2_TRAIN_000605	TransNational Logistics 3446	Rotterdam, 2563 Station Road, 35153	NL
S2_TRAIN_002115	Sunrise Bakery Distractor 918 G.K.	2913 Queen Street, Osaka, JP	JP
S2_TRAIN_000323	starfire-gaming-290	6286 Broadway, Atlanta, 68997, US	US
S2_TRAIN_002240	ProActive Safety Distractor 127 N.V.	2685 Washington Blvd, The Hague, NL	NL
S2_TRAIN_001135	1955 Venture	Glasgow, 6608 Washington Blvd, 14239	GB
S2_TRAIN_000306	clearwater-analytics-2285	407 Queen St., Tokyo, 62642, JP	JP
S2_TRAIN_002085	Voyager Travel Group Distractor 862 NL	5840 Brigade Road, Brisbane, AU	AU
S2_TRAIN_000134	949 Lantern	Toronto, 1901 George Street, 69424	CA
S2_TRAIN_001283	Elevate Digital 5202 SNC	2733 George St., Marseille, 65758, FR	FR
S2_TRAIN_000662	precision-machining-2049	6900 Bay Street, Munich	DE
S2_TRAIN_000532	centurion-security-7069	Austin, 2169 Park Avenue, 77488	US
S2_TRAIN_000486	Hyperion olar 3928	8773 MG Rd, Montreal, 42145, CA	
S2_TRAIN_002376	Spire Global Solutions Distractor 694 Pvt Ltd	6080 Main St, Bengaluru, IN	IN
S2_TRAIN_001272	7694 Lantern	5352 Victoria Road, Sydney	AU
S2_TRAIN_001801	Nautilus Oceanic Distractor 236 Co.	2096 Market Street, Dallas, US	US
S2_TRAIN_000255	Sunrise Bakery 8133	2948 Rue de Rivoli, Fukuoka, 89876, JP	
S2_TRAIN_001067	Treasure Coast Marine 8900	4395 Queen Street, Berlin, 82415	DE
S2_TRAIN_000348	Eagle Eye Survellance 7541	Toulouse, 4413 Washington Blvd, 87883	FR
S2_TRAIN_000763	Navitas Clean Energy 6961	Suite 465, 3269 Elm Street, Brisbane - 92424	
S2_TRAIN_000944	LUMINARY LIGHTING 2147	Mumbai, 2503 MG Road, 28564	IN
S2_TRAIN_000608	CRESTVIEW HOLDINGS 8393	Berlin, 7164 Elm Street, 14205	DE
S2_TRAIN_001902	Cinnabar Creative Distractor 634 LLP	2155 MG Road, New Delhi, IN	IN
S2_TRAIN_001390	3780 Vista	Amsterdam, 4099 Bay Street, 84596	NL
S2_TRAIN_000441	8530 Quantum	Montreal, 1425 Washington Blvd, 50063	
S2_TRAIN_001654	Resolute Mining Distractor 640 Ltée	7232 King Street, Ottawa, CA	CA
S2_TRAIN_002335	Milestone Education Distractor 976 LLP	938 Bay Street, Kolkata, IN	IN
S2_TRAIN_000940	Wildcat Oil Exploration 7941	Montreal, 6120 Market Street, 90657	CA
S2_TRAIN_001152	metro-urban-transit-4029	7087 Industrial Boulevard, Vancouver	CA
S2_TRAIN_001149	Volt Electrical Services 9892	2184 King Street, Lyon, 37568	FR
S2_TRAIN_000581	ZION NATURAL FOODS 4209	1908 George Street, Edinburgh	GB
S2_TRAIN_002224	Zion Natural Foods Distractor 657 LLP	1003 Friedrichstrasse, Singapore, SG	SG
S2_TRAIN_001868	Milestone Education Distractor 140 SNC	5646 MG Road, Bordeaux, FR	FR
S2_TRAIN_002288	Infinity Robotics Distractor 554 Ltée	2700 Bay Street, Ottawa, CA	CA
S2_TRAIN_001451	Titan Heav Machinery 3763	3748 Broadway, Ottawa, 61535	
S2_TRAIN_002273	Cascade Capital Distractor 515 N.V.	5082 Washington Blvd, Amsterdam, NL	NL
S2_TRAIN_001273	Serenity Living 4190	8077 Church St, Atlanta	US
S2_TRAIN_001293	safeguard-insurance-2323	Suite 800, 5545 Commercial Road, The Hague - 61050	NL
S2_TRAIN_002226	Venture Point Capital Distractor 230 B.V.	3476 MG Road, Rotterdam, NL	NL
S2_TRAIN_000916	Wayfarer Outdoors 257	2801 Maple Ave, Bristol, 18850, GB	GB
S2_TRAIN_001603	Volt Electrical Services 2971 Ltd.	Suite 195, 538 Harbor Drive, Singapore - 95153	SG
S2_TRAIN_000439	Helix BioSciences 8626	Suite 722, 1566 Rue de Rivoli, Adelaide - 79331	
S2_TRAIN_002336	Frontier Biotech Distractor 531 Proprietary Limited	4964 Oxford Street, Melbourne, AU	AU
S2_TRAIN_001101	6026 CyberShield	6108 Orchard Rd, Sydney, 77833, AU	AU
S2_TRAIN_000659	Latitude Geospatial 9858 G.K.	2640 Church St, Nagoya, 28790, JP	JP
S2_TRAIN_000765	Wveform Acoustic 105	5419 George Street, Lyon	FR
S2_TRAIN_001610	threshold-interactive-9135	8952 Washington Blvd, Ottawa, 55663	
S2_TRAIN_002000	Peak Performance Fitness Distractor 418 Pty Ltd	2141 Orchard Road, Sydney, AU	AU
S2_TRAIN_001795	Laguna Marine Distractor 933 K.K.	3989 Orchard Road, Tokyo, JP	JP
S2_TRAIN_001261	5504 Kodiak	8909 Station Rd, Sydney, 88661, AU	AU
S2_TRAIN_001563	Solaria Energy Sys 2705	Suite 750, 8891 Rue de Rivoli, Calgary - 83504	CA
S2_TRAIN_000788	Emerald City Foods 4181	Suite 504, 8515 Market Street, Seattle - 80268	US
S2_TRAIN_002223	Insightful Analytics Distractor 994 SNC	5979 Maple Ave, Lyon, FR	FR
S2_TRAIN_002263	MicroTech Semiconductor Distractor 842 B.V.	3649 Queen Street, Rotterdam, NL	NL
S2_TRAIN_001698	Compass Point Marine Distractor 371 UG	5334 Elm Street, Frankfurt, DE	DE
S2_TRAIN_001533	ICONIC ARCHITECTURE 1027	Suite 599, 1254 Washington Blvd, Manchester - 37486	GB
S2_TRAIN_001040	Modern Precision 1429 Pvt. Ltd.	Chennai, 9176 Broadway, 28283	IN
S2_TRAIN_002232	Seaside Seafood Co Distractor 260 LLP	4360 Harbor Drive, Singapore, SG	SG
S2_TRAIN_001048	Inegrity Consulting 2674	9744 Broadway, Chicago, 68552	
S2_TRAIN_000800	8420 Vertex	Suite 176, 1026 Bay Street, Singapore - 17228	
S2_TRAIN_000939	2023 Synergy	Suite 500, 1423 Orchard Road, Calgary - 74798	CA
S2_TRAIN_001906	Rockwell Automation Systems Distractor 595 Limited	3861 Church St, Bristol, GB	GB
S2_TRAIN_000054	Waveform Acoustic 8851	Singapore, 1623 George Street, 74139	SG
S2_TRAIN_000568	Genesis Industrial 7656	9237 Commercial Road, Utrecht, 59533	NL
S2_TRAIN_001222	Enclave Networks 404	6718 Church St, Perth, 69524, AU	AU
S2_TRAIN_001769	Compass Point Marine Distractor 734 Kabushiki Kaisha	7141 Victoria Road, Nagoya, JP	JP
S2_TRAIN_000510	Guardian Asset Management 5862 G.K.	Yokohama, 5716 MG Road, 78820	JP
S2_TRAIN_000382	8012 Waveform	Suite 226, 1271 Washington Blvd, Singapore - 80601	SG
S2_TRAIN_002305	Unified Communications Distractor 900 G.K.	1627 George Street, Osaka, JP	JP
S2_TRAIN_000370	Elevate Digital 6712	Singapore, 5555 Bay Street, 80909	SG
S2_TRAIN_001226	Fusion Power Dynamics 5044	Suite 966, 5604 Station Road, Bristol - 42322	GB
S2_TRAIN_001757	Prism Optical Distractor 393 Pvt Ltd	5478 Industrial Boulevard, Hyderabad, IN	IN
S2_TRAIN_001500	Sterling Bank & Trust 5457	1426 Brigade Rd, Austin, 28119, US	US
S2_TRAIN_002026	Pathfinder Robotics Distractor 607 Kabushiki Kaisha	8089 Station Road, Nagoya, JP	JP
S2_TRAIN_000423	6584 Resolute	2014 Maple Ave, Bengaluru	IN
S2_TRAIN_002021	Helix BioSciences Distractor 697 Ltd	7832 George Street, Sydney, AU	AU
S2_TRAIN_000192	Meridian Wealtth 2294	1253 Oxford Street, Osaka	
S2_TRAIN_000432	West Coast Distribution 4982 SARL	Lyon, 2254 Elm Street, 67918	
S2_TRAIN_000514	Spectra Chemical 3151	1577 Main St, Glasgow	GB
S2_TRAIN_001614	Sierra Nevada Brewing 8046 Proprietary Limited	1031 Industrial Boulevard, Sydney	AU
S2_TRAIN_001414	THRESHOLD INTERACTIVE 2516	7954 Bay St., Vancouver, 19892, CA	CA
S2_TRAIN_001485	Luminary Lighting 9508	8956 Main St, Paris, 47669, FR	FR
S2_TRAIN_001733	Sierra Nevada Brewing Distractor 806 Pte. Ltd.	5648 Orchard Road, Singapore, SG	SG
S2_TRAIN_001518	Precision Machinig 296	1403 Maple Ave, Glasgow, 90845	GB
S2_TRAIN_001664	Solaria Energy Systems Distractor 229 LLP	2039 Orchard Road, Seattle, US	US
S2_TRAIN_000989	CrossRoads Transport 8657 SA	325 Victoria Road, Marseille, 63223	FR
S2_TRAIN_001258	Zion Natural Foods 6177	9654 Park Avenue, Boston, 13157	US
S2_TRAIN_002023	Spire Global Solutions Distractor 370 K.K.	9696 Maple Ave, Yokohama, JP	JP
S2_TRAIN_001121	4048 Frontier	801 Industrial Blvd, Adelaide, 78584, AU	AU
S2_TRAIN_001169	TrueNorth Consulting 8987	7082 King St., Austin, 10142, US	US
S2_TRAIN_001294	8209 Volt	Fukuoka, 6974 Market Street, 41525	JP
S2_TRAIN_000208	evergreen-forestry-1965	Suite 735, 8072 King Street, Bristol - 90455	GB
S2_TRAIN_000835	Nautilus Oceanic 3258 SNC	8379 Washington Blvd, Marseille, 35277	
S2_TRAIN_001320	5338 Windward	8894 Park Ave, Boston, 76215, US	US
S2_TRAIN_001691	Timberline Lumber Distractor 940 LLP	9731 Brigade Road, Singapore, SG	SG
S2_TRAIN_001564	Kinetic Sports 1731	Suite 104, 2764 Commercial Road, Marseille - 85377	FR
S2_TRAIN_001217	Gateway Telecom 8787	Bengaluru, 6679 Rue de Rivoli, 32085	IN
S2_TRAIN_000551	Timberline Lumber 6661	3428 Victoria Road, Seattle	US
S2_TRAIN_000688	Maven Data Science 3241 N.V.	Suite 477, 2669 Queen Street, The Hague - 86871	NL
S2_TRAIN_000749	6594 Skyline	Suite 568, 7921 MG Road, Vancouver - 86854	CA
S2_TRAIN_000903	1363 Magnolia	2216 Park Avenue, Bengaluru, 33886	IN
S2_TRAIN_001490	Modrn Precision 5972	5341 High St., Rotterdam, 56219, NL	NL
S2_TRAIN_002365	Genesis Industrial Distractor 484 LLP	9766 Maple Ave, New York, US	US
S2_TRAIN_002329	First Horizon Banking Distractor 195 PLC	1901 Industrial Boulevard, Birmingham, GB	GB
S2_TRAIN_001310	navitas-clean-energy-2078	Suite 306, 37 Queen Street, Melbourne - 59616	AU
S2_TRAIN_001979	Oakwood Furnishings Distractor 589 Ltd	2944 Park Avenue, Melbourne, AU	AU
S2_TRAIN_001214	4691 Synthesis	2487 Washington Blvd, Mumbai, 25593, IN	IN
S2_TRAIN_000267	Laguna Marine 236	9408 Victoria Road, Bristol, 73783	
S2_TRAIN_001178	5544 Iconic	7977 Main St, Hamburg, 67967	DE
S2_TRAIN_001939	Envision Healthcare Distractor 657 Inc.	6473 Main St, Ottawa, CA	CA
S2_TRAIN_000838	Metro Urban Transit 2886	373 Queen St., London, 83188, GB	GB
S2_TRAIN_000683	Sapphire Healthcare 9959	8500 Brigade Rd, Melbourne, 74779, AU	AU
S2_TRAIN_000444	5538 Falcon	Suite 322, 4753 Broadway, Ottawa - 49213	CA
S2_TRAIN_001790	Laguna Marine Distractor 367 Ltd.	8231 Victoria Road, Hyderabad, IN	IN
S2_TRAIN_000278	Infinity Robotics 8519 GmbH	Suite 801, 8973 Station Road, Munich - 11386	DE
S2_TRAIN_002022	Zenith Broadcast Group Distractor 916 AG	7438 Maple Ave, Stuttgart, DE	DE
S2_TRAIN_001692	Sanctuary Spa Group Distractor 554 Proprietary Limited	5098 Maple Ave, Brisbane, AU	AU
S2_TRAIN_001066	equinox-venture-partners-1744	6079 Friedrichstrasse, Edinburgh, 95360, GB	GB
S2_TRAIN_000853	Cascade Capital 8807 K.K.	Suite 464, 8327 Queen Street, Yokohama - 14002	JP
S2_TRAIN_001116	LUMINARY LIGHTING 4598	Suite 106, 9747 Station Road, Melbourne - 60002	
S2_TRAIN_002011	Voyager Travel Group Distractor 619 Co.	1081 Broadway, Seattle, US	US
S2_TRAIN_001834	Latitude Geospatial Distractor 134 Pty Ltd	800 Queen Street, Perth, AU	AU
S2_TRAIN_000622	Rigel Marine Services 1821	4845 Victoria Rd, Glasgow, 26554, GB	GB
S2_TRAIN_001717	Synthesis Data Labs Distractor 922 Ltée	4467 Main St, Vancouver, CA	CA
S2_TRAIN_000183	Venture Point Capital 3634	Suite 941, 4784 Commercial Road, Boston - 81786	US
S2_TRAIN_001486	5208 Apex	9391 Maple Ave, Atlanta, 64486, US	US
S2_TRAIN_001555	West oast Distribution 441	Suite 188, 4144 Maple Ave, Perth - 21605	AU
S2_TRAIN_001541	Keystone Civil Works 4402 SARL	119 Harbor Drive, Paris	FR
S2_TRAIN_000412	Frontier Biotech 5061 Corp.	Calgary, 1301 Brigade Road, 17854	CA
S2_TRAIN_000854	silicon-valley-micro-6125	2828 Church St, Paris, 18089, FR	FR
S2_TRAIN_001068	Talon Security 129	3067 Industrial Boulevard, Ottawa, 13878	CA
S2_TRAIN_000825	pacific-rim-trading-3514	8594 Harbor Drive, Singapore, 22763, SG	SG
S2_TRAIN_000270	Tandem Software 134	4820 Market St., The Hague, 18180, NL	NL
S2_TRAIN_002349	CyberShield Defense Distractor 643 Proprietary Limited	6400 Harbor Drive, Perth, AU	AU
S2_TRAIN_000308	CybeShield Defense 9813	Stuttgart, 9267 Rue de Rivoli, 67156	
S2_TRAIN_000680	Nexus Telecom 6250	229 Commercial Rd, Hyderabad, 66935, IN	IN
S2_TRAIN_001300	FIRST HORIZON BANKING 7313	876 Washington Blvd, The Hague, 72974	NL
S2_TRAIN_001894	Nova Medical Devices Distractor 457 LLP	4055 Maple Ave, Singapore, SG	SG
S2_TRAIN_002147	Zenith Broadcast Group Distractor 265 Limited	5410 Church St, Pune, IN	IN
S2_TRAIN_000803	PRISM OPTICAL 2131	Suite 493, 319 Commercial Road, Rotterdam - 82805	NL
S2_TRAIN_002092	Apex Logistics Distractor 943 Corp.	7602 Oxford Street, Vancouver, CA	CA
S2_TRAIN_002308	Ivy League Education Distractor 528 G.K.	2687 Bay Street, Tokyo, JP	JP
S2_TRAIN_001398	Summit Mountain Gear 7431	7137 Friedrichstrasse, Singapore, 17948	SG
S2_TRAIN_001374	CoreLogic Solutions 7446	8821 Church St, Mumbai	IN
S2_TRAIN_000524	summit-mountain-gear-3570	1304 Elm St., Singapore, 46234, SG	SG
S2_TRAIN_000498	new-horizon-health-1138	7459 Station Road, Mumbai, 28590	IN
S2_TRAIN_001958	TransNational Logistics Distractor 603 Co.	3723 Church St, New York, US	US
S2_TRAIN_001205	United Parcel Express 4555	Suite 935, 2695 Elm Street, Pune - 60934	IN
S2_TRAIN_001976	Emerald City Foods Distractor 483 Ltd.	2901 Oxford Street, Singapore, SG	SG
S2_TRAIN_001888	TopTier Athletics Distractor 274 B.V.	8622 King Street, The Hague, NL	NL
S2_TRAIN_001719	Golden Gate Trading Distractor 377 Pvt Ltd	6755 King Street, Hyderabad, IN	IN
S2_TRAIN_000396	720 Overland	4655 MG Road, Chicago	US
S2_TRAIN_001646	West Coast Distribution Distractor 876 B.V.	1455 Park Avenue, Utrecht, NL	NL
S2_TRAIN_001002	CloudScale Sys 6446	5619 King Street, Marseille	
S2_TRAIN_002310	Compass Point Marine Distractor 449 Pte. Ltd.	7904 Bay Street, Singapore, SG	SG
S2_TRAIN_000453	CLOUDSCALE SYSTEMS 2095	4138 Church St, Calgary, 83445	
S2_TRAIN_002319	Emerald City Foods Distractor 732 Corp.	117 Station Road, Vancouver, CA	CA
S2_TRAIN_001722	Apex Logistics Distractor 423 SA	3171 Victoria Road, Marseille, FR	FR
S2_TRAIN_001701	Evergreen Forestry Distractor 361 Ltd.	4149 MG Road, Singapore, SG	SG
S2_TRAIN_001236	Redwood Software 3610	7993 Market Street, Berlin, 33996	DE
S2_TRAIN_000411	Paladin Riisk Management 720	Suite 746, 4941 George Street, Manchester - 88494	GB
S2_TRAIN_002299	Saturn Heavy Industries Distractor 560 B.V.	4955 Station Road, Amsterdam, NL	NL
S2_TRAIN_001107	Ion Propulsion Labs 3824	100 Friedrichstrasse, Paris	FR
S2_TRAIN_001527	Halo Interactive 912	1671 Church St, Fukuoka	
S2_TRAIN_002340	MicroTech Semiconductor Distractor 534 Proprietary Limited	1615 MG Road, Brisbane, AU	AU
S2_TRAIN_001043	Oakwood Furnishings 3877	3359 Rue de Rivoli, Boston	US
S2_TRAIN_000317	WHISPERING PINES RESORT 3139	71 Church St, Melbourne, 22934, AU	AU
S2_TRAIN_000952	Laguna Marine 3408	1889 MG Rd, Utrecht, 88986, NL	NL
S2_TRAIN_000033	Monarch Aerospace 9643 Private Limited	987 Elm Street, Singapore	
S2_TRAIN_000867	TriState Utilities 30027	8945 Oxford Street, Singapore	SG
S2_TRAIN_002295	Fusion Power Dynamics Distractor 559 SA	7118 Friedrichstrasse, Toulouse, FR	FR
S2_TRAIN_001288	OnPoint Diagnostics 4876 Limited	2396 Victoria Road, Glasgow, 41469	GB
S2_TRAIN_000956	Nova Medical DDevices 542	Suite 731, 5784 Brigade Road, Atlanta - 51252	US
S2_TRAIN_000632	Halo Interactive 3431 Kabushiki Kaisha	5274 Washington Blvd, Yokohama, 62601	JP
S2_TRAIN_000967	Veritas Legal Services 7984 SA	7632 Park Avenue, Marseille, 44536	FR
S2_TRAIN_002247	TerraFirma Landscaping Distractor 991 G.K.	3071 Market Street, Osaka, JP	JP
S2_TRAIN_000040	waveform-acoustic-7942	9976 Washington Blvd, London, 41365	GB
S2_TRAIN_002159	CrossRoads Transport Distractor 343 NL	3710 Victoria Road, Sydney, AU	AU
S2_TRAIN_002101	New Horizon Health Distractor 495 NL	6335 Queen Street, Melbourne, AU	AU
S2_TRAIN_001132	Renaissance Arts 4270	Suite 948, 5993 Bay Street, Adelaide - 42620	AU
S2_TRAIN_001737	Windward Nautical Distractor 953 B.V.	5763 Queen Street, The Hague, NL	NL
S2_TRAIN_002322	Rockwell Automation Systems Distractor 856 Pty Ltd	9892 Station Road, Sydney, AU	AU
S2_TRAIN_000815	Quest Diagnostics Global 9978 Kabushiki Kaisha	Nagoya, 265 Church St, 30753	JP
S2_TRAIN_002307	CrossRoads Transport Distractor 138 N.V.	3014 Washington Blvd, The Hague, NL	NL
S2_TRAIN_000202	SPIRE GLOBAL SOLUTIONS 6940	Suite 479, 4515 Maple Ave, Utrecht - 99208	NL
S2_TRAIN_001171	Quantum Computing Labs 511	4587 Bay Street, Stuttgart	DE
S2_TRAIN_000259	Paramount Construction 613 Ltée	8291 Friedrichstrasse, Toronto, 13268	CA
S2_TRAIN_000740	Liberty Title Agency 6383	Suite 935, 7595 Rue de Rivoli, Kolkata - 96288	IN
S2_TRAIN_000283	UNITED PARCEL EXPRESS 1741	572 Broadway, Marseille, 19557, FR	FR
S2_TRAIN_000617	Solaria Energy Sys 2481	2661 Broadway, New Delhi, 13929	IN
S2_TRAIN_001109	CROSSROADS TRANSPORT 5571	33 MG Road, Fukuoka	JP
S2_TRAIN_001065	9768 NorthStar	Suite 159, 145 Oxford Street, Toulouse - 51192	FR
S2_TRAIN_000277	861 First	Suite 488, 7803 Bay Street, Hyderabad - 49500	IN
S2_TRAIN_000141	EcoSphere Solutions 9516	6462 Market Street, Glasgow	GB
S2_TRAIN_000398	Meridiaan Wealth 2072	Yokohama, 3429 Rue de Rivoli, 20670	JP
S2_TRAIN_001592	Dynamo Retail 7700 Co.	514 MG Rd, Dallas, 17022, US	US
S2_TRAIN_000685	3185 Waveform	Suite 581, 9377 Washington Blvd, New Delhi - 40005	IN
S2_TRAIN_000490	SYNTHESIS DATA LABS 77	Suite 408, 6600 Market Street, Marseille - 14850	FR
S2_TRAIN_000123	4559 Zion	5363 Rue de Rivoli, Hamburg, 86278, DE	DE
S2_TRAIN_001453	878 Catalyst	1177 Main St, Toulouse	FR
S2_TRAIN_002036	Prairie Wind Renewables Distractor 721 Private Limited	1336 Elm Street, Singapore, SG	SG
S2_TRAIN_000080	Supreme Logistics 531 N.V.	7372 King Street, Rotterdam	NL
S2_TRAIN_001922	Serenity Living Distractor 308 GmbH & Co. KG	1774 Orchard Road, Berlin, DE	DE
S2_TRAIN_001891	Precision Machining Distractor 462 Ltd	5622 Church St, Adelaide, AU	AU
S2_TRAIN_001473	Sapphire Healthcare 1396	Frankfurt, 5698 Victoria Road, 87834	DE
S2_TRAIN_001122	Venture Point Capital 7642	Singapore, 1104 Maple Ave, 49971	SG
S2_TRAIN_001077	TriStte Utilities 3173	Suite 455, 4826 Industrial Boulevard, Vancouver - 42281	CA
S2_TRAIN_001521	Pulse Digital Marketing 6480 N.V.	8743 Bay Street, The Hague	NL
S2_TRAIN_000101	Riverstone Capital 945	9131 George St., Fukuoka, 79467, JP	JP
S2_TRAIN_001331	Wellspring Health 30447	285 Queen St., Toulouse, 51359, FR	FR
S2_TRAIN_000554	cybershield-defense-92	1538 MG Road, Melbourne	AU
S2_TRAIN_000942	Sterling Bank & Trust 7523 LLC	9948 Bay St., Austin, 75252, US	US
S2_TRAIN_001678	Pathfinder Robotics Distractor 408 Limited	8042 Market Street, Edinburgh, GB	GB
S2_TRAIN_001196	Pacific Rim Trading 2975	3518 Broadway, Fukuoka, 30751	JP
S2_TRAIN_000342	6723 Threshold	Hamburg, 2188 Rue de Rivoli, 44167	DE
S2_TRAIN_001042	Nebula Cloud HHosting 6256	2912 Washington Blvd, Seattle, 28917, US	US
S2_TRAIN_001851	Orbit Satellite Services Distractor 285 Incorporated	7425 Park Avenue, Chicago, US	US
S2_TRAIN_001397	6259 Waveform	Boston, 6426 Park Avenue, 43209	US
S2_TRAIN_001761	Evergreen Forestry Distractor 500 Inc.	4256 Market Street, Montreal, CA	CA
S2_TRAIN_000972	Overland Express 8874	2525 Friedrichstrasse, Ottawa, 98819, CA	CA
S2_TRAIN_001903	BlueSky Technologies Distractor 340 Corp.	9754 Station Road, Dallas, US	US
S2_TRAIN_001943	Milestone Education Distractor 886 Inc.	7947 Park Avenue, Austin, US	US
S2_TRAIN_001740	Velocity Motors Distractor 663 Proprietary Limited	6109 Church St, Melbourne, AU	AU
S2_TRAIN_001739	Windward Nautical Distractor 608 Ltd	8178 Friedrichstrasse, Adelaide, AU	AU
S2_TRAIN_001898	Radiant Energy Distractor 592 B.V.	2149 Park Avenue, Amsterdam, NL	NL
S2_TRAIN_000450	TerraFirma Landscaping 2437	6575 Market Street, Toronto	CA
S2_TRAIN_001164	helix-biosciences-4206	Suite 338, 8394 Park Avenue, Brisbane - 87165	AU
S2_TRAIN_000723	Lighthouse Hospitality 7424	New Delhi, 7142 Market Street, 46505	IN
S2_TRAIN_000343	paladin-risk-management-2788	8616 Main St, Amsterdam	NL
S2_TRAIN_001708	Wellspring Health Distractor 284 UG	1568 Maple Ave, Stuttgart, DE	DE
S2_TRAIN_002109	Prosper Wealth Advisors Distractor 705 Corp.	5497 Friedrichstrasse, San Francisco, US	US
S2_TRAIN_001108	TerraFirma Landscaping 775	3890 King Street, Toronto	CA
S2_TRAIN_001967	GreenLeaf Organics Distractor 909 PLC	5425 George Street, Leeds, GB	GB
S2_TRAIN_000456	Evergreen Forstry 6259	3378 Church St, Adelaide	AU
S2_TRAIN_002095	Iconic Architecture Distractor 225 N.V.	1480 Industrial Boulevard, Rotterdam, NL	NL
S2_TRAIN_000720	Pulse Digital Marketing 1466	3745 Commercial Rd, Singapore, 45274, SG	SG
S2_TRAIN_001824	Peak Performance Fitness Distractor 241 AG	3367 Washington Blvd, Berlin, DE	DE
S2_TRAIN_001864	Redwood Software Distractor 669 G.K.	5897 Elm Street, Fukuoka, JP	JP
S2_TRAIN_001962	Cedar Point Energy Distractor 283 Ltd	1053 Bay Street, Sydney, AU	AU
S2_TRAIN_001764	Solaria Energy Systems Distractor 448 N.V.	5235 Station Road, Amsterdam, NL	NL
S2_TRAIN_001714	Victory Marine Distractor 347 Pte. Ltd.	2359 Harbor Drive, Singapore, SG	SG
S2_TRAIN_000025	Prosper Wealth Advisors 4134	8838 Main St, Leeds, 16826, GB	
S2_TRAIN_002255	Redwood Software Distractor 821 Private Limited	9991 Bay Street, Chennai, IN	IN
S2_TRAIN_001442	6144 Genesis	390 Station Rd, Brisbane, 96269, AU	AU
S2_TRAIN_001323	Reliant Power Systems 4940	7563 Friedrichstrasse, Brisbane	AU
S2_TRAIN_001365	Synergy Pharmaceuticals 4544	Sydney, 9897 Queen Street, 31654	AU
S2_TRAIN_001746	Vertex Engineering Distractor 703 Ltée	2003 Harbor Drive, Montreal, CA	CA
S2_TRAIN_000488	Harbor Light Logitics 554	6715 Elm St., Nagoya, 48466, JP	JP
S2_TRAIN_000592	Ion Propulsion Labs 9464	Suite 213, 9884 Brigade Road, Toulouse - 68150	FR
S2_TRAIN_002290	Optima Insurance Distractor 295 Ltd	5595 Station Road, Melbourne, AU	AU
S2_TRAIN_000656	Prairie Wind Renewables 4667	9341 Queen Street, Nagoya, 44275	JP
S2_TRAIN_001202	Equinox Venture Partners 5551 SA	Suite 436, 7499 Industrial Boulevard, Paris - 94523	FR
S2_TRAIN_000058	GreenLeaf Organics 7771	1528 Park Ave, London, 66606, GB	
S2_TRAIN_001115	Safeguard Insurance 6655 Pte. Ltd.	Suite 750, 9134 Main St, Singapore - 14337	SG
S2_TRAIN_000425	Elevate Digital 4938 K.K.	7312 Industrial Blvd, Fukuoka, 25162, JP	JP
S2_TRAIN_002102	Synthesis Data Labs Distractor 274 AG	8531 Friedrichstrasse, Stuttgart, DE	DE
S2_TRAIN_001147	8109 TopTier	6488 Friedrichstrasse, Adelaide, 81688	AU
S2_TRAIN_000856	Talon Security 6939	722 George Street, Birmingham, 74796	GB
S2_TRAIN_001334	Ion Propulsion Labs 6005	3079 King Street, Glasgow, 11135	GB
S2_TRAIN_000926	1450 Fleetwood	3547 Oxford Street, Melbourne, 63862	AU
S2_TRAIN_001561	Prairie Wind Renewables 6508 N.V.	2244 Victoria Rd, Rotterdam, 42482, NL	NL
S2_TRAIN_000705	Modern Precision 1984	Vancouver, 1169 King Street, 18784	
S2_TRAIN_001669	Synthesis Data Labs Distractor 533 N.V.	8222 Queen Street, Utrecht, NL	NL
S2_TRAIN_000687	Golden Gate Trading 44469	9909 Station Road, Hamburg	
S2_TRAIN_000072	Treasure CoastMarine 87	3534 Oxford Street, London	GB
S2_TRAIN_000222	Monarch Aerospace 3256 GmbH & Co. KG	Suite 505, 3569 King Street, Berlin - 24801	DE
S2_TRAIN_001465	Libertty Title Agency 8426	3785 Park Ave, Manchester, 10158, GB	GB
S2_TRAIN_001532	Compass Point Marine 3493	8062 Washington Blvd, Lyon, 18835	FR
S2_TRAIN_001745	Victory Marine Distractor 383 Kabushiki Kaisha	8261 Oxford Street, Fukuoka, JP	JP
S2_TRAIN_000960	9198 Viking	Mumbai, 783 Brigade Road, 87767	IN
S2_TRAIN_001290	8961 Venture	2848 Brigade Road, New Delhi, 14132	IN
S2_TRAIN_000650	Waveforrm Acoustic 904	Tokyo, 1462 MG Road, 50254	JP
S2_TRAIN_001234	Cascadde Capital 657	Chicago, 5516 Friedrichstrasse, 42198	
S2_TRAIN_000469	New Horizon Health 1528	4627 Commercial Rd, Sydney, 62184, AU	AU
S2_TRAIN_000709	Genesis Industrial 5236 ULC	Calgary, 3092 MG Road, 97036	CA
S2_TRAIN_000948	Pacific Rim Trading 6327 Limited	4536 Harbor Drive, Birmingham, 72409	GB
S2_TRAIN_001952	Wildcat Oil Exploration Distractor 397 Private Limited	2744 Harbor Drive, Chennai, IN	IN
S2_TRAIN_001914	Velocity Motors Distractor 838 GmbH	64 Park Avenue, Stuttgart, DE	DE
S2_TRAIN_001076	Helix BioSciences 2571	3380 Brigade Road, Munich, 32716	DE
S2_TRAIN_001165	Renaissance Arts 326	747 MG Road, Calgary, 91554	CA
S2_TRAIN_000262	CloudScale Sys 1690	9463 Main St, Nagoya, 50913, JP	JP
S2_TRAIN_000198	Prism Optical 98845	2980 Elm St., Kolkata, 91685, IN	IN
S2_TRAIN_002118	Meridian Wealth Distractor 867 N.V.	3910 Brigade Road, Amsterdam, NL	NL
S2_TRAIN_000547	CrossRoads Transport 807	Osaka, 8774 Commercial Road, 36009	JP
S2_TRAIN_000279	Trident Subsea Works 1507 Co.	Chicago, 1996 Maple Ave, 25725	US
S2_TRAIN_000818	White Cloud Tecchnologies 7560	Bordeaux, 8069 Church St, 60393	FR
S2_TRAIN_000840	Velocity Motors 21 Limited	5657 Maple Ave, Ottawa, 26803, CA	CA
S2_TRAIN_001948	Global Trade Alliance Distractor 645 Pvt. Ltd.	764 Oxford Street, Bengaluru, IN	IN
S2_TRAIN_000961	beacon-health-9356	2840 High Street, Lyon, 25092	FR
S2_TRAIN_000565	Elevate Digital 3042 AG	330 Washington Blvd, Stuttgart	DE
S2_TRAIN_000467	zephyr-clean-energy-9164	7675 Victoria Rd, Amsterdam, 72575, NL	NL
S2_TRAIN_001250	Sigma BioPharma 4793 Enterprises	New Delhi, 7877 Market Street, 95520	
S2_TRAIN_001071	Wayfarer Outdoors 2589 SAS	1426 Church St, Lyon	FR
S2_TRAIN_001492	Equinox Venture Partners 1438 Pte. Ltd.	9339 Church St, Singapore, 56746	SG
S2_TRAIN_000991	Victory Marine 273	6175 Bay Street, Pune	IN
S2_TRAIN_000355	vanguard-asset-management-2379	8825 Washington Blvd, Calgary, 35023, CA	CA
S2_TRAIN_002164	Fleetwood Engineering Distractor 130 SA	5987 Harbor Drive, Paris, FR	FR
S2_TRAIN_000925	Cinnabar Cretive 7225	Singapore, 5017 MG Road, 89253	SG
S2_TRAIN_000633	2762 Guardian	Suite 874, 3110 Broadway, Berlin - 86263	DE
S2_TRAIN_000005	Ultratech Industrial 2804 K.K.	7574 Industrial Boulevard, Osaka, 59735	JP
S2_TRAIN_002113	Harmonic Audio Distractor 349 Co.	499 Washington Blvd, Boston, US	US
S2_TRAIN_000573	Paramount Construction 82	Lyon, 1637 Commercial Road, 71708	FR
S2_TRAIN_000271	Nexus Telecom 6272	8932 George Street, Singapore, 37684	SG
S2_TRAIN_000218	Safeguard Insurance 8768 LLC	Suite 293, 4909 Rue de Rivoli, Dallas - 11197	US
S2_TRAIN_001866	Renaissance Arts Distractor 650 N.V.	7745 MG Road, Utrecht, NL	NL
S2_TRAIN_001675	BrightPath Financial Distractor 605 Corp.	9828 Station Road, Seattle, US	US
S2_TRAIN_002001	Ultratech Industrial Distractor 339 AG	5512 Commercial Road, Hamburg, DE	DE
S2_TRAIN_000043	Acme Globl 4635	8023 Elm Street, Adelaide, 29476	AU
S2_TRAIN_001673	Radius Geospatial Distractor 894 UG	8138 Friedrichstrasse, Frankfurt, DE	DE
S2_TRAIN_001082	WHITE CLOUD TECHNOLOGIES 6567	7758 Oxford Street, Hyderabad	IN
S2_TRAIN_002130	Compass Point Marine Distractor 322 LLP	7699 MG Road, Leeds, GB	GB
S2_TRAIN_000454	Laguna Maarine 4782	2179 Oxford Street, Austin	US
S2_TRAIN_000620	LEGACY MANUFACTURING 3707	4934 Harbor Drive, Melbourne, 53073	AU
S2_TRAIN_002346	GreenLeaf Organics Distractor 956 UG	5240 Park Avenue, Munich, DE	DE
S2_TRAIN_002082	Crestview Holdings Distractor 259 Kabushiki Kaisha	4421 Station Road, Fukuoka, JP	JP
S2_TRAIN_000625	Crestview Holddings 6724	2626 Rue de Rivoli, Mumbai	IN
S2_TRAIN_001988	Dynamo Retail Distractor 969 Ltd	9525 Park Avenue, Perth, AU	AU
S2_TRAIN_000682	OCEANIC SEAFOODS 3241	Suite 781, 2594 Bay Street, Dallas - 49783	
S2_TRAIN_000104	Nexus Telecom 3329 UG	750 George Street, Frankfurt	DE
S2_TRAIN_002342	Zephyr Clean Energy Distractor 908 Inc.	8133 King Street, Toronto, CA	CA
S2_TRAIN_000998	Sterling Bank & Trust 5696 Private Limited	2448 Main St, Singapore, 68599, SG	SG
S2_TRAIN_001482	Lantern Publishing 5280 Corp.	Austin, 8667 Harbor Drive, 40266	US
S2_TRAIN_000138	4778 Integrity	3975 Harbor Drive, Utrecht, 70807, NL	NL
S2_TRAIN_002126	Timberline Lumber Distractor 487 LLP	2214 Main St, Singapore, SG	SG
S2_TRAIN_000461	QUANTUM COMPUTING LABS 4563	Suite 912, 2090 Station Road, Bengaluru - 33838	IN
S2_TRAIN_000694	Catalyst Innovation 5078	5472 Industrial Boulevard, Chicago	US
S2_TRAIN_000077	cinnabar-creative-3132	Suite 495, 5439 High Street, Brisbane - 45811	AU
S2_TRAIN_000795	5073 Sigma	3120 Industrial Boulevard, Rotterdam	NL
S2_TRAIN_001593	Wiindward Nautical 3351	Suite 134, 4390 Friedrichstrasse, Adelaide - 83961	AU
S2_TRAIN_000433	Wildcat Oil Exploration 9432 LLP	6170 Market St., Bristol, 65982, GB	
S2_TRAIN_000024	United Parcel Express 7023	Kolkata, 2978 Friedrichstrasse, 16590	IN
S2_TRAIN_002152	Crestview Holdings Distractor 261 GmbH	4809 High Street, Hamburg, DE	DE
S2_TRAIN_000331	solaria-energy-systems-3057	The Hague, 7657 MG Road, 45118	NL
S2_TRAIN_002063	Trident Subsea Works Distractor 537 Private Limited	7257 George Street, Singapore, SG	SG
S2_TRAIN_000273	Wellspring Health 6039	Glasgow, 1312 Rue de Rivoli, 28623	GB
S2_TRAIN_000689	6145 White	7115 Washington Blvd, Tokyo, 94715, JP	JP
S2_TRAIN_002093	Whispering Pines Resort Distractor 804 Kabushiki Kaisha	4112 Elm Street, Fukuoka, JP	JP
S2_TRAIN_000176	Saturn Heavy Industries 5417 Inc.	Toronto, 1459 Main St, 24474	
S2_TRAIN_001700	Vanguard Asset Management Distractor 534 Ltd	3520 Maple Ave, Brisbane, AU	AU
S2_TRAIN_000168	Synergy Phrmaceuticals 3112	8760 King St., Munich, 93665, DE	DE
S2_TRAIN_001938	EcoSphere Solutions Distractor 632 Pte. Ltd.	3761 George Street, Singapore, SG	SG
S2_TRAIN_001395	5656 Jade	1336 Industrial Blvd, London, 49879, GB	GB
S2_TRAIN_000320	SoundWave Media 1393	6564 Bay St., Manchester, 87405, GB	GB
S2_TRAIN_001232	SPECTRUM COMMUNICATIONS 1237	4746 Bay St., Brisbane, 67814, AU	AU
S2_TRAIN_000603	4080 Spectrum	9196 King St., Frankfurt, 75937, DE	
S2_TRAIN_001312	Legacy Manufacturing 9209 Enterprises	2189 Maple Ave, Hyderabad, 82677	IN
S2_TRAIN_002280	Peak Performance Fitness Distractor 717 Co. Ltd.	1572 Industrial Boulevard, Bristol, GB	GB
S2_TRAIN_002055	Sierra Nevada Brewing Distractor 523 Proprietary Limited	6553 Park Avenue, Adelaide, AU	AU
S2_TRAIN_001322	Nimble Supply Chain 8392 UG	Munich, 1386 Main St, 12848	
S2_TRAIN_001754	Meridian Wealth Distractor 961 B.V.	1750 Broadway, Rotterdam, NL	NL
S2_TRAIN_001206	Taylor & Associates 4925 Co.	9383 Bay St., Chicago, 44375, US	US
S2_TRAIN_001883	Pioneer Drilling Distractor 107 Proprietary Limited	9450 George Street, Brisbane, AU	AU
S2_TRAIN_002334	Latitude Geospatial Distractor 425 SA	6913 Bay Street, Bordeaux, FR	FR
S2_TRAIN_001840	Silverline Transport Distractor 643 NL	9123 Market Street, Brisbane, AU	AU
S2_TRAIN_000812	TAYLOR & ASSOCIATES 8923	1950 King Street, Singapore	SG
S2_TRAIN_002151	Fleetwood Engineering Distractor 671 UG	34 Victoria Road, Munich, DE	DE
S2_TRAIN_002201	Olympus Chemical Distractor 347 Pvt. Ltd.	2462 Washington Blvd, Pune, IN	IN
S2_TRAIN_000921	5497 ProActive	6486 Oxford Street, Atlanta	US
S2_TRAIN_000906	Serenity Living 1637	Lyon, 7598 Market Street, 87982	FR
S2_TRAIN_001021	Sentient AI Systems 2020	349 MG Road, Marseille, 94122	FR
S2_TRAIN_000388	CrossRoads Transport 1585	394 George St., Dallas, 87664, US	US
S2_TRAIN_000015	Fusion Power Dynamics 686	Suite 995, 5863 High Street, Brisbane - 37535	AU
S2_TRAIN_001160	Pioneer Driling 8556	Suite 688, 1263 Victoria Road, Atlanta - 36205	US
S2_TRAIN_002014	Talon Security Distractor 346 LLP	8171 Harbor Drive, Singapore, SG	SG
S2_TRAIN_001916	Turbine Power Systems Distractor 157 SNC	6521 Industrial Boulevard, Lyon, FR	FR
S2_TRAIN_000558	Vibrant Media Group 7757	3799 Main St, Vancouver, 38369, CA	CA
S2_TRAIN_000434	Wildcat Oil Exploration 9432	Bristol, 6170 Market Street, 65982	GB
S2_TRAIN_000901	Redwood Software 4534	7357 Commercial Road, Atlanta	US
S2_TRAIN_000070	Halo Interactive 4470	7168 Market Street, Bordeaux, 22021	FR
S2_TRAIN_000666	New Horizon Health 8694	1405 Park Avenue, San Francisco	
S2_TRAIN_001057	Safeguard Insurance 4044	1822 Station Road, Nagoya, 27932	JP
S2_TRAIN_001177	Maven Data Science 8379 LLP	7441 Maple Ave, Singapore	SG
S2_TRAIN_000179	PRISM OPTICAL 7221	San Francisco, 5149 Oxford Street, 11620	US
S2_TRAIN_000703	3590 Polaris	6685 Harbor Drive, Utrecht, 23949	NL
S2_TRAIN_000957	Waveform Acoustic 6229	812 MG Rd, Montreal, 58622, CA	CA
S2_TRAIN_001778	Volt Electrical Services Distractor 789 N.V.	7569 Market Street, The Hague, NL	NL
S2_TRAIN_001010	Delta Wave Electronics 7228	Suite 754, 8828 Harbor Drive, The Hague - 89849	NL
S2_TRAIN_000414	ion-propulsion-labs-2058	8993 Elm St., Manchester, 36787, GB	GB
S2_TRAIN_000193	Treasuure Coast Marine 2718	Suite 467, 2609 Friedrichstrasse, Osaka - 33480	
S2_TRAIN_000860	Prime Autto Group 4510	6 Market Street, Yokohama, 75867	JP
S2_TRAIN_000424	Resolute Mining 66584	Bengaluru, 2014 Maple Ave, 79550	
S2_TRAIN_000923	Cedar Point Energy 4320 Corp.	1096 Oxford Street, Ottawa, 91276	CA
S2_TRAIN_001359	3221 Ion	Suite 509, 1180 Main St, Adelaide - 53731	AU
S2_TRAIN_001831	Silverline Transport Distractor 157 Corp.	8323 Washington Blvd, Montreal, CA	CA
S2_TRAIN_001342	2372 Frontier	4838 Park Avenue, Utrecht	NL
S2_TRAIN_001328	Prim Optical 7043	New York, 4264 High Street, 71133	US
S2_TRAIN_001274	Quantum Computing Labs 2622 LLP	Suite 637, 7114 MG Road, Singapore - 61332	SG
S2_TRAIN_001549	Lminary Lighting 7066	3071 MG Road, Lyon, 33372	FR
S2_TRAIN_001935	Rockwell Automation Systems Distractor 281 Ltée	7053 Oxford Street, Vancouver, CA	CA
S2_TRAIN_001792	Kinetic Sports Distractor 461 Ltd	2278 Harbor Drive, Perth, AU	AU
S2_TRAIN_000004	Ultratech Industril 2804	7574 Industrial Boulevard, Osaka	JP
S2_TRAIN_001812	Viking Freight Distractor 523 SARL	2219 Victoria Road, Toulouse, FR	FR
S2_TRAIN_001770	TriState Utilities Distractor 404 G.K.	2407 Victoria Road, Tokyo, JP	JP
S2_TRAIN_001871	Synthesis Data Labs Distractor 457 B.V.	2325 Commercial Road, Amsterdam, NL	NL
S2_TRAIN_002214	Acme Global Distractor 581 SARL	8356 Washington Blvd, Paris, FR	FR
S2_TRAIN_002134	Resolute Mining Distractor 436 NL	7590 MG Road, Perth, AU	AU
S2_TRAIN_000537	Maven Data Science 7974 SAS	4727 Industrial Boulevard, Lyon, 44003	FR
S2_TRAIN_001604	Standard Petroleum 13342	2159 Harbor Drive, Bristol, 97578, GB	GB
S2_TRAIN_000371	FRONTIER BIOTECH 9165	Suite 119, 8878 Maple Ave, Manchester - 85609	GB
S2_TRAIN_001702	Quest Diagnostics Global Distractor 553 Pty Ltd	6041 Victoria Road, Perth, AU	AU
S2_TRAIN_000704	Acme Global 8266	1184 Market Street, Leeds	GB
S2_TRAIN_001630	OmniSource Global 3606 K.K.	Tokyo, 8920 Church St, 49030	
S2_TRAIN_000052	Catalyst Innovation 9199	Suite 243, 1036 Brigade Road, Stuttgart - 93283	
S2_TRAIN_001863	Pinnacle Pharmaceuticals Distractor 367 Corp.	9405 Maple Ave, Montreal, CA	CA
S2_TRAIN_000476	pioneer-drilling-7574	Birmingham, 7676 Friedrichstrasse, 94211	GB
S2_TRAIN_000302	Linear Motion Control 6057 Ltd.	Suite 266, 569 Church St, Mumbai - 97235	IN
S2_TRAIN_000174	Pcific Rim Trading 613	797 Church St, Singapore, 87846, SG	SG
S2_TRAIN_000556	WorldBridge Epress 3547	Melbourne, 9236 Oxford Street, 23411	AU
S2_TRAIN_001930	Titan Heavy Machinery Distractor 155 K.K.	4818 Church St, Fukuoka, JP	JP
S2_TRAIN_000817	RENAISSANCE ARTS 8941	7232 High St., Fukuoka, 22014, JP	JP
S2_TRAIN_000624	Precision Machining 4858	7668 Rue de Rivoli, Singapore, 52194, SG	SG
S2_TRAIN_001537	Helix BioSciences 8796	8727 Victoria Rd, Osaka, 47559, JP	
S2_TRAIN_001237	Renaissance Arts 9102 Pvt. Ltd.	3164 Brigade Road, Kolkata, 68288	IN
S2_TRAIN_000472	Jade Palace Dining 2308	9974 Orchard Road, Chennai, 95379	IN
S2_TRAIN_000578	Sanctuary Spa Group 5490	2931 Broadway, Nagoya, 65583, JP	
S2_TRAIN_000045	Global Tradee Alliance 6718	4343 Rue de Rivoli, Bengaluru, 54375	IN
S2_TRAIN_002044	Zephyr Clean Energy Distractor 263 SARL	2089 Main St, Lyon, FR	FR
S2_TRAIN_000905	1637 Serenity	Suite 474, 7598 Market Street, Lyon - 87982	FR
S2_TRAIN_000195	SoundWave Media 4481	Adelaide, 9342 Church St, 32786	AU
S2_TRAIN_000207	Taylor & Associates 449 SA	Suite 461, 1107 Oxford Street, Paris - 60157	FR
S2_TRAIN_000151	Sapphiire Healthcare 12	2138 MG Road, Stuttgart, 54663	DE
S2_TRAIN_002296	Pinnacle Pharmaceuticals Distractor 650 SARL	9424 Queen Street, Toulouse, FR	FR
S2_TRAIN_001990	Kinetic Sports Distractor 754 Pvt. Ltd.	9080 Industrial Boulevard, Bengaluru, IN	IN
S2_TRAIN_001966	Radius Geospatial Distractor 526 Limited	4391 Station Road, Glasgow, GB	GB
S2_TRAIN_002323	West Coast Distribution Distractor 111 LLP	7225 George Street, Boston, US	US
S2_TRAIN_000569	Sanctuary Spa Group 5484 UG	Suite 811, 5866 Industrial Boulevard, Berlin - 50144	DE
S2_TRAIN_000864	Summit Mountain Gear 8373 Ltd.	Suite 765, 360 Station Road, Leeds - 31702	
S2_TRAIN_001240	UNIFIED COMMUNICATIONS 4149	9821 George Street, Utrecht, 27443	NL
S2_TRAIN_000397	344 Envision	Hyderabad, 1819 Washington Blvd, 54352	IN
S2_TRAIN_002378	Overland Express Distractor 908 GmbH & Co. KG	2203 George Street, Berlin, DE	DE
S2_TRAIN_002072	Titan Heavy Machinery Distractor 382 Co. Ltd.	8703 Broadway, Manchester, GB	GB
S2_TRAIN_000731	Infinity Robotics 6855 B.V.	2485 George St., Rotterdam, 65956, NL	
S2_TRAIN_001369	OmniSource Global 3449 GmbH & Co. KG	Stuttgart, 7646 Friedrichstrasse, 26382	DE
S2_TRAIN_001937	Waveform Acoustic Distractor 634 SA	4106 Industrial Boulevard, Bordeaux, FR	FR
S2_TRAIN_000415	Peak Performance Fitness 7003	9752 Queen Street, Edinburgh	GB
S2_TRAIN_001656	Sapphire Healthcare Distractor 289 K.K.	3099 Maple Ave, Tokyo, JP	JP
S2_TRAIN_000858	Renaissance Arts 8384 Ltd	Suite 348, 7274 Park Avenue, Melbourne - 11522	AU
S2_TRAIN_000977	Jade Palace Dining 689 LLP	Chennai, 5175 Station Road, 97141	IN
S2_TRAIN_001743	Viking Freight Distractor 138 ULC	7838 Brigade Road, Toronto, CA	CA
S2_TRAIN_000951	Sntient AI Systems 7928	3038 Maple Ave, Toronto	CA
S2_TRAIN_000329	DYNAMO RETAIL 4946	Suite 119, 8847 George Street, Nagoya - 51071	JP
S2_TRAIN_000088	tristate-utilities-1947	6115 Bay St., Bengaluru, 54444, IN	IN
S2_TRAIN_000797	Jade Palace DDining 5071	9941 Orchard Road, Osaka, 38887	JP
S2_TRAIN_000313	Helix BioSciences 4992 LLC	Suite 881, 2109 Brigade Road, San Francisco - 28659	US
S2_TRAIN_002009	Cascade Capital Distractor 377 LLC	6519 Market Street, Boston, US	US
S2_TRAIN_000083	Whispering Pine Resort 7843	Suite 231, 9420 George Street, Fukuoka - 19666	JP
S2_TRAIN_001245	Radiant Energy 1531 Co. Ltd.	Suite 946, 6378 Orchard Road, Birmingham - 65612	GB
S2_TRAIN_001634	Southland Agriculture Distractor 451 N.V.	8208 MG Road, The Hague, NL	NL
S2_TRAIN_001924	Zephyr Clean Energy Distractor 422 Enterprises	6475 Elm Street, Mumbai, IN	IN
S2_TRAIN_001808	White Cloud Technologies Distractor 243 LLP	5009 Oxford Street, Boston, US	US
S2_TRAIN_000892	4588 White	7955 Park Ave, New York, 78179, US	US
S2_TRAIN_002199	Spectra Chemical Distractor 335 N.V.	8881 Victoria Road, The Hague, NL	NL
S2_TRAIN_000636	Linear Motioon Control 5964	5973 Commercial Road, Perth, 40763	AU
S2_TRAIN_002350	TopTier Athletics Distractor 750 Ltd.	1555 Park Avenue, New Delhi, IN	IN
S2_TRAIN_001266	tandem-software-3963	1740 Church St, Stuttgart, 27770	DE
S2_TRAIN_000530	Overland Express 3783	1891 Harbor Drive, Marseille	FR
S2_TRAIN_000034	Monarch Aerospace 9643 Pte. Ltd.	987 Elm St., Singapore, 89905, SG	SG
S2_TRAIN_001016	GATEWAY TELECOM 4905	6562 MG Rd, Calgary, 19132, CA	CA
S2_TRAIN_000315	4545 Zion	Utrecht, 2631 Commercial Road, 75619	NL
S2_TRAIN_001267	Emrald City Foods 8756	Fukuoka, 1871 Park Avenue, 50418	JP
S2_TRAIN_001931	Silicon Valley Micro Distractor 259 NL	6425 Bay Street, Brisbane, AU	AU
S2_TRAIN_001138	brightpath-financial-2126	7347 Church St, Hamburg, 10778	
S2_TRAIN_001224	XCEL PRECISION TOOLS 11	Suite 486, 801 Elm Street, Singapore - 49064	
S2_TRAIN_000792	Southland Agriculture 4322	Sydney, 3967 Broadway, 49846	AU
S2_TRAIN_001699	Sigma BioPharma Distractor 494 Kabushiki Kaisha	5527 High Street, Tokyo, JP	JP
S2_TRAIN_000491	Paramount Construction 1684	Chicago, 171 High Street, 28184	US
S2_TRAIN_001568	Windward Nautical 7292	3798 Orchard Road, Calgary, 80133	CA
S2_TRAIN_001915	Polaris Navigation Distractor 373 Proprietary Limited	9232 MG Road, Brisbane, AU	AU
S2_TRAIN_002110	Nebula Cloud Hosting Distractor 384 LLP	8055 George Street, London, GB	GB
S2_TRAIN_000431	Sanctuary Spa Group 5707 LLP	8649 Park Ave, Singapore, 47098, SG	SG
S2_TRAIN_001969	Nimble Supply Chain Distractor 982 ULC	5789 High Street, Vancouver, CA	CA
S2_TRAIN_000576	Prosper Wealth Advisors 2942	Hyderabad, 8477 King Street, 23950	IN
S2_TRAIN_001900	Unified Communications Distractor 177 N.V.	5765 Washington Blvd, Amsterdam, NL	NL
S2_TRAIN_001120	Nebula Cloud Hosting 9289 SNC	Suite 231, 828 Market Street, Lyon - 43629	
S2_TRAIN_000264	Metro Urban Transit 9406 Inc.	5102 Park Ave, Vancouver, 90381, CA	
S2_TRAIN_001299	OmniSource Global 9448 Pvt Ltd	Suite 386, 9730 Market Street, Pune - 24891	
S2_TRAIN_000492	Paramount Construction 1684 Co.	171 High Street, Chicago, 28184	US
S2_TRAIN_000468	Oakwood Furnishings 460	8874 Industrial Blvd, Montreal, 23954, CA	CA
S2_TRAIN_001461	Whispering Pines Resort 1990	402 Station Road, Singapore	SG
S2_TRAIN_000981	Pioneer Drilling 6582 Proprietary Limited	5093 Harbor Drive, Perth, 25565, AU	AU
S2_TRAIN_000917	Windward Nautical 9643 GmbH	Stuttgart, 7599 Harbor Drive, 71662	DE
S2_TRAIN_000221	Enclave Networks 8539	Suite 359, 5114 Bay Street, Calgary - 52344	CA
S2_TRAIN_001853	Compass Point Marine Distractor 885 Ltd.	6114 Victoria Road, Pune, IN	IN
S2_TRAIN_001539	Summit Mountain Gear 7542	2746 Harbor Drive, Edinburgh, 37473, GB	GB
S2_TRAIN_000602	ultratech-industrial-7476	Seattle, 9853 George Street, 45486	US
S2_TRAIN_000223	Beacon Health 689 N.V.	9769 Victoria Rd, The Hague, 30315, NL	NL
S2_TRAIN_001184	Monarch Aerospace 4481 SNC	960 Victoria Road, Toulouse, 87437	FR
S2_TRAIN_000065	EMERALD CITY FOODS 9734	Fukuoka, 9509 Friedrichstrasse, 82655	JP
S2_TRAIN_001431	Dynamo Retail 9608 PLC	Edinburgh, 5657 Brigade Road, 12794	GB
S2_TRAIN_001425	Renaissance Arts 8246 SA	5323 Harbor Drive, Lyon, 51693, FR	FR
S2_TRAIN_001977	Jade Palace Dining Distractor 299 GmbH & Co. KG	4521 High Street, Hamburg, DE	DE
S2_TRAIN_001249	Apex Logistics 8769 B.V.	131 Market Street, The Hague, 93743	NL
S2_TRAIN_001920	Riverstone Capital Distractor 769 Corp.	6901 Queen Street, Chicago, US	US
S2_TRAIN_002097	TransNational Logistics Distractor 268 AG	1402 Orchard Road, Stuttgart, DE	DE
S2_TRAIN_002088	Crestview Holdings Distractor 776 Private Limited	8258 Maple Ave, Singapore, SG	SG
S2_TRAIN_000173	Windward Nautical 8525	2193 George Street, Utrecht, 54922	NL
S2_TRAIN_000400	7774 Ironclad	Suite 814, 9055 Elm Street, Ottawa - 71438	CA
S2_TRAIN_001595	NAUTILUS OCEANIC 8991	376 Bay Street, Fukuoka, 67981	JP
S2_TRAIN_000876	Summit Mountain Gear 8830 Pte. Ltd.	Singapore, 7779 Park Avenue, 56351	SG
S2_TRAIN_001925	Beacon Health Distractor 677 Pvt Ltd	1517 Market Street, Mumbai, IN	IN
S2_TRAIN_000610	Resolute Mining 8647 Ltd.	Suite 365, 9417 Bay Street, Singapore - 48510	SG
S2_TRAIN_000883	Falcon Heavy Transport 9007	2575 Bay St., Paris, 84262, FR	FR
S2_TRAIN_000389	Olymus Chemical 892	1195 Brigade Rd, Stuttgart, 88638, DE	
S2_TRAIN_001751	TerraFirma Landscaping Distractor 818 GmbH & Co. KG	6844 Washington Blvd, Hamburg, DE	DE
S2_TRAIN_001464	1315 Vertex	Suite 675, 908 Harbor Drive, Bristol - 20900	GB
S2_TRAIN_001264	5054 Frontier	Suite 597, 9936 George Street, Pune - 40511	IN
S2_TRAIN_001391	Vista Window Systems 3780 B.V.	4099 Bay Street, Amsterdam	NL
S2_TRAIN_000143	new-horizon-health-6439	Suite 888, 4456 Friedrichstrasse, Frankfurt - 40619	DE
S2_TRAIN_001097	Pioneerr Drilling 8575	519 George St., Hamburg, 65311, DE	DE
S2_TRAIN_001638	Catalyst Innovation Distractor 893 UG	2780 Friedrichstrasse, Munich, DE	DE
S2_TRAIN_000281	Hyperion Solar 4151	1241 King St., Perth, 93726, AU	
S2_TRAIN_000178	Universal Aerospace 2794 UG	Suite 567, 4396 Friedrichstrasse, Frankfurt - 22183	DE
S2_TRAIN_000609	ELEVATE DIGITAL 9404	3128 Washington Blvd, Bordeaux, 19579	FR
S2_TRAIN_001405	LANTERN PUBLISHING 851	9657 Maple Ave, Mumbai, 40118, IN	IN
S2_TRAIN_002171	Legacy Manufacturing Distractor 254 Enterprises	4288 King Street, Mumbai, IN	IN
S2_TRAIN_000417	Iconic Architecture 69 LLC	6629 Rue de Rivoli, Boston, 64502	US
S2_TRAIN_001346	QUEST DIAGNOSTICS GLOBAL 2205	8064 Church St, Ottawa	CA
S2_TRAIN_000618	Pathfinder Robotics 9806 K.K.	1641 Industrial Blvd, Osaka, 11958, JP	JP
S2_TRAIN_001682	Cedar Point Energy Distractor 614 Private Limited	1302 Queen Street, Singapore, SG	SG
S2_TRAIN_001175	TopTier Athletics 6400 Pvt. Ltd.	3443 Church St, Hyderabad, 76260	IN
S2_TRAIN_000899	Ivy League Education 5898	3965 Orchard Road, Marseille, 54223	FR
S2_TRAIN_001381	Harbor Light Logistics 1238	Melbourne, 2607 Station Road, 59494	AU
S2_TRAIN_002211	Resolute Mining Distractor 227 N.V.	1048 Market Street, The Hague, NL	NL
S2_TRAIN_000407	Vibrant Media Group 184	Suite 552, 5867 Friedrichstrasse, Melbourne - 33322	AU
S2_TRAIN_000846	insightful-analytics-3283	7201 Industrial Boulevard, The Hague	
S2_TRAIN_000752	4808 Pulse	4919 High Street, San Francisco, 97139	US
S2_TRAIN_001921	Optima Insurance Distractor 764 Ltd.	4861 Park Avenue, Singapore, SG	SG
S2_TRAIN_000769	Summit Mountain Gear 8698	2579 Friedrichstrasse, Utrecht	NL
S2_TRAIN_000100	WorldBridge Express 9439	Suite 523, 5254 Maple Ave, Stuttgart - 41051	DE
S2_TRAIN_000418	Lighthouse Hospitality 5712 Kabushiki Kaisha	6033 Washington Blvd, Fukuoka, 17563, JP	JP
S2_TRAIN_001303	6900 Olympus	Ottawa, 8982 Elm Street, 26208	CA
S2_TRAIN_001991	Paramount Construction Distractor 137 SNC	9905 Bay Street, Bordeaux, FR	FR
S2_TRAIN_000309	Linear Motion Control 2669	Amsterdam, 5238 Market Street, 70429	NL
S2_TRAIN_001546	Nova Medicl Devices 5607	Suite 671, 8540 George Street, Frankfurt - 89119	DE
S2_TRAIN_002302	Optima Insurance Distractor 382 ULC	1545 Rue de Rivoli, Ottawa, CA	CA
S2_TRAIN_000954	Taylor & Associates 1135 AG	Suite 674, 7968 Commercial Road, Berlin - 59563	DE
S2_TRAIN_001732	Acme Global Distractor 701 Co. Ltd.	58 Oxford Street, Glasgow, GB	GB
S2_TRAIN_001338	Summit Mountain Gear 3011	6662 Market St., Amsterdam, 90461, NL	NL
S2_TRAIN_002073	Evergreen Forestry Distractor 305 Inc.	8873 Queen Street, Boston, US	US
S2_TRAIN_000544	Saturn Heavy Industries 8015	Suite 675, 3848 King Street, The Hague - 13796	NL
S2_TRAIN_001203	Encave Networks 5808	1664 Park Ave, Ottawa, 61596, CA	CA
S2_TRAIN_001954	Nexus Telecom Distractor 198 UG	4204 Orchard Road, Munich, DE	DE
S2_TRAIN_000834	Pioneer Drilling 1344 B.V.	7541 Broadway, Utrecht, 18704	NL
S2_TRAIN_000969	Liberty Title Agency 6690	2013 Park Avenue, Toulouse, 97861	FR
S2_TRAIN_001468	Pinnacle Pharmaaceuticals 1035	Suite 293, 3107 Market Street, Toronto - 64193	CA
S2_TRAIN_001360	Seaside Seafood Co 4380	Singapore, 2229 Rue de Rivoli, 16301	SG
S2_TRAIN_000436	Voyager Travel Group 1550	Rotterdam, 7933 Bay Street, 94488	NL
S2_TRAIN_001658	Sterling Bank & Trust Distractor 675 B.V.	393 Harbor Drive, Utrecht, NL	NL
S2_TRAIN_000679	Taylor & Associates 2795	Suite 245, 7618 George Street, Boston - 70508	US
S2_TRAIN_000139	Xcel Precision Tools 5039	3903 Orchard Rd, Manchester, 65026, GB	GB
S2_TRAIN_000766	Ironclad Construction 3239 LLP	1004 Friedrichstrasse, New Delhi	IN
S2_TRAIN_000563	Fleetwood Engineering 919	1598 Station Road, Paris, 81314	FR
S2_TRAIN_000086	Luminary Lighting 5993	Suite 663, 6564 High Street, Singapore - 16705	SG
S2_TRAIN_001571	Pioneer Drillling 7009	2265 Queen St., Utrecht, 21081, NL	NL
S2_TRAIN_001009	vista-window-systems-7838	6251 Oxford St., Montreal, 75085, CA	CA
S2_TRAIN_000007	8318 Heritage	Suite 897, 4890 Washington Blvd, Edinburgh - 93748	GB
S2_TRAIN_000046	Stanard Petroleum 589	Amsterdam, 4709 Brigade Road, 39817	NL
S2_TRAIN_000261	3362 Galaxy	8559 Bay Street, Dallas, 25182	US
S2_TRAIN_000209	Maven Data Science 8042 Limited	Kolkata, 4592 Orchard Road, 62150	IN
S2_TRAIN_001681	Ion Propulsion Labs Distractor 481 SAS	9184 George Street, Toulouse, FR	FR
S2_TRAIN_001415	laguna-marine-3717	62 Friedrichstrasse, Chennai, 45212, IN	IN
S2_TRAIN_000735	Waveform Acoustic 8884 Kabushiki Kaisha	6552 George Street, Nagoya, 64957	JP
S2_TRAIN_000051	standard-petroleum-5995	Yokohama, 2696 Oxford Street, 43681	JP
S2_TRAIN_001051	9761 Integrity	7883 Oxford St., The Hague, 74279, NL	NL
S2_TRAIN_000180	5254 Sentient	825 Oxford St., Montreal, 76444, CA	CA
S2_TRAIN_000548	WorldBridge Express 4075 Corp.	8628 Main St, New York, 23437, US	US
S2_TRAIN_001087	CoreLogic Solns 2719	8895 Victoria Road, Hamburg, 97230	DE
S2_TRAIN_002099	Reliant Power Systems Distractor 693 Kabushiki Kaisha	1643 Commercial Road, Fukuoka, JP	JP
S2_TRAIN_002035	Delta Wave Electronics Distractor 324 Limited	3079 Station Road, Ottawa, CA	CA
S2_TRAIN_000251	PROSPER WEALTH ADVISORS 5048	Perth, 2961 Queen Street, 25408	AU
S2_TRAIN_000741	Supreme Logistics 3015	6813 Oxford St., Austin, 22218, US	US
S2_TRAIN_000028	SoundWave Media 4426	7137 Friedrichstrasse, The Hague	NL
S2_TRAIN_002125	Integrity Consulting Distractor 827 Ltd	8683 Bay Street, Brisbane, AU	AU
S2_TRAIN_001908	Oceanic Seafoods Distractor 428 Ltd	7671 Broadway, Adelaide, AU	AU
S2_TRAIN_001534	Nexus Telecom 4896	5429 Orchard Road, Stuttgart, 77318	
S2_TRAIN_001133	396 Standard	Suite 800, 6450 Bay Street, Ottawa - 31013	CA
S2_TRAIN_001805	First Horizon Banking Distractor 701 NL	8353 Station Road, Brisbane, AU	AU
S2_TRAIN_001709	Nebula Cloud Hosting Distractor 988 Co.	6002 Rue de Rivoli, Dallas, US	US
S2_TRAIN_000166	Moonarch Aerospace 3087	931 Brigade Road, Chennai, 88647	IN
S2_TRAIN_000959	Navitas Cllean Energy 1988	3973 Maple Ave, Singapore	SG
S2_TRAIN_000518	2006 Venture	8908 Oxford Street, London, 36982	GB
S2_TRAIN_002372	Nimble Supply Chain Distractor 970 Inc.	7312 Harbor Drive, Vancouver, CA	CA
S2_TRAIN_000675	Rigel Marine Services 5422 LLP	Glasgow, 921 Broadway, 28181	GB
S2_TRAIN_002315	Jade Palace Dining Distractor 509 Ltd.	5890 Rue de Rivoli, Singapore, SG	SG
S2_TRAIN_000240	Navitas Clean Energy 5466	2573 Harbor Drive, Toulouse	FR
S2_TRAIN_002038	EcoSphere Solutions Distractor 685 Ltd.	2655 High Street, Singapore, SG	SG
S2_TRAIN_002024	Pinnacle Pharmaceuticals Distractor 794 GmbH	9568 Elm Street, Stuttgart, DE	DE
S2_TRAIN_000655	Velocity Motors 4467 LLP	6778 George Street, Singapore	
S2_TRAIN_000150	12 Sapphire	2138 MG Road, Stuttgart	
S2_TRAIN_000739	Fleetwood Engineerig 2420	Suite 519, 2447 Market Street, Leeds - 19626	GB
S2_TRAIN_001099	Compass Point Marine 6492	Suite 578, 7396 Church St, Singapore - 95436	SG
S2_TRAIN_000287	vanguard-asset-management-2139	Suite 937, 819 Washington Blvd, Austin - 50283	US
S2_TRAIN_002250	Kodiak Tactical Distractor 352 Inc.	3313 Station Road, Atlanta, US	US
S2_TRAIN_000027	Prairrie Wind Renewables 3250	Suite 142, 3979 Victoria Road, Glasgow - 23356	GB
S2_TRAIN_000377	Sterling Bank & Trust 6670 Co. Ltd.	Leeds, 6677 Main St, 93039	GB
S2_TRAIN_000459	Evergreen Forestry 8887	Suite 349, 2282 MG Road, Berlin - 72970	
S2_TRAIN_001243	Silicon Valley Micro 819	197 Maple Ave, Toronto, 23514, CA	CA
S2_TRAIN_000706	OnPoint Diagnnostics 509	Perth, 8832 Bay Street, 22845	AU
S2_TRAIN_000336	pioneer-drilling-3866	Suite 602, 1751 Market Street, Singapore - 32957	SG
S2_TRAIN_000911	Polaris Navigation 7276	Suite 872, 107 Maple Ave, Vancouver - 46908	CA
S2_TRAIN_000006	VELOCITY MOTORS 8180	Suite 697, 4340 Market Street, Singapore - 28301	SG
S2_TRAIN_000667	New Horizon Health 8694	1405 Park Avenue, San Francisco	US
S2_TRAIN_001027	Grandview Real Estate 8949 Ltd.	Singapore, 2783 Victoria Road, 17351	SG
S2_TRAIN_000338	6026 Sanctuary	9926 Washington Blvd, Sydney	AU
S2_TRAIN_001046	Viking Freight 9614 NL	Suite 986, 2929 Orchard Road, Adelaide - 18489	AU
S2_TRAIN_001231	Renaissance Arts 9493	8 Brigade Rd, Rotterdam, 47441, NL	NL
S2_TRAIN_001558	Cedar Point Energy 1836	376 Industrial Boulevard, Vancouver	
S2_TRAIN_000050	Standard Petroleum 5995	2696 Oxford Street, Yokohama, 43681	JP
S2_TRAIN_000630	6912 Titan	Singapore, 7213 Commercial Road, 70390	SG
S2_TRAIN_001608	Volt Electrical SServices 9123	6670 Oxford Street, Seattle	US
S2_TRAIN_001758	Kodiak Tactical Distractor 449 Proprietary Limited	2361 Maple Ave, Perth, AU	AU
S2_TRAIN_000580	EcoSphere Solutions 8766	Manchester, 2370 Harbor Drive, 92958	GB
S2_TRAIN_001319	Windward Nautcal 5338	8894 Park Avenue, Boston	US
S2_TRAIN_001666	Whispering Pines Resort Distractor 437 GmbH	6140 Orchard Road, Munich, DE	DE
S2_TRAIN_002264	Sunrise Bakery Distractor 136 K.K.	547 Orchard Road, Nagoya, JP	JP
S2_TRAIN_001970	Summit Mountain Gear Distractor 585 ULC	8174 Victoria Road, Montreal, CA	CA
S2_TRAIN_002190	Oceanic Seafoods Distractor 750 SAS	2638 Harbor Drive, Bordeaux, FR	FR
S2_TRAIN_001982	Universal Aerospace Distractor 683 Ltd.	1002 Brigade Road, Birmingham, GB	GB
S2_TRAIN_000612	Clearwater Analytics 2087 K.K.	Suite 377, 5366 Park Avenue, Nagoya - 51331	JP
S2_TRAIN_001514	Waveform Acoustic 9929 NL	7841 Station Rd, Perth, 71355, AU	AU
S2_TRAIN_002270	Rockwell Automation Systems Distractor 852 Pty Ltd	6654 Brigade Road, Adelaide, AU	AU
S2_TRAIN_001623	Harbor Light Logistics 7877 K.K.	2190 Friedrichstrasse, Nagoya, 65923, JP	
S2_TRAIN_001118	optima-insurance-9339	8484 Brigade Rd, Toulouse, 58423, FR	FR
S2_TRAIN_000243	Spectrum Communications 940	New Delhi, 484 Market Street, 51771	IN
S2_TRAIN_002087	Sanctuary Spa Group Distractor 355 Inc.	5240 Commercial Road, Ottawa, CA	CA
S2_TRAIN_000657	Nexus Tlecom 717	5593 Market Street, Amsterdam, 42873	NL
S2_TRAIN_001458	Supreme Logistics 4972 Ltd.	8300 Oxford Street, Singapore, 74921	SG
S2_TRAIN_000009	Synthesis Data Labs 7745	Suite 984, 3120 George Street, Calgary - 22363	CA
S2_TRAIN_001308	Synthesis Data  Labs 9727	Bengaluru, 2860 Washington Blvd, 41701	IN
S2_TRAIN_000233	4921 Lighthouse	9324 Bay St., Glasgow, 38499, GB	GB
S2_TRAIN_000755	Taylor & Associatess 66	7688 High Street, Leeds	GB
S2_TRAIN_001239	444 Grandview	4398 Orchard Road, Seattle, 26580	US
S2_TRAIN_000872	Serenity Living 9156	2833 Park Avenue, Mumbai, 85738	IN
S2_TRAIN_000933	MicroTech Semiconductor 863	Adelaide, 3202 Elm Street, 42481	
S2_TRAIN_000328	1235 Sierra	4345 Queen St., Osaka, 16230, JP	JP
S2_TRAIN_000049	4838 Wayfarer	133 Oxford St., Atlanta, 84177, US	US
S2_TRAIN_002344	Waveform Acoustic Distractor 789 GmbH & Co. KG	8003 Washington Blvd, Frankfurt, DE	DE
S2_TRAIN_001426	Crestview Holdings 093	9354 Oxford Street, Marseille	FR
S2_TRAIN_001001	United Parcel Express 573 Inc.	3344 Washington Blvd, San Francisco	US
S2_TRAIN_000260	PARAMOUNT CONSTRUCTION 613	8291 Friedrichstrasse, Toronto, 13268, CA	CA
S2_TRAIN_000031	Zenith Broadcast Group 7934	9778 Orchard Road, Adelaide	AU
S2_TRAIN_000963	Tandem Software 5528	7050 Church St, Paris	FR
S2_TRAIN_001963	Rigel Marine Services Distractor 150 Ltd.	7208 Church St, Singapore, SG	SG
S2_TRAIN_000119	Sentient AI Systems 6810 SAS	1355 Industrial Boulevard, Toulouse	FR
S2_TRAIN_002216	Kinetic Sports Distractor 477 Private Limited	827 Orchard Road, Singapore, SG	SG
S2_TRAIN_001136	Venture Point Capital 1955 Limited	Glasgow, 6608 Washington Blvd, 14239	GB
S2_TRAIN_000645	Titn Heavy Machinery 2544	8979 Friedrichstrasse, Utrecht	NL
S2_TRAIN_002150	Crestview Holdings Distractor 959 AG	5810 Elm Street, Munich, DE	DE
S2_TRAIN_002356	Viking Freight Distractor 416 Pvt Ltd	3034 Maple Ave, Bengaluru, IN	IN
S2_TRAIN_000579	skyline-real-estate-7455	Suite 478, 4616 Friedrichstrasse, Singapore - 15222	SG
S2_TRAIN_000583	CrossRoads ransport 4716	6894 Elm Street, The Hague	NL
S2_TRAIN_000011	Tandem Software 7812 K.K.	Yokohama, 932 Industrial Boulevard, 76562	JP
S2_TRAIN_000764	CloudScale Systems 3359 SARL	1190 Church St, Toulouse	
S2_TRAIN_000964	Legacy Manufacturing 3194	Perth, 3001 Queen Street, 44750	AU
S2_TRAIN_000502	TrueNorth Consulting 8928	Suite 382, 4347 Industrial Boulevard, Bordeaux - 99006	FR
S2_TRAIN_001158	ProActive Safety 7152 Pty Ltd	2160 Market St., Melbourne, 39154, AU	AU
S2_TRAIN_002179	Sunrise Bakery Distractor 636 Inc.	7489 Industrial Boulevard, Calgary, CA	CA
S2_TRAIN_000787	Emerald City Foods 4181 Corp.	Seattle, 8515 Market Street, 80268	US
S2_TRAIN_001349	Western Digital Systems 2000 Ltd	783 Elm Street, Perth, 57407	AU
S2_TRAIN_002206	Supreme Logistics Distractor 187 SARL	2215 Washington Blvd, Bordeaux, FR	FR
S2_TRAIN_001248	5411 Visionary	Nagoya, 7009 George Street, 81834	
S2_TRAIN_002241	Laguna Marine Distractor 519 Ltd.	9513 Elm Street, Singapore, SG	SG
S2_TRAIN_000003	Enclave Networks 5882	712 Oxford Street, Stuttgart	DE
S2_TRAIN_000849	Whispering Pines Resort 9223	Adelaide, 5162 Main St, 42675	
S2_TRAIN_002287	Windward Nautical Distractor 937 SA	9748 High Street, Bordeaux, FR	FR
S2_TRAIN_001727	EcoSphere Solutions Distractor 893 Pte. Ltd.	7998 Brigade Road, Singapore, SG	SG
S2_TRAIN_002100	Emerald City Foods Distractor 299 Enterprises	6008 Harbor Drive, Kolkata, IN	IN
S2_TRAIN_000882	FALCON HEAVY TRANSPORT 9007	2575 Bay St., Paris, 84262, FR	FR
S2_TRAIN_001704	Cobalt Media Group Distractor 656 Limited	3042 Oxford Street, Bristol, GB	GB
S2_TRAIN_001439	Keystone Civil Works 472 Kabushiki Kaisha	6560 High Street, Osaka	JP
S2_TRAIN_002352	Elevate Digital Distractor 880 Ltd.	7543 King Street, Manchester, GB	GB
S2_TRAIN_000474	Nebula Cloud Hosting 8965 LLP	7452 Broadway, Leeds	GB
S2_TRAIN_001155	MicroTech Semiconductor 1390	Dallas, 4875 Victoria Road, 17031	US
S2_TRAIN_001861	TriState Utilities Distractor 398 Private Limited	8220 Friedrichstrasse, Singapore, SG	SG
S2_TRAIN_001282	Centurion Security 6847	8910 Industrial Blvd, Hyderabad, 24110, IN	IN
S2_TRAIN_001056	PALADIN RISK MANAGEMENT 1168	5976 Harbor Drive, Singapore	SG
S2_TRAIN_000600	TrueNorth Consulting 1620 AG	4448 Park Avenue, Stuttgart	DE
S2_TRAIN_001355	8078 Treasure	Singapore, 3671 Station Road, 45156	SG
S2_TRAIN_001452	Eagle Eye Surveillance 439 K.K.	5445 Bay Street, Yokohama	JP
S2_TRAIN_000798	245 Jade	1610 George Street, Fukuoka, 98081	JP
S2_TRAIN_001606	Cascade Capital 9547	6629 Elm Street, Singapore	
S2_TRAIN_000010	Riverstone Capital 4093	1605 Church St, Leeds, 16630	GB
S2_TRAIN_000105	Starfire Gaming 8001 Enterprises	Chennai, 963 Washington Blvd, 78674	IN
S2_TRAIN_000115	wellspring-health-3520	1026 Victoria Rd, Montreal, 85674, CA	CA
S2_TRAIN_001407	Latitude Geeospatial 7904	New York, 4341 Bay Street, 43267	US
S2_TRAIN_000589	Oakwood Furnishings 7603 Pvt. Ltd.	Pune, 6281 Broadway, 86042	IN
S2_TRAIN_000410	Paladin Risk Management 720 Co. Ltd.	Manchester, 4941 George Street, 88494	GB
S2_TRAIN_001098	Keystone Civil Works 6202 Limited	Suite 823, 9304 Church St, Hyderabad - 15434	IN
S2_TRAIN_002182	Cascade Capital Distractor 392 N.V.	3853 High Street, Utrecht, NL	NL
S2_TRAIN_001818	Gateway Telecom Distractor 415 LLP	4201 Orchard Road, Singapore, SG	SG
S2_TRAIN_001145	Paciific Rim Trading 3503	7661 Station Road, Bristol, 86483	GB
S2_TRAIN_001881	Frontier Biotech Distractor 421 N.V.	2014 Main St, Amsterdam, NL	NL
S2_TRAIN_000949	Paladin Risk Managemen 1417	Singapore, 1270 Park Avenue, 84216	SG
S2_TRAIN_001738	Zion Natural Foods Distractor 372 Kabushiki Kaisha	3099 Washington Blvd, Fukuoka, JP	JP
S2_TRAIN_001481	2625 Radiant	7044 Victoria Road, Bordeaux	FR
S2_TRAIN_002086	Genesis Industrial Distractor 837 Pte. Ltd.	8530 Victoria Road, Singapore, SG	SG
S2_TRAIN_001781	Starlight Entertainment Distractor 766 Pte. Ltd.	4493 Rue de Rivoli, Singapore, SG	SG
S2_TRAIN_002170	Falcon Heavy Transport Distractor 302 NL	4543 Park Avenue, Perth, AU	AU
S2_TRAIN_002269	Safeguard Insurance Distractor 744 Pvt. Ltd.	2506 Orchard Road, Bengaluru, IN	IN
S2_TRAIN_000794	BrightPath Finnancial 7424	Adelaide, 6601 Industrial Boulevard, 88361	AU
S2_TRAIN_002111	Dynamo Retail Distractor 540 GmbH & Co. KG	2505 Industrial Boulevard, Berlin, DE	DE
S2_TRAIN_001126	Navitas Clean Eneergy 8041	2677 Victoria Road, Sydney	AU
S2_TRAIN_001720	Catalyst Innovation Distractor 246 LLP	1062 Park Avenue, Seattle, US	US
S2_TRAIN_001313	OmniSource Global 2673	6115 Maple Ave, Yokohama, 89793	JP
S2_TRAIN_000566	New Horizon Health 6783 Ltée	Suite 457, 3265 Oxford Street, Vancouver - 33214	CA
S2_TRAIN_000669	Peak Performance Fitness 7814	9604 Main St, Kolkata, 57498	IN
S2_TRAIN_002131	CyberShield Defense Distractor 354 UG	4385 Rue de Rivoli, Munich, DE	DE
S2_TRAIN_000304	8949 Zenith	4843 Washington Blvd, Nagoya, 72116	JP
S2_TRAIN_001335	5656 Rigel	Suite 660, 8816 MG Road, Rotterdam - 36939	NL
S2_TRAIN_001362	6698 OnPoint	5971 Orchard Road, Lyon, 15580	FR
S2_TRAIN_002362	MicroTech Semiconductor Distractor 828 Limited	2067 MG Road, Manchester, GB	GB
S2_TRAIN_000386	4490 Prime	7645 Orchard Rd, Bristol, 74955, GB	GB
S2_TRAIN_001580	Vanguard Asset Management 9092 Incorporated	Suite 836, 6655 Industrial Boulevard, Austin - 73317	US
S2_TRAIN_002289	Venture Point Capital Distractor 792 PLC	4428 George Street, Birmingham, GB	GB
S2_TRAIN_000770	Vanguard Asset Management 9514 Pvt. Ltd.	Suite 721, 2946 Orchard Road, Bengaluru - 80651	IN
S2_TRAIN_001896	Falcon Heavy Transport Distractor 893 LLP	9876 Oxford Street, Singapore, SG	SG
S2_TRAIN_001707	Magnolia Hospitality Distractor 457 SNC	5929 Elm Street, Marseille, FR	FR
S2_TRAIN_000272	Seaside Seafood Co 7156	Bengaluru, 6814 Market Street, 69772	IN
S2_TRAIN_002119	Seaside Seafood Co Distractor 356 B.V.	9194 Market Street, The Hague, NL	NL
S2_TRAIN_002059	Xcel Precision Tools Distractor 134 N.V.	9738 Victoria Road, Amsterdam, NL	NL
S2_TRAIN_000395	3595 Serenity	3773 Victoria Road, Chicago, 71149	US
S2_TRAIN_000813	Pacific Rim Trading 37 LLP	Singapore, 2801 Park Avenue, 33651	SG
S2_TRAIN_001110	CROSSROADS TRANSPORT 5571	Fukuoka, 33 MG Road, 58216	JP
S2_TRAIN_002054	Orbit Satellite Services Distractor 263 B.V.	66 Orchard Road, Rotterdam, NL	NL
S2_TRAIN_001616	Whispering Pines Resort 2025 LLC	San Francisco, 9481 Market Street, 45503	US
S2_TRAIN_001980	Dynamo Retail Distractor 265 N.V.	4475 Broadway, Amsterdam, NL	NL
S2_TRAIN_000311	Volt Electrical Services 8613 K.K.	1868 Victoria Road, Yokohama, 64702	JP
S2_TRAIN_000847	Ceenturion Security 944	Perth, 6973 George Street, 23129	
S2_TRAIN_000893	4588 White	7955 Park Avenue, New York	US
S2_TRAIN_001676	Luminary Lighting Distractor 836 Limited	3236 George Street, Leeds, GB	GB
S2_TRAIN_000776	Starlight Entertainment 7761	3177 Orchard Rd, Lyon, 59556, FR	
S2_TRAIN_001511	Xcel Precision Toools 8872	Fukuoka, 8971 Industrial Boulevard, 29043	
S2_TRAIN_001462	Whispering Pines Resort 1990 LLP	402 Station Rd, Singapore, 61537, SG	SG
S2_TRAIN_000253	Monarch Arospace 5290	Suite 314, 7002 Park Avenue, Hamburg - 82151	DE
S2_TRAIN_000652	Spire Global Solutions 860 Private Limited	Suite 684, 6076 Orchard Road, Singapore - 99277	SG
S2_TRAIN_001570	Volt Electrical Services 6881	Kolkata, 9346 Rue de Rivoli, 53348	IN
S2_TRAIN_001276	Wildcat Oil Exploration 5007 GmbH	523 Commercial Rd, Berlin, 88103, DE	DE
S2_TRAIN_002052	ProActive Safety Distractor 562 PLC	778 Washington Blvd, Glasgow, GB	GB
S2_TRAIN_002230	Sentient AI Systems Distractor 784 LLC	2480 MG Road, Atlanta, US	US
S2_TRAIN_000691	9315 Sunrise	2161 Harbor Drive, New York, 75100	US
S2_TRAIN_000762	Supreme Logistics  1756	Montreal, 4003 Oxford Street, 97614	CA
S2_TRAIN_002177	Ultratech Industrial Distractor 288 Ltd.	1593 Brigade Road, Edinburgh, GB	GB
S2_TRAIN_002090	Integrity Consulting Distractor 804 ULC	2470 Church St, Vancouver, CA	CA
S2_TRAIN_000938	Synergy Pharmaceuticals 2023 Corp.	1423 Orchard Road, Calgary	CA
S2_TRAIN_002186	Silicon Valley Micro Distractor 304 B.V.	8489 Queen Street, Rotterdam, NL	NL
S2_TRAIN_000816	Renaissance Arts 8941 G.K.	Suite 499, 7232 High Street, Fukuoka - 22014	JP
S2_TRAIN_002333	Equinox Venture Partners Distractor 788 Limited	3632 MG Road, Hyderabad, IN	IN
S2_TRAIN_000097	Zephyr Clean Energy 3571	6942 High Street, Amsterdam, 55158	NL
S2_TRAIN_002253	Rockwell Automation Systems Distractor 972 LLP	7466 High Street, Singapore, SG	SG
S2_TRAIN_002238	Sigma BioPharma Distractor 217 B.V.	2971 Commercial Road, Amsterdam, NL	NL
S2_TRAIN_000827	Reliant Power Systems 7227	Perth, 105 Market Street, 27004	AU
S2_TRAIN_001798	TopTier Athletics Distractor 687 SARL	338 MG Road, Paris, FR	FR
S2_TRAIN_001354	Maven Data Science 1426	4770 Washington Blvd, Bristol, 79017, GB	GB
S2_TRAIN_002300	Equinox Venture Partners Distractor 769 GmbH	1727 Orchard Road, Berlin, DE	DE
S2_TRAIN_001006	Starfire Gming 4037	5260 Church St, Utrecht, 98487	NL
S2_TRAIN_002096	Hyperion Solar Distractor 456 Inc.	8222 Oxford Street, Ottawa, CA	CA
S2_TRAIN_000305	8949 Zenith	Nagoya, 4843 Washington Blvd, 72116	JP
S2_TRAIN_002364	Optima Insurance Distractor 675 SNC	2777 MG Road, Bordeaux, FR	FR
S2_TRAIN_001106	CyberShield Defense 6590	243 King Street, Chennai, 72202	IN
S2_TRAIN_001146	Spectrum Communications 6519 Private Limited	6630 Victoria Rd, Singapore, 86118, SG	SG
S2_TRAIN_000030	Sanctuary Spa Group 8042	Suite 584, 4821 Park Avenue, Paris - 39045	FR
S2_TRAIN_001957	Nexus Telecom Distractor 267 Kabushiki Kaisha	7317 George Street, Nagoya, JP	JP
S2_TRAIN_002341	Centurion Security Distractor 897 GmbH	3493 Broadway, Frankfurt, DE	DE
S2_TRAIN_000443	Zephyr Clean nergy 4684	6947 Main St, Fukuoka, 98740, JP	JP
S2_TRAIN_001090	Monarch Aerospace 7328 Enterprises	3092 George Street, Chennai, 87199	IN
S2_TRAIN_001519	Seaside Seafood Co 1684 GmbH & Co. KG	7857 High St., Munich, 71255, DE	DE
S2_TRAIN_002062	Gateway Telecom Distractor 100 LLP	3518 Brigade Road, Bengaluru, IN	IN
S2_TRAIN_000830	7681 Fleetwood	3524 Friedrichstrasse, Bengaluru, 35994	IN
S2_TRAIN_000701	Victory Marine 8103	Fukuoka, 7074 Commercial Road, 21330	JP
S2_TRAIN_001803	CrossRoads Transport Distractor 322 G.K.	1253 Friedrichstrasse, Fukuoka, JP	JP
S2_TRAIN_001396	Jade Palace Dining 5656 Co. Ltd.	1336 Industrial Boulevard, London	GB
S2_TRAIN_002368	Magnolia Hospitality Distractor 505 Pvt Ltd	5056 Commercial Road, New Delhi, IN	IN
S2_TRAIN_001626	LINEAR MOTION CONTROL 2971	3851 Bay Street, London	GB
S2_TRAIN_001105	CyberShhield Defense 6590	Suite 730, 243 King Street, Chennai - 72202	
S2_TRAIN_001093	TerraFirma Landscaping 3641 LLP	Singapore, 767 Victoria Road, 65033	SG
S2_TRAIN_001211	Trident Subsea Works 9867	2366 Queen Street, Chicago, 25989	US
S2_TRAIN_000801	Turbine  Power Systems 9938	5266 Harbor Drive, Edinburgh, 17120	GB
S2_TRAIN_001287	OmniSource Global 906 LLP	Chennai, 8242 Station Road, 62398	IN
S2_TRAIN_000953	Taylor & Associaates 1135	7968 Commercial Road, Berlin	
S2_TRAIN_000587	Quest Diagnostics Global 6806	8041 Church St, Seattle	US
S2_TRAIN_000549	Taylor & Associates 6409	Suite 202, 5304 Queen Street, Ottawa - 65725	CA
S2_TRAIN_001197	Tandem Softwre 8389	Singapore, 4385 MG Road, 32789	SG
S2_TRAIN_001215	Nova Medical Devices 843	3040 King St., Singapore, 60926, SG	SG
S2_TRAIN_000708	3040 Venture	9170 Broadway, The Hague	NL
S2_TRAIN_002298	Premier Dental Care Distractor 764 Private Limited	3060 Washington Blvd, Singapore, SG	SG
S2_TRAIN_000350	6366 Halo	2526 Washington Blvd, Singapore	SG
S2_TRAIN_002191	Viking Freight Distractor 127 Ltd.	5946 Elm Street, Singapore, SG	SG
S2_TRAIN_001181	7001 Pulse	Suite 313, 7078 Park Avenue, Sydney - 38564	AU
S2_TRAIN_002029	Ultratech Industrial Distractor 607 Limited	703 Victoria Road, Montreal, CA	CA
S2_TRAIN_000112	Prairie Wind Renewables 5444	7213 Station Road, The Hague, 53874	NL
S2_TRAIN_000575	Overland Express 5569 K.K.	9817 Maple Ave, Tokyo	
S2_TRAIN_000950	Integrity Consulting 9365 ULC	Suite 175, 6612 Maple Ave, Calgary - 70654	CA
S2_TRAIN_000866	Liner Motion Control 9742	Suite 523, 686 Church St, Yokohama - 81657	JP
S2_TRAIN_000402	Sterling Bank & Trust 2911	3059 Main St, Dallas	US
S2_TRAIN_001749	Delta Wave Electronics Distractor 228 Ltd	3382 Queen Street, Melbourne, AU	AU
S2_TRAIN_001476	APEX LOGISTICS 2871	Suite 716, 9658 Commercial Road, Utrecht - 84419	NL
S2_TRAIN_000994	9355 Optima	1234 Oxford Street, Perth, 76723	AU
S2_TRAIN_001275	SilverlineTransport 9978	6694 Industrial Boulevard, Melbourne, 89964	AU
S2_TRAIN_000745	1124 Starlight	55 Broadway, Manchester, 41398	GB
S2_TRAIN_000362	Harbor Light Logistics 7112	Suite 797, 2474 High Street, Atlanta - 85308	US
S2_TRAIN_000927	Fleetwood Engineering 1450	Melbourne, 3547 Oxford Street, 63862	AU
S2_TRAIN_001877	Sigma BioPharma Distractor 819 SAS	5862 Industrial Boulevard, Toulouse, FR	FR
S2_TRAIN_002369	Orbit Satellite Services Distractor 429 K.K.	4323 Market Street, Yokohama, JP	JP
S2_TRAIN_002149	Prime Auto Group Distractor 746 GmbH & Co. KG	8336 Friedrichstrasse, Frankfurt, DE	DE
S2_TRAIN_001618	JADE PALACE DINING 5448	7400 Rue de Rivoli, Stuttgart	DE
S2_TRAIN_001213	Gateway Telecom 7940	3492 Maple Ave, Edinburgh	GB
S2_TRAIN_001301	Ironlad Construction 213	8090 George Street, Paris, 55620	FR
S2_TRAIN_001645	Jade Palace Dining Distractor 971 Enterprises	9346 MG Road, Hyderabad, IN	IN
S2_TRAIN_002076	Rockwell Automation Systems Distractor 498 LLP	2709 Washington Blvd, Singapore, SG	SG
S2_TRAIN_000531	Reliant Power System 6863	8809 Market Street, Ottawa	CA
S2_TRAIN_000241	Lighthouse Hospitality 6344 Corporation	Suite 794, 2486 Brigade Road, Seattle - 54798	US
S2_TRAIN_001201	5551 Equinox	Suite 329, 7499 Industrial Boulevard, Paris - 94523	FR
S2_TRAIN_002066	Renaissance Arts Distractor 306 N.V.	4117 Park Avenue, Rotterdam, NL	NL
S2_TRAIN_000477	Pioneer Drilling 7574	Birmingham, 7676 Friedrichstrasse, 94211	GB
S2_TRAIN_001436	Polaris Navigattion 1878	8569 Church St, Singapore, 24926, SG	SG
S2_TRAIN_001897	Insightful Analytics Distractor 502 Kabushiki Kaisha	8606 Market Street, Nagoya, JP	JP
S2_TRAIN_001567	Elevate Digital 1520	2256 Washington Blvd, The Hague, 29947	NL
S2_TRAIN_001238	6557 Seaside	Paris, 3230 Bay Street, 63345	FR
S2_TRAIN_002080	NorthStar Financial Distractor 220 Inc.	7699 Broadway, Vancouver, CA	CA
S2_TRAIN_001762	Harbor Light Logistics Distractor 398 LLP	1104 Station Road, Leeds, GB	GB
S2_TRAIN_000269	Tandem Software 134	4820 Market St., The Hague, 18180, NL	NL
S2_TRAIN_002218	Veritas Legal Services Distractor 611 Private Limited	9755 Victoria Road, Chennai, IN	IN
S2_TRAIN_001424	ProActive Safety 6807 SARL	Toulouse, 5783 Park Avenue, 42662	FR
S2_TRAIN_000888	Peak Performane Fitness 7169	755 Main St, Birmingham, 67135, GB	GB
S2_TRAIN_002094	Ironclad Construction Distractor 800 Kabushiki Kaisha	7694 Washington Blvd, Nagoya, JP	JP
S2_TRAIN_000988	8288 GreenLeaf	Mumbai, 9975 Brigade Road, 29969	IN
S2_TRAIN_000990	ultratech-industrial-8819	Suite 615, 4365 Washington Blvd, Tokyo - 42422	JP
S2_TRAIN_000877	Lighthouse Hospitality 4168	Frankfurt, 7005 Oxford Street, 17010	DE
S2_TRAIN_001281	TrueNorth Consulting 1325	1537 Station Road, Rotterdam	NL
S2_TRAIN_001085	Rockwell Automation Systtems 9920	New Delhi, 4118 Victoria Road, 27208	IN
S2_TRAIN_000211	7385 Meridian	9436 Market Street, Chennai, 99916	IN
S2_TRAIN_000895	Quest Diagnnostics Global 9727	7928 Main St, Berlin	DE
S2_TRAIN_000936	VOYAGER TRAVEL GROUP 8668	Suite 299, 2419 Harbor Drive, Singapore - 39171	SG
S2_TRAIN_000743	Prairie Wind Renewables 4348	3634 High Street, Chicago, 68884	US
S2_TRAIN_000754	Synthesis Data Labs 8947 NL	4875 King St., Adelaide, 23164, AU	AU
S2_TRAIN_002328	Polaris Navigation Distractor 224 GmbH	6571 Friedrichstrasse, Stuttgart, DE	DE
S2_TRAIN_001039	BrightPath Financial 3099	Suite 557, 5948 Park Avenue, Sydney - 36667	AU
S2_TRAIN_000367	Ivy League Education 7462	Suite 220, 2570 Harbor Drive, Paris - 83272	FR
S2_TRAIN_000513	Renaissance Arts 6188	9118 Elm Street, Pune	IN
S2_TRAIN_001968	Summit Mountain Gear Distractor 104 Ltd	7408 Brigade Road, Brisbane, AU	AU
S2_TRAIN_000970	Modern Precision 7512	Edinburgh, 269 Elm Street, 21910	GB
S2_TRAIN_000920	Grandview Real Estate 3589 Pvt. Ltd.	7192 Victoria Road, Mumbai	IN
S2_TRAIN_001494	Polaris Navigation 797	7959 Orchard Rd, Vancouver, 80910, CA	CA
S2_TRAIN_000013	OnPoint Diagnostics 11128	Montreal, 2585 Queen Street, 67433	CA
S2_TRAIN_001100	CyberShield Defense 6026 NL	6108 Orchard Road, Sydney, 77833	AU
S2_TRAIN_000228	Venture Point Capital 076	Rotterdam, 9145 Church St, 64419	NL
S2_TRAIN_000713	Compass Point Marine 7008 SAS	7805 Broadway, Bordeaux, 67301, FR	
S2_TRAIN_002279	Delta Wave Electronics Distractor 609 Corporation	8738 Bay Street, San Francisco, US	US
S2_TRAIN_001409	Pacific Rim Trading 5457	Dallas, 6952 Church St, 82174	
S2_TRAIN_002351	Zenith Broadcast Group Distractor 599 G.K.	8729 Main St, Yokohama, JP	JP
S2_TRAIN_000029	Ivy League Education 5814 NL	Suite 876, 9768 Oxford Street, Brisbane - 46211	AU
S2_TRAIN_002015	Resolute Mining Distractor 486 Ltd	5421 Commercial Road, Brisbane, AU	AU
S2_TRAIN_001609	Optima Insurance 489	5447 Elm Street, Singapore	SG
S2_TRAIN_000060	Zenith Broadcast Group 503	3525 Orchard Road, Bristol	GB
S2_TRAIN_002331	Precision Machining Distractor 711 GmbH	8893 Station Road, Frankfurt, DE	DE
S2_TRAIN_000661	Overland Express 3668	2857 Washington Blvd, New Delhi, 60915, IN	IN
S2_TRAIN_000172	WorldBridge Express 4077 Inc.	2113 Queen Street, Montreal	CA
S2_TRAIN_000941	7523 Sterling	9948 Bay Street, Austin, 75252	US
S2_TRAIN_000249	Renaissance Arts 5947	Suite 775, 6293 Victoria Road, Glasgow - 77065	GB
S2_TRAIN_000516	Crestview Holdings 3861	Suite 232, 9995 Elm Street, Paris - 14634	FR
S2_TRAIN_002278	Turbine Power Systems Distractor 269 GmbH	9427 Queen Street, Berlin, DE	DE
S2_TRAIN_000098	Standard Petroleum 2179 GmbH	Berlin, 8803 Industrial Boulevard, 61518	DE
S2_TRAIN_001400	Sierra Nevada Brewing 4326	Suite 817, 4952 Main St, Berlin - 81151	DE
S2_TRAIN_000215	Olympus Chemical 3740	4774 Washington Blvd, Frankfurt	DE
S2_TRAIN_002184	Cascade Capital Distractor 583 Limited	8016 Harbor Drive, New Delhi, IN	IN
S2_TRAIN_000802	TRUENORTH CONSULTING 2354	4585 Brigade Road, Boston	
S2_TRAIN_000958	OnPoint Diagnostics 4616	4892 Brigade Road, Singapore	SG
S2_TRAIN_001333	Harbor Light Logistics 4279 SARL	2101 Queen Street, Marseille, 10349	FR
S2_TRAIN_001221	Sentient AISystems 9119	3937 Orchard Rd, Dallas, 13828, US	US
S2_TRAIN_000463	Genesis Industrial 4829 SARL	6899 Church St, Lyon, 41784, FR	FR
S2_TRAIN_001376	Iconic Architecture 773	The Hague, 2703 Queen Street, 74552	NL
S2_TRAIN_001934	Reliant Power Systems Distractor 852 LLP	4984 Brigade Road, Hyderabad, IN	IN
S2_TRAIN_002060	Ironclad Construction Distractor 677 UG	251 MG Road, Stuttgart, DE	DE
S2_TRAIN_001182	Optima Insurance 9541 SNC	2625 Friedrichstrasse, Marseille, 88829	FR
S2_TRAIN_002256	West Coast Distribution Distractor 286 Private Limited	7351 Commercial Road, Hyderabad, IN	IN
S2_TRAIN_000873	Whispering Pines Resort 6694	6964 Washington Blvd, Melbourne, 19979, AU	AU
S2_TRAIN_000451	Quantum Computing Labs 7852	Suite 427, 847 Washington Blvd, Atlanta - 49883	US
S2_TRAIN_000543	MicroTech Semiconductor 6875 SNC	Marseille, 6961 Brigade Road, 25180	FR
S2_TRAIN_000160	LINEAR MOTION CONTROL 5239	London, 9116 Bay Street, 62082	GB
S2_TRAIN_001096	Trident Subsea Works 4244	4910 George Street, Sydney	AU
S2_TRAIN_000879	Vanguard Asset  Management 5252	Suite 895, 2410 Broadway, Ottawa - 80337	CA
S2_TRAIN_001686	Halo Interactive Distractor 515 Proprietary Limited	3889 High Street, Sydney, AU	AU
S2_TRAIN_000022	WELLSPRING HEALTH 3506	Suite 812, 5422 George Street, Leeds - 81121	
S2_TRAIN_001955	Clearwater Analytics Distractor 729 N.V.	5538 Park Avenue, Utrecht, NL	NL
S2_TRAIN_000900	Zephyr Clean Energy 7034	Suite 660, 8978 Elm Street, Lyon - 38708	FR
S2_TRAIN_000161	Maven Data Science 6603	6582 Maple Ave, Chennai	IN
S2_TRAIN_001520	SUMMIT MOUNTAIN GEAR 5933	6099 Main St, Austin, 16300	US
S2_TRAIN_001351	Harbor Light Logistics 8791	Suite 537, 3578 Orchard Road, San Francisco - 30219	US
S2_TRAIN_000783	Riverstone Capital 8204 Pte. Ltd.	3029 Main St, Singapore	SG
S2_TRAIN_001696	Magnolia Hospitality Distractor 492 K.K.	860 Market Street, Fukuoka, JP	JP
S2_TRAIN_001684	CloudScale Systems Distractor 897 N.V.	591 Park Avenue, Rotterdam, NL	NL
S2_TRAIN_002002	Nova Medical Devices Distractor 138 SA	5288 King Street, Toulouse, FR	FR
S2_TRAIN_001811	Visionary Healthcare Distractor 764 GmbH & Co. KG	4375 Brigade Road, Frankfurt, DE	DE
S2_TRAIN_000239	milestone-education-6333	Suite 568, 1632 Orchard Road, Calgary - 51347	CA
S2_TRAIN_001035	SYNERGY PHARMACEUTICALS 8669	Suite 220, 2095 Maple Ave, Calgary - 35871	CA
S2_TRAIN_001363	Olympus Chemial 5244	Suite 395, 2601 Park Avenue, Osaka - 60630	JP
S2_TRAIN_001154	Cedar PPoint Energy 7258	Chicago, 5923 Church St, 16862	US
S2_TRAIN_001670	Skyline Real Estate Distractor 667 Pty Ltd	5331 Harbor Drive, Adelaide, AU	AU
S2_TRAIN_001505	Crestvview Holdings 4307	Suite 676, 8513 Main St, Singapore - 33323	
S2_TRAIN_000129	Monarch Aerospace 2247	2341 Washington Blvd, Singapore	SG
S2_TRAIN_000522	TopTier Athletics 203 Ltd.	5260 Elm Street, Birmingham, 44670	GB
S2_TRAIN_000293	Modern Precision 9890 Enterprises	Suite 982, 2785 Washington Blvd, Kolkata - 85775	IN
S2_TRAIN_000601	TrueNorth Consulting 1620 AG	4448 Park Avenue, Stuttgart	DE
S2_TRAIN_002056	Genesis Industrial Distractor 620 Enterprises	6337 Victoria Road, Mumbai, IN	IN
S2_TRAIN_000910	Crestview Holdings 3061 B.V.	Suite 758, 3627 Brigade Road, Rotterdam - 50332	NL
S2_TRAIN_001867	Quest Diagnostics Global Distractor 858 Proprietary Limited	4239 King Street, Brisbane, AU	AU
S2_TRAIN_002180	Timberline Lumber Distractor 176 Enterprises	9482 Main St, Hyderabad, IN	IN
S2_TRAIN_001839	Frontier Biotech Distractor 802 Private Limited	6091 MG Road, Singapore, SG	SG
S2_TRAIN_000842	Saturn Heavy Industries 882 Pte. Ltd.	Suite 838, 2654 Commercial Road, Singapore - 72824	SG
S2_TRAIN_000363	3233 Premier	8806 High St., Sydney, 53842, AU	AU
S2_TRAIN_000851	Skyline Real Estate 9683 N.V.	9314 Elm St., Utrecht, 24934, NL	NL
S2_TRAIN_001348	Universal Aerospace 2097	Suite 109, 378 Elm Street, Kolkata - 21558	IN
S2_TRAIN_002257	Oakwood Furnishings Distractor 736 Ltd	6970 Harbor Drive, Sydney, AU	AU
S2_TRAIN_001371	velocity-motors-6698	Singapore, 8699 Market Street, 44405	SG
S2_TRAIN_000898	Skyline Real Estate 2315 SA	Lyon, 8822 Queen Street, 20832	FR
S2_TRAIN_000466	Halo Interactive 179 LLP	7444 King Street, Singapore, 82634	SG
S2_TRAIN_000254	TransNational Logistics954	Glasgow, 8667 Harbor Drive, 21491	GB
S2_TRAIN_000673	1065 Paramount	1432 Brigade Road, Chennai	IN
S2_TRAIN_000133	274 Delta	Amsterdam, 4296 Main St, 38277	NL
S2_TRAIN_000090	White Cloud Technologies 4481	8900 Elm Street, Sydney, 59767	AU
S2_TRAIN_000710	SILVERLINE TRANSPORT 7992	5523 Rue de Rivoli, Singapore, 21925, SG	SG
S2_TRAIN_001434	Milestone Education 521	9214 Maple Ave, Boston, 96445	US
S2_TRAIN_000125	ENVISION HEALTHCARE 7530	7231 Industrial Boulevard, San Francisco, 69836	US
S2_TRAIN_001104	Safeguard Insurancce 3363	4992 MG Road, The Hague, 99094	
S2_TRAIN_002070	WorldBridge Express Distractor 113 Incorporated	911 Park Avenue, New York, US	US
S2_TRAIN_000039	Vibrant Media Group 1714	8118 George St., New Delhi, 47777, IN	IN
S2_TRAIN_001289	reliant-power-systems-2827	1641 Station Rd, London, 41940, GB	GB
S2_TRAIN_001012	Sentient AI Systems  8828	9445 Station Rd, Birmingham, 11488, GB	GB
S2_TRAIN_000829	harbor-light-logistics-7728	Singapore, 7472 King Street, 33192	SG
S2_TRAIN_000297	Eagle Eye Surveillance 5501	Boston, 1819 High Street, 60194	US
S2_TRAIN_000534	Modern Precisin 1951	Suite 237, 9974 Elm Street, Frankfurt - 90822	DE
S2_TRAIN_001279	OnPoint Diagnostic 1802	2174 King Street, Berlin	DE
S2_TRAIN_000282	crestview-holdings-4231	Melbourne, 1138 Friedrichstrasse, 74450	AU
S2_TRAIN_002068	Ivy League Education Distractor 196 Ltd.	6875 Industrial Boulevard, Chennai, IN	IN
S2_TRAIN_000613	Radius Geospatial 2018 LLP	Suite 227, 3418 Friedrichstrasse, Singapore - 59861	
S2_TRAIN_001726	Titan Heavy Machinery Distractor 196 SARL	501 Victoria Road, Lyon, FR	FR
S2_TRAIN_000594	Silverline Transport 7210	Singapore, 2392 Broadway, 44406	SG
S2_TRAIN_001504	Prime Auto  Group 3478	8188 Main St, Hamburg	DE
S2_TRAIN_001649	Wellspring Health Distractor 584 Kabushiki Kaisha	376 MG Road, Yokohama, JP	JP
S2_TRAIN_000538	Resolute Mining 4833 PLC	Bristol, 1966 Victoria Road, 68249	GB
S2_TRAIN_002192	Pacific Rim Trading Distractor 782 Ltée	4043 Broadway, Montreal, CA	CA
S2_TRAIN_000668	Trident Subsea Works 6713 Pvt. Ltd.	Chennai, 7694 Church St, 46861	IN
S2_TRAIN_000782	Western Digital Systemms 9829	Suite 237, 2028 Friedrichstrasse, Bordeaux - 81352	FR
S2_TRAIN_002205	Synergy Pharmaceuticals Distractor 532 Private Limited	8277 King Street, Hyderabad, IN	IN
S2_TRAIN_001512	ProActive Safety 319	2550 Friedrichstrasse, Singapore, 92264, SG	SG
S2_TRAIN_001573	redwood-software-210	Bordeaux, 2056 Broadway, 99533	
S2_TRAIN_000823	NAVITAS CLEAN ENERGY 1966	Suite 375, 1855 Park Avenue, Yokohama - 73074	JP
S2_TRAIN_000349	SUPREME LOGISTICS 2119	4636 Washington Blvd, Toronto, 52358, CA	CA
S2_TRAIN_001639	TransNational Logistics Distractor 507 GmbH & Co. KG	5453 Washington Blvd, Munich, DE	DE
S2_TRAIN_000087	1947 TriState	6115 Bay St., Bengaluru, 54444, IN	IN
S2_TRAIN_001004	Threshold Interactive 924	2093 Bay St., Chicago, 96299, US	US
S2_TRAIN_000726	263 Insightful	Calgary, 2412 Washington Blvd, 68974	CA
S2_TRAIN_000677	Quantum Computing Labs 4112 UG	115 Orchard Road, Munich	DE
S2_TRAIN_001375	Iconic Architecture 773 N.V.	2703 Queen Street, The Hague, 74552	NL
S2_TRAIN_001023	White Cloud Technologies 576	9678 MG Road, Montreal	CA
S2_TRAIN_001163	Helix BioSciences 4206 Proprietary Limited	8394 Park Avenue, Brisbane	AU
S2_TRAIN_000155	6324 Cobalt	Toulouse, 6784 Industrial Boulevard, 74629	FR
S2_TRAIN_002030	BlueSky Technologies Distractor 864 SARL	1439 Maple Ave, Bordeaux, FR	FR
S2_TRAIN_002067	Velocity Motors Distractor 645 SAS	5797 Victoria Road, Lyon, FR	FR
S2_TRAIN_000756	8351 Visionary	8569 Main St, Calgary, 45823, CA	CA
S2_TRAIN_000114	Jupiter Aerospace8367	9425 Elm Street, Yokohama, 38971	JP
S2_TRAIN_000784	RIVERSTONE CAPITAL 8204	Suite 113, 3029 Main St, Singapore - 37355	SG
S2_TRAIN_000199	GalaxySoftworks 1779	Chicago, 8264 Orchard Road, 99701	
S2_TRAIN_002108	Nebula Cloud Hosting Distractor 639 LLP	6793 High Street, Singapore, SG	SG
S2_TRAIN_001151	enclave-networks-4119	3095 George Street, San Francisco	US
S2_TRAIN_001911	Horizon Freight Distractor 394 SARL	9257 MG Road, Toulouse, FR	FR
S2_TRAIN_002272	CloudScale Systems Distractor 143 Incorporated	4930 Station Road, Seattle, US	US
S2_TRAIN_000224	Radius Geospatial 3162	Atlanta, 2208 Commercial Road, 42859	US
S2_TRAIN_001566	Kodiak Tactcal 8190	448 Oxford Street, Paris	FR
S2_TRAIN_001022	white-cloud-technologies-576	Suite 767, 9678 MG Road, Montreal - 76044	CA
S2_TRAIN_001671	MicroTech Semiconductor Distractor 516 Ltd	439 Brigade Road, Sydney, AU	AU
S2_TRAIN_001062	Polaris Navigation 8653	Singapore, 3047 Friedrichstrasse, 82745	SG
S2_TRAIN_001513	proactive-safety-319	2550 Friedrichstrasse, Singapore	SG
S2_TRAIN_000217	1468 Kinetic	6754 Commercial Road, Marseille, 44053	FR
S2_TRAIN_000529	worldbridge-express-6850	843 Orchard Rd, Tokyo, 89574, JP	JP
S2_TRAIN_000692	4611 TrueNorth	8371 Commercial Road, Adelaide	AU
S2_TRAIN_001008	SPECTRA CHEMICAL 3568	3294 Park Ave, Singapore, 41410, SG	SG
S2_TRAIN_001557	Sentient AI Systems 883	1394 Rue de Rivoli, Sydney, 11487, AU	AU
S2_TRAIN_001493	Equinox Venture Partners 1438	9339 Church St, Singapore, 56746, SG	SG
S2_TRAIN_000225	GREENLEAF ORGANICS 7363	6015 Church St, Brisbane, 69517	AU
S2_TRAIN_002283	Pacific Rim Trading Distractor 138 G.K.	8284 Washington Blvd, Tokyo, JP	JP
S2_TRAIN_001706	Clearwater Analytics Distractor 861 G.K.	8046 Park Avenue, Yokohama, JP	JP
S2_TRAIN_001025	Crestview Holdings7909	Utrecht, 2367 Broadway, 28900	NL
S2_TRAIN_001418	cybershield-defense-2914	Adelaide, 7366 Rue de Rivoli, 40885	AU
S2_TRAIN_001629	prime-auto-group-3170	Suite 469, 8136 Elm Street, Singapore - 33234	SG
S2_TRAIN_002314	Nebula Cloud Hosting Distractor 469 B.V.	941 Friedrichstrasse, Utrecht, NL	NL
S2_TRAIN_000540	Victory Marine 3206	7939 Market Street, Perth, 34524	AU
S2_TRAIN_001210	Beacon Health 4636 N.V.	780 Main St, Amsterdam, 50835	NL
S2_TRAIN_000793	Parramount Construction 2034	6072 King Street, San Francisco, 69183	US
S2_TRAIN_000117	FIRST HORIZON BANKING 3000	6365 Orchard Road, Munich, 64819	DE
S2_TRAIN_001551	Olympus Chemical 5312	9227 Market Street, Calgary, 92777	CA
S2_TRAIN_001880	West Coast Distribution Distractor 364 B.V.	2235 Park Avenue, Rotterdam, NL	NL
S2_TRAIN_000821	Gateway Telecom 8728 N.V.	3641 Bay St., Utrecht, 35502, NL	NL
S2_TRAIN_000635	5797 Spectrum	1698 Bay Street, Singapore	SG
S2_TRAIN_001892	GreenLeaf Organics Distractor 683 Pte. Ltd.	4530 Station Road, Singapore, SG	SG
S2_TRAIN_000347	Frontier Biotech 578	2960 Queen Street, Manchester, 32058	
S2_TRAIN_000560	Infinity Robotics 92	Utrecht, 1542 Station Road, 58348	NL
S2_TRAIN_001775	Spire Global Solutions Distractor 534 SNC	6306 Friedrichstrasse, Paris, FR	FR
S2_TRAIN_000717	vibrant-media-group-5055	3497 Friedrichstrasse, Singapore, 40432, SG	SG
S2_TRAIN_000968	GreenLeaf Organics 3831 LLC	2203 Main St, Austin	US
S2_TRAIN_001789	Precision Machining Distractor 874 GmbH & Co. KG	499 Main St, Stuttgart, DE	DE
S2_TRAIN_000307	Redwod Software 6810	Suite 988, 6945 Industrial Boulevard, Marseille - 64289	FR
S2_TRAIN_000771	Becon Health 448	5284 Park Ave, New York, 31616, US	US
S2_TRAIN_000681	oceanic-seafoods-3241	Suite 841, 2594 Bay Street, Dallas - 49783	US
S2_TRAIN_001029	Sunrise Bakery 202 Corporation	7561 MG Rd, Dallas, 21727, US	
S2_TRAIN_000526	Radius Geospatial 9501	3735 Church St, Berlin, 17970, DE	DE
S2_TRAIN_002183	Matrix Computing Distractor 460 Co.	9234 Market Street, Atlanta, US	US
S2_TRAIN_000102	Paladin Risk Management 1515 G.K.	Osaka, 4399 High Street, 59436	JP
S2_TRAIN_000855	Iconic  Architecture 6231	Suite 936, 9760 Queen Street, Amsterdam - 62852	NL
S2_TRAIN_000896	Rockwell Automation Systems 6770 B.V.	5647 George Street, Rotterdam, 27236	NL
S2_TRAIN_001244	8994 Renaissance	Sydney, 9965 Park Avenue, 14876	AU
S2_TRAIN_000993	halo-interactive-5627	4471 Maple Ave, Munich, 97970, DE	DE
S2_TRAIN_001013	pulse-digital-marketing-6930	Rotterdam, 6123 Brigade Road, 21721	NL
S2_TRAIN_001550	Renaissance Artss 8045	Suite 402, 1162 Friedrichstrasse, Chennai - 51781	IN
S2_TRAIN_000562	Fleetwood Engineering 919 SAS	1598 Station Road, Paris	FR
S2_TRAIN_001946	Helix BioSciences Distractor 401 Ltd	3584 Brigade Road, Adelaide, AU	AU
S2_TRAIN_001794	Sigma BioPharma Distractor 512 Enterprises	7078 High Street, Mumbai, IN	IN
S2_TRAIN_002123	Fleetwood Engineering Distractor 670 Ltd.	2792 Friedrichstrasse, Mumbai, IN	IN
S2_TRAIN_001230	EcoSphere Solutions 9892 Inc.	356 High St., New York, 34091, US	US
S2_TRAIN_000832	Unified Communications 4968	Ottawa, 2358 Church St, 40992	CA
S2_TRAIN_001923	Wellspring Health Distractor 936 N.V.	5361 Elm Street, Utrecht, NL	NL
S2_TRAIN_000310	Cobalt Media Group 4750 Pty Ltd	Suite 271, 1259 Washington Blvd, Adelaide - 77353	AU
S2_TRAIN_000120	Taylor & Associate 5745	Suite 431, 2282 Industrial Boulevard, The Hague - 37082	NL
S2_TRAIN_000833	Paramount Construction 8427	Munich, 8766 Brigade Road, 61687	DE
S2_TRAIN_001285	Treaasure Coast Marine 1367	Suite 795, 2550 Brigade Road, Dallas - 30543	US
S2_TRAIN_001252	Victory Marine 44756	850 King St., Lyon, 55717, FR	FR
S2_TRAIN_000672	Victory Marine 4429 Ltd.	Singapore, 8399 Commercial Road, 65641	SG
S2_TRAIN_001172	Redood Software 3154	2979 Bay Street, Atlanta, 87379	US
S2_TRAIN_000231	Zephyr Clean Energy 4163	6506 Friedrichstrasse, Hamburg	DE
S2_TRAIN_001450	New Horizon Health 7763	7500 Market Street, Kolkata, 53007	IN
S2_TRAIN_000144	Guardian Asset Management 4985	5371 MG Road, Amsterdam	
S2_TRAIN_001909	Visionary Healthcare Distractor 352 B.V.	9949 Elm Street, Rotterdam, NL	NL
S2_TRAIN_001529	Sigma BioPharma 8495	The Hague, 8877 Elm Street, 78778	NL
S2_TRAIN_000647	Venture Point Capital 96686	1491 Orchard Road, Edinburgh	GB
S2_TRAIN_000170	Talon Security 1167	1964 Orchard Rd, Lyon, 99220, FR	FR
S2_TRAIN_002167	Quest Diagnostics Global Distractor 125 Inc.	5485 Washington Blvd, Atlanta, US	US
S2_TRAIN_000695	Catalysst Innovation 5078	Suite 711, 5472 Industrial Boulevard, Chicago - 37047	US
S2_TRAIN_000621	Oceanic Seaffoods 5526	7985 Station Road, New Delhi	IN
S2_TRAIN_000067	2318 Tandem	6422 Washington Blvd, Frankfurt, 26901	DE
S2_TRAIN_001611	MicroTech Semiiconductor 8117	6568 Washington Blvd, Chennai	IN
S2_TRAIN_002317	Redwood Software Distractor 908 Pvt. Ltd.	3720 Washington Blvd, Bengaluru, IN	IN
S2_TRAIN_001457	9596 Nebula	6623 Bay Street, Rotterdam, 55610	NL
S2_TRAIN_001141	Pacific Rim Trading 2217 LLC	Suite 944, 2590 Station Road, Seattle - 36218	US
S2_TRAIN_000132	Delta Wave Electronics 274	4296 Main St, Amsterdam	NL
S2_TRAIN_001685	Elevate Digital Distractor 134 AG	9785 Church St, Frankfurt, DE	DE
S2_TRAIN_000965	ProActive Safety 8265	Suite 387, 9047 High Street, Singapore - 95344	SG
S2_TRAIN_000567	Olympus Chemical 8254	Suite 746, 8410 Park Avenue, Nagoya - 37619	JP
S2_TRAIN_000085	ProActive Safety 7934	9940 Station Road, Lyon, 28830	FR
S2_TRAIN_001479	Resolue Mining 195	2432 George St., Ottawa, 56549, CA	
S2_TRAIN_001112	Spectra Chemical 9502	San Francisco, 4139 Bay Street, 86142	
S2_TRAIN_000700	paladin-risk-management-7476	Bordeaux, 6116 Industrial Boulevard, 96324	FR
S2_TRAIN_000512	2608 WorldBridge	1741 King Street, Toronto, 75461	CA
S2_TRAIN_000555	Keystone Civil Works 5652	Chicago, 4657 Oxford Street, 65858	US
S2_TRAIN_000175	First Horizon Banking 1742 SNC	3273 Maple Ave, Lyon, 44471	FR
S2_TRAIN_000642	Spectra Chemical 207 Inc.	5018 Bay Street, Boston, 13624	
S2_TRAIN_001332	Eleate Digital 8716	Singapore, 5052 High Street, 73511	SG
S2_TRAIN_002145	Zion Natural Foods Distractor 412 Co.	4453 High Street, New York, US	US
S2_TRAIN_002114	Jupiter Aerospace Distractor 772 Inc.	4174 Rue de Rivoli, Toronto, CA	CA
S2_TRAIN_000826	WORLDBRIDGE EXPRESS 2157	5915 Oxford Street, Paris	FR
S2_TRAIN_000874	waveform-acoustic-9646	9079 Friedrichstrasse, Singapore, 55921, SG	SG
S2_TRAIN_001216	Unified Communications 1416	6623 Bay St., Lyon, 27467, FR	
S2_TRAIN_001419	Premier Dental Care 5037 Corp.	705 King Street, Ottawa	CA
S2_TRAIN_002148	Linear Motion Control Distractor 702 SARL	6142 Harbor Drive, Bordeaux, FR	FR
S2_TRAIN_000686	Renaissance Arts 6383 Ltée	2345 Victoria Road, Montreal, 57681	CA
S2_TRAIN_001797	Solaria Energy Systems Distractor 368 LLP	8732 George Street, Singapore, SG	SG
S2_TRAIN_001074	Threshold Interactive 762	Suite 135, 6086 Park Avenue, Mumbai - 49228	IN
S2_TRAIN_002016	Waveform Acoustic Distractor 356 Inc.	1768 Harbor Drive, Montreal, CA	CA
S2_TRAIN_001777	Reliant Power Systems Distractor 765 GmbH	336 Queen Street, Munich, DE	DE
S2_TRAIN_000852	Cascade Capital 8807	8327 Queen Street, Yokohama, 14002	JP
S2_TRAIN_000001	Prosper Wealth Advisors 3612	107 Oxford Street, Bordeaux	
S2_TRAIN_000032	compass-point-marine-9067	8043 Washington Blvd, Melbourne, 23446, AU	AU
S2_TRAIN_000535	Southland Agriculture 9500	5289 Queen St., Fukuoka, 60340, JP	JP
S2_TRAIN_001388	Zenith Broadcast Group 9892 UG	6899 Rue de Rivoli, Berlin, 95748, DE	
S2_TRAIN_001487	Waveform Acoustic 2665 Ltd.	Pune, 787 Church St, 52516	IN
S2_TRAIN_000327	sierra-nevada-brewing-1235	Osaka, 4345 Queen Street, 16230	
S2_TRAIN_001870	Pioneer Drilling Distractor 595 Enterprises	4083 Market Street, Bengaluru, IN	IN
S2_TRAIN_001814	Evergreen Forestry Distractor 804 SNC	8806 King Street, Marseille, FR	FR
S2_TRAIN_001130	TopTier Athletics 11169	9132 Victoria Rd, Paris, 56829, FR	FR
S2_TRAIN_001637	Zephyr Clean Energy Distractor 180 AG	4507 Washington Blvd, Frankfurt, DE	DE
S2_TRAIN_000158	Paladin Risk Management 6250	732 Friedrichstrasse, Munich, 44510, DE	DE
S2_TRAIN_000321	Golden Gate Trading 7449 Ltd.	8018 Oxford Street, London, 75178	GB
S2_TRAIN_000848	Centurion Securty 944	6973 George Street, Perth	
S2_TRAIN_001828	Vista Window Systems Distractor 420 B.V.	6769 Oxford Street, Utrecht, NL	NL
S2_TRAIN_002259	Vibrant Media Group Distractor 612 Ltd	5168 Rue de Rivoli, Sydney, AU	AU
S2_TRAIN_000593	Latitude Geospatial 7573	530 Harbor Drive, London, 99394	
S2_TRAIN_001353	ORBIT SATELLITE SERVICES 3288	5647 Station Road, Leeds	GB
S2_TRAIN_001998	Turbine Power Systems Distractor 519 B.V.	6868 George Street, The Hague, NL	NL
S2_TRAIN_000012	Trident Susea Works 1344	3347 Oxford Street, Singapore, 97782	SG
S2_TRAIN_001842	First Horizon Banking Distractor 277 SAS	8078 Harbor Drive, Lyon, FR	FR
S2_TRAIN_000091	MicroTech Semiconductor 5263 Proprietary Limited	9407 Park Avenue, Sydney, 40437	
S2_TRAIN_001350	Prime Auto Group 7770	5430 Elm St., Toronto, 38975, CA	CA
S2_TRAIN_001860	Synthesis Data Labs Distractor 871 Ltd.	4861 Station Road, Birmingham, GB	GB
S2_TRAIN_001662	Horizon Freight Distractor 799 SAS	1925 Industrial Boulevard, Lyon, FR	FR
S2_TRAIN_000986	Kinetic Sports 2906	9985 Orchard Road, Osaka	JP
S2_TRAIN_001220	Sentient AI Systems 9119 LLC	3937 Orchard Rd, Dallas, 13828, US	US
S2_TRAIN_000484	Zion Natural Foods 8925	8248 Friedrichstrasse, Bristol	GB
S2_TRAIN_001695	Pioneer Drilling Distractor 499 Private Limited	2280 Broadway, Singapore, SG	SG
S2_TRAIN_000929	Lantern Publishing 2196 Proprietary Limited	5991 Industrial Boulevard, Perth, 97387	
S2_TRAIN_000437	Tandem Software 8831 LLP	1923 MG Road, Edinburgh, 33680	GB
S2_TRAIN_000912	Polaris Navigation7276	107 Maple Ave, Vancouver, 46908	CA
S2_TRAIN_001435	POLARIS NAVIGATION 1878	8569 Church St, Singapore	SG
S2_TRAIN_002306	Spectra Chemical Distractor 396 LLP	7866 Station Road, San Francisco, US	US
S2_TRAIN_000213	zenith-broadcast-group-2451	6907 Industrial Boulevard, Paris, 75483	
S2_TRAIN_002237	Monarch Aerospace Distractor 936 SNC	3750 Oxford Street, Toulouse, FR	FR
S2_TRAIN_002116	Orbit Satellite Services Distractor 905 Limited	5804 Orchard Road, Bengaluru, IN	IN
S2_TRAIN_000478	Seaside Seafood Co 3484 SARL	7448 Oxford Street, Paris	
S2_TRAIN_001024	Meridian Wealth 1087 Inc.	8106 Victoria Rd, New York, 87537, US	US
S2_TRAIN_001643	New Horizon Health Distractor 205 Corp.	8463 George Street, Austin, US	US
S2_TRAIN_002219	Horizon Freight Distractor 796 Private Limited	6634 Oxford Street, Singapore, SG	SG
S2_TRAIN_000850	Seaside Seafood Co 4697	9356 Rue de Rivoli, Dallas, 44887, US	US
S2_TRAIN_000737	NEW HORIZON HEALTH 933	2524 George Street, Singapore, 64293	SG
S2_TRAIN_000924	Clearwater Analytics 6278	1379 Market St., Calgary, 84754, CA	CA
S2_TRAIN_000189	CEDAR POINT ENERGY 7766	2235 Brigade Rd, Chennai, 61248, IN	IN
S2_TRAIN_000391	9752 BlueSky	Suite 348, 9392 MG Road, Glasgow - 26512	GB
S2_TRAIN_001162	Compass Point Marine 6332	8537 Station Rd, Fukuoka, 64385, JP	
S2_TRAIN_000564	BlueSky Technologies 6606 LLP	3162 Park Ave, Singapore, 75735, SG	SG
S2_TRAIN_001847	Whispering Pines Resort Distractor 238 SNC	4472 Rue de Rivoli, Toulouse, FR	FR
S2_TRAIN_001420	Premier Dental Care 5037 Ltée	705 King St., Ottawa, 30537, CA	CA
S2_TRAIN_001361	OnPoint Diagnostics 6698	5971 Orchard Road, Lyon, 15580	FR
S2_TRAIN_000135	2249 West	5681 Rue de Rivoli, Austin, 78551, US	US
S2_TRAIN_002005	Halo Interactive Distractor 314 N.V.	9582 Rue de Rivoli, The Hague, NL	NL
S2_TRAIN_001429	Galaxy Softworks 5352	7987 Main St, Edinburgh, 21766	
S2_TRAIN_001483	7123 First	494 Church St, Rotterdam	NL
S2_TRAIN_002071	Polaris Navigation Distractor 551 Limited	4638 Harbor Drive, Montreal, CA	CA
S2_TRAIN_001423	TransNational Logistics 3650 ULC	Suite 348, 8643 Maple Ave, Montreal - 45769	CA
S2_TRAIN_000118	Helix BioScieences 9092	Suite 299, 2299 Queen Street, Hyderabad - 34523	IN
S2_TRAIN_000978	Prime Auto Group 2824	Suite 761, 2948 King Street, Utrecht - 15602	NL
S2_TRAIN_000449	TerraFirma Landscaping 2437	Suite 731, 6575 Market Street, Toronto - 15028	CA
S2_TRAIN_002332	Vanguard Asset Management Distractor 914 Ltd.	7562 Bay Street, Leeds, GB	GB
S2_TRAIN_000188	Solaria Energy Systems 6144 G.K.	7976 Friedrichstrasse, Yokohama, 15747, JP	
S2_TRAIN_000462	Voyager Travel Group 3594 Ltd.	47 Commercial Rd, Manchester, 36644, GB	GB
S2_TRAIN_002337	Nexus Telecom Distractor 998 Proprietary Limited	4502 George Street, Perth, AU	AU
S2_TRAIN_001750	Serenity Living Distractor 460 Inc.	822 Friedrichstrasse, Austin, US	US
S2_TRAIN_000757	Titan Heavy Machinery 8154 Co.	Suite 787, 9679 Bay Street, San Francisco - 35056	US
S2_TRAIN_000619	Serenity Living 9360 Limited	8434 Brigade Road, Vancouver	CA
S2_TRAIN_001965	Fleetwood Engineering Distractor 691 LLP	4496 Broadway, San Francisco, US	US
S2_TRAIN_000663	Jade Palace Dining 3129	Suite 655, 5955 Harbor Drive, Rotterdam - 70735	NL
S2_TRAIN_001907	Sentient AI Systems Distractor 546 UG	6519 Oxford Street, Frankfurt, DE	DE
S2_TRAIN_000234	titan-heavy-machinery-188	8592 Queen St., Singapore, 15397, SG	SG
S2_TRAIN_000063	5563 Zephyr	1252 Industrial Boulevard, Montreal	CA
S2_TRAIN_001830	TransNational Logistics Distractor 694 Proprietary Limited	2189 Industrial Boulevard, Sydney, AU	AU
S2_TRAIN_001356	Falcon Heavy Transport 6608 SARL	6993 Maple Ave, Bordeaux	FR
S2_TRAIN_002028	United Parcel Express Distractor 451 Co.	457 Orchard Road, Austin, US	US
S2_TRAIN_000429	Centurion Security 9813	2023 Orchard Road, Frankfurt, 45841	
S2_TRAIN_000758	jade-palace-dining-4531	Glasgow, 3444 Main St, 24519	GB
S2_TRAIN_000430	Oakwood Furnishings 2502	862 Victoria Road, Vancouver, 33464	CA
S2_TRAIN_001193	6642 Treasure	Suite 661, 4935 George Street, Nagoya - 26891	JP
S2_TRAIN_002316	Latitude Geospatial Distractor 652 SAS	8189 High Street, Marseille, FR	FR
S2_TRAIN_000062	premier-dental-care-342	7539 Maple Ave, Munich, 57428, DE	DE
S2_TRAIN_000651	Spire Global Solutions 860 Private Limited	6076 Orchard Road, Singapore, 99277	SG
S2_TRAIN_001876	Windward Nautical Distractor 988 SARL	6350 Queen Street, Marseille, FR	FR
S2_TRAIN_002189	EcoSphere Solutions Distractor 925 Private Limited	4167 Station Road, Hyderabad, IN	IN
S2_TRAIN_002155	Volt Electrical Services Distractor 401 Inc.	7981 Church St, Ottawa, CA	CA
S2_TRAIN_000811	Standard Petroleeum 3982	2904 Orchard Rd, Edinburgh, 81239, GB	GB
S2_TRAIN_002292	Global Trade Alliance Distractor 987 SA	6586 Main St, Marseille, FR	FR
S2_TRAIN_000597	Golden Gate Trading 9953 Ltd	Perth, 3735 Oxford Street, 13670	AU
S2_TRAIN_000205	Maven Data Science 3708 B.V.	Suite 448, 6619 Friedrichstrasse, Rotterdam - 85354	NL
S2_TRAIN_001084	rockwell-automation-systems-9920	4118 Victoria Road, New Delhi, 27208	IN
S2_TRAIN_000897	2315 Skyline	8822 Queen St., Lyon, 20832, FR	FR
S2_TRAIN_000747	trident-subsea-works-1416	5605 Market Street, Manchester, 31016	GB
S2_TRAIN_002363	Southland Agriculture Distractor 870 GmbH & Co. KG	3395 High Street, Hamburg, DE	DE
S2_TRAIN_000369	Elevate Digital 6712	Singapore, 5555 Bay Street, 80909	SG
S2_TRAIN_000116	6432 TransNational	5767 Commercial Road, Amsterdam	NL
S2_TRAIN_000935	heritage-distilling-7094	4376 Oxford St., Fukuoka, 99165, JP	JP
S2_TRAIN_000509	Zephyr Clean Energy 3944 Limited	Suite 783, 8957 Harbor Drive, Chennai - 36260	IN
S2_TRAIN_001410	emerald-city-foods-5342	Suite 595, 3422 George Street, Fukuoka - 87577	JP
S2_TRAIN_001612	MicroTech Semiconductor 8117 Enterprises	6568 Washington Blvd, Chennai, 26182	IN
S2_TRAIN_000511	Whispering Pines Ressort 2295	Suite 774, 1118 Bay Street, Brisbane - 94559	AU
S2_TRAIN_000574	Fusion Power Dynamcs 5216	Suite 858, 4640 Station Road, Hyderabad - 98440	IN
S2_TRAIN_001648	Solaria Energy Systems Distractor 301 Inc.	4319 George Street, Toronto, CA	CA
S2_TRAIN_001589	Trueorth Consulting 208	Suite 774, 7208 Brigade Road, Perth - 23241	AU
S2_TRAIN_001219	omnisource-global-487	7259 Station Road, Munich, 29086	DE
S2_TRAIN_002248	Nexus Telecom Distractor 393 AG	6223 Friedrichstrasse, Berlin, DE	DE
S2_TRAIN_000142	New Horizon Health 6439 GmbH	4456 Friedrichstrasse, Frankfurt, 40619, DE	DE
S2_TRAIN_001161	Redwood Software 2526 Limited	831 Broadway, Calgary, 81172, CA	
S2_TRAIN_000210	3886 Luminary	5622 Maple Ave, Perth	AU
S2_TRAIN_001651	Guardian Asset Management Distractor 714 Ltd.	1555 Harbor Drive, Mumbai, IN	IN
S2_TRAIN_000943	3642 Sterling	Suite 824, 2997 Washington Blvd, Yokohama - 21749	JP
S2_TRAIN_000017	6529 Infinity	4574 Park Avenue, Frankfurt	
S2_TRAIN_001443	Serenity Living 6578 SARL	Lyon, 8356 Orchard Road, 72693	FR
S2_TRAIN_000159	Vertex Engineering 1585	Suite 648, 8872 Commercial Road, Bristol - 64262	GB
S2_TRAIN_000541	zion-natural-foods-3510	8040 Park Avenue, Atlanta	US
S2_TRAIN_000042	FLEETWOOD ENGINEERING 2523	4480 Orchard Road, Marseille, 64459	FR
S2_TRAIN_002105	Synergy Pharmaceuticals Distractor 182 PLC	3647 Brigade Road, Leeds, GB	GB
S2_TRAIN_002018	Velocity Motors Distractor 632 GmbH	7611 Harbor Drive, Frankfurt, DE	DE
S2_TRAIN_000289	2585 Pathfinder	Dallas, 105 Park Avenue, 10946	US
S2_TRAIN_000103	3423 Sapphire	3471 Main St, Frankfurt, 34906	DE
S2_TRAIN_001053	Gateway Telecom 3495	Singapore, 1992 Industrial Boulevard, 61210	SG
S2_TRAIN_002209	Beacon Health Distractor 101 NL	3005 Orchard Road, Brisbane, AU	AU
S2_TRAIN_002275	Harbor Light Logistics Distractor 411 GmbH	7939 Orchard Road, Frankfurt, DE	DE
S2_TRAIN_000452	Oakwood Furnishings 4987 PLC	London, 224 King Street, 99517	GB
S2_TRAIN_000996	Genesis Industrial 7516 Incorporated	4750 Bay St., Atlanta, 82466, US	US
S2_TRAIN_000649	Pathfinder Robotics 1350	Paris, 1710 Rue de Rivoli, 52141	FR
S2_TRAIN_001524	5200 Latitude	9686 Harbor Drive, Hyderabad, 24323	IN
S2_TRAIN_000206	Skyline Real Estate 4223	Yokohama, 7255 Oxford Street, 59424	JP
S2_TRAIN_001999	NorthStar Financial Distractor 965 Ltd.	933 Industrial Boulevard, Edinburgh, GB	GB
S2_TRAIN_002104	Grandview Real Estate Distractor 626 Co.	6640 MG Road, Chicago, US	US
S2_TRAIN_001710	GreenLeaf Organics Distractor 243 Co. Ltd.	7468 Church St, Leeds, GB	GB
S2_TRAIN_000375	viking-freight-2773	446 Industrial Boulevard, Boston	US
S2_TRAIN_000643	Heritage Distilling 8313	Kolkata, 498 Friedrichstrasse, 91537	IN
S2_TRAIN_000781	Gateway Telecom 7630 N.V.	5570 King Street, Amsterdam	NL
S2_TRAIN_001627	1554 Spectra	5539 George Street, Bristol, 85941	GB
S2_TRAIN_001271	686 Harmonic	3205 Washington Blvd, Dallas, 12596	US
S2_TRAIN_001774	Prairie Wind Renewables Distractor 278 Private Limited	2591 Park Avenue, Singapore, SG	SG
S2_TRAIN_002282	Radius Geospatial Distractor 512 B.V.	2651 Bay Street, The Hague, NL	NL
S2_TRAIN_001223	Veritas Legal Services 7285	6595 Harbor Drive, Melbourne	AU
S2_TRAIN_000339	Vista Window Systems 2000	6365 Friedrichstrasse, Osaka	JP
S2_TRAIN_001607	Cascade Capital 9547 Pte. Ltd.	6629 Elm Street, Singapore, 81771	SG
S2_TRAIN_002058	Rigel Marine Services Distractor 591 Private Limited	8886 Park Avenue, Singapore, SG	SG
S2_TRAIN_001786	Sterling Bank & Trust Distractor 386 AG	2669 Harbor Drive, Frankfurt, DE	DE
S2_TRAIN_001444	Legacy Manufacturing  8621	491 Main St, Toronto, 86056	CA
S2_TRAIN_002185	Vibrant Media Group Distractor 987 N.V.	4118 Commercial Road, Utrecht, NL	NL
S2_TRAIN_000908	Metro UUrban Transit 1056	1537 Queen Street, Glasgow	GB
S2_TRAIN_000037	Kinetic Sports 9425 N.V.	4416 King Street, Amsterdam, 85529	NL
S2_TRAIN_000604	5611 Redwood	Suite 801, 1782 MG Road, Osaka - 40382	JP
S2_TRAIN_000107	infinity-robotics-8626	Brisbane, 6503 Oxford Street, 20357	AU
S2_TRAIN_000171	Harmonic Audio 9442	2121 Park Avenue, Hyderabad	
S2_TRAIN_002254	Catalyst Innovation Distractor 682 SA	5489 Rue de Rivoli, Bordeaux, FR	FR
S2_TRAIN_000786	Genesis Industrial 6673 Ltée	2584 Harbor Drive, Vancouver	CA
S2_TRAIN_002128	Galaxy Softworks Distractor 909 Kabushiki Kaisha	78 Washington Blvd, Yokohama, JP	JP
S2_TRAIN_001615	Sierra Nevada Brewing 8046	1031 Industrial Boulevard, Sydney	AU
S2_TRAIN_001020	PROSPER WEALTH ADVISORS 8115	9943 Victoria Road, Singapore, 92142	SG
S2_TRAIN_000527	TopTier Athletics 3465	Suite 772, 8327 Victoria Road, Stuttgart - 86216	DE
S2_TRAIN_002013	Vertex Engineering Distractor 285 Inc.	7721 Park Avenue, Chicago, US	US
S2_TRAIN_001844	Pioneer Drilling Distractor 204 SAS	4535 Oxford Street, Toulouse, FR	FR
S2_TRAIN_001038	SoundWave Media 9368 B.V.	4131 Broadway, Amsterdam	NL
S2_TRAIN_000340	2000 Vista	6365 Friedrichstrasse, Osaka	JP
S2_TRAIN_000907	Jade Palace Dining 4982 Inc.	Suite 618, 9486 Victoria Road, Chicago - 25534	US
S2_TRAIN_000894	6092 Synthesis	1790 Friedrichstrasse, Austin, 96106, US	US
S2_TRAIN_001836	Cascade Capital Distractor 696 Ltd.	4165 Broadway, Manchester, GB	GB
S2_TRAIN_001752	Spire Global Solutions Distractor 486 SA	5317 Orchard Road, Paris, FR	FR
S2_TRAIN_000352	Sigma BioPharma 267 LLP	7584 King Street, Bristol, 33534	GB
S2_TRAIN_001642	Sanctuary Spa Group Distractor 326 SA	1432 High Street, Lyon, FR	FR
S2_TRAIN_001884	Sentient AI Systems Distractor 905 SNC	7095 Commercial Road, Toulouse, FR	FR
S2_TRAIN_001218	TerraFirma Landsscaping 9757	4472 Main St, Sydney, 22093, AU	AU
S2_TRAIN_002006	Vertex Engineering Distractor 629 UG	16 High Street, Frankfurt, DE	DE
S2_TRAIN_000550	Western Digital Systems 1775 SA	408 Elm Street, Lyon	FR
S2_TRAIN_001705	Hyperion Solar Distractor 974 SAS	4574 Victoria Road, Bordeaux, FR	FR
S2_TRAIN_001167	Sanctuary Spa Group 9772 SA	2211 Rue de Rivoli, Bordeaux, 45748	FR
S2_TRAIN_001079	Talon Security 943 SARL	6436 Maple Ave, Marseille, 51032	FR
S2_TRAIN_001364	Acme Global 7305	Yokohama, 7873 Main St, 55009	JP
S2_TRAIN_001802	Venture Point Capital Distractor 187 SNC	9073 Park Avenue, Toulouse, FR	FR
S2_TRAIN_002227	Prosper Wealth Advisors Distractor 120 Ltd.	8930 Brigade Road, Bengaluru, IN	IN
S2_TRAIN_001503	Viking Freight 234 Pte. Ltd.	7170 Main St, Singapore	SG
S2_TRAIN_000493	Nebula Cloud Hosting 7439	Suite 735, 1732 Orchard Road, Kolkata - 27047	IN
S2_TRAIN_001917	Cobalt Media Group Distractor 967 Kabushiki Kaisha	7904 Church St, Fukuoka, JP	JP
S2_TRAIN_001207	Rigel Marine Services 1449 B.V.	420 Friedrichstrasse, The Hague, 63961	NL
S2_TRAIN_000999	Sterling Bank & Trust 5696	Singapore, 2448 Main St, 68599	SG
S2_TRAIN_001449	Ne Horizon Health 7763	7500 Market Street, Kolkata	IN
S2_TRAIN_001562	Paramount Consttruction 9018	5184 Commercial Road, Frankfurt, 24754	DE
S2_TRAIN_000945	Luminary Lighting 2147	2503 MG Road, Mumbai	IN
S2_TRAIN_002358	Keystone Civil Works Distractor 990 Co.	8969 Commercial Road, Boston, US	US
S2_TRAIN_001144	4952 Lighthouse	9679 Brigade Road, Manchester, 52781	GB
S2_TRAIN_000809	SENTIENT AI SYSTEMS 9651	3169 Broadway, Osaka	JP
S2_TRAIN_000295	LEGACY MANUFACTURING 4061	3644 Elm St., Hamburg, 87564, DE	DE
S2_TRAIN_000955	Precision Machining 4879	Suite 134, 7376 Elm Street, The Hague - 50568	NL
S2_TRAIN_001416	Olypus Chemical 8775	1267 Broadway, Frankfurt, 66276, DE	
S2_TRAIN_000504	Veritas Legal Servces 11	5738 Market St., Seattle, 47128, US	US
S2_TRAIN_001047	Cedar Point Energy 1941 Private Limited	8649 Queen St., Singapore, 65559, SG	SG
S2_TRAIN_001440	Saturn Heavy Industries 417	6209 George St., Amsterdam, 79055, NL	NL
S2_TRAIN_001586	Serenitty Living 7119	Vancouver, 2123 Oxford Street, 29588	CA
S2_TRAIN_002107	Spectrum Communications Distractor 750 UG	2495 Maple Ave, Hamburg, DE	DE
S2_TRAIN_000626	Wildcat Oil Exploration 9600 Pvt. Ltd.	Suite 636, 2334 Friedrichstrasse, Mumbai - 98111	IN
S2_TRAIN_001298	Rigel Marine Services 6818 Co. Ltd.	2853 Queen Street, Bristol	GB
S2_TRAIN_001341	Integrity Consulting 2588 Enterprises	7591 High St., Bengaluru, 45039, IN	IN
S2_TRAIN_001725	Emerald City Foods Distractor 559 G.K.	1777 Bay Street, Nagoya, JP	JP
S2_TRAIN_001766	Tandem Software Distractor 983 Ltd.	4639 King Street, Bristol, GB	GB
S2_TRAIN_000570	Precision Machining 7760 Corp.	Montreal, 6115 Harbor Drive, 88766	CA
S2_TRAIN_000299	POLARIS NAVIGATION 2930	Suite 742, 2700 Broadway, Sydney - 46168	
S2_TRAIN_002047	Oakwood Furnishings Distractor 304 Ltd.	2681 Broadway, Bristol, GB	GB
S2_TRAIN_001265	UNIFIED COMMUNICATIONS 2646	9702 Industrial Blvd, Toulouse, 30829, FR	FR
S2_TRAIN_000909	Waveform Acouustic 3959	2054 Oxford St., Bordeaux, 38548, FR	FR
S2_TRAIN_000870	Silicon Valley Micro 9972	Atlanta, 3974 Market Street, 58434	US
S2_TRAIN_000324	Quest Diagnostics Gobal 2204	Suite 260, 1793 Rue de Rivoli, Perth - 84560	AU
S2_TRAIN_002049	Delta Wave Electronics Distractor 765 Ltée	9528 George Street, Vancouver, CA	CA
S2_TRAIN_001989	Windward Nautical Distractor 295 Ltd.	4167 High Street, Leeds, GB	GB
S2_TRAIN_000676	Ininity Robotics 7800	Suite 181, 3049 Maple Ave, Calgary - 71500	CA
S2_TRAIN_001724	Radius Geospatial Distractor 162 PLC	2780 Industrial Boulevard, Edinburgh, GB	GB
S2_TRAIN_000096	Spire Global Solutions 3579 ULC	8610 Park Ave, Ottawa, 68556, CA	CA
S2_TRAIN_000733	Saturn Heavy Industries 4460	8174 Queen Street, Stuttgart, 63046	DE
S2_TRAIN_002313	Falcon Heavy Transport Distractor 403 N.V.	8017 Church St, Rotterdam, NL	NL
S2_TRAIN_000822	Vista Window Systms 6063	1741 Orchard Road, Manchester	GB
S2_TRAIN_000153	acme-global-9386	9870 Industrial Blvd, Singapore, 51709, SG	SG
S2_TRAIN_001668	Pacific Rim Trading Distractor 762 SAS	5514 Orchard Road, Toulouse, FR	FR
S2_TRAIN_000419	Emerald City Foods 6298	3094 Orchard Road, Singapore	SG
S2_TRAIN_001179	Dynamo Retail 5102	843 Rue de Rivoli, Birmingham, 95380	GB
S2_TRAIN_000930	Volt Electrical Services 3947	5994 Victoria Road, London	GB
S2_TRAIN_000163	Silicon Valley Micro 6504	Suite 458, 3964 Main St, Bristol - 58819	GB
S2_TRAIN_002326	Talon Security Distractor 271 Limited	7272 Friedrichstrasse, Montreal, CA	CA
S2_TRAIN_001401	sapphire-healthcare-6776	London, 840 Broadway, 73454	GB
S2_TRAIN_000280	Hyperion Solar 4151	Suite 783, 1241 King Street, Perth - 93726	AU
S2_TRAIN_001619	TrueNorth Consulting 2443	3043 Queen Street, Frankfurt, 26811	DE
S2_TRAIN_000973	Timberline Lumber 658	Utrecht, 6459 Bay Street, 79963	NL
S2_TRAIN_000919	9459 Overland	168 Victoria Rd, Rotterdam, 98228, NL	NL
S2_TRAIN_001791	Ultratech Industrial Distractor 945 G.K.	1314 Market Street, Tokyo, JP	JP
S2_TRAIN_000368	9390 Saturn	5535 Friedrichstrasse, Adelaide, 59454, AU	AU
S2_TRAIN_001498	VERTEX ENGINEERING 9047	8623 Rue de Rivoli, Leeds, 50557	GB
S2_TRAIN_001672	Waveform Acoustic Distractor 919 ULC	8369 Station Road, Montreal, CA	CA
S2_TRAIN_000020	RIVERSTONE CAPITAL 8703	Suite 262, 7252 Station Road, Yokohama - 90301	JP
S2_TRAIN_002276	United Parcel Express Distractor 783 LLP	6668 Oxford Street, New Delhi, IN	IN
S2_TRAIN_001506	vista-window-systems-3011	Bengaluru, 7277 Elm Street, 59089	IN
S2_TRAIN_002034	Lantern Publishing Distractor 530 Limited	232 Oxford Street, Calgary, CA	CA
S2_TRAIN_002271	Elevate Digital Distractor 451 GmbH	3785 George Street, Hamburg, DE	DE
S2_TRAIN_002103	Ironclad Construction Distractor 179 Pte. Ltd.	9079 Brigade Road, Singapore, SG	SG
S2_TRAIN_001291	Clearwater Analytics 380	Suite 544, 4211 Park Avenue, Munich - 23070	DE
S2_TRAIN_001127	Navitas Clean Energy 8041 NL	Suite 301, 2677 Victoria Road, Sydney - 51679	AU
S2_TRAIN_001286	Saturn Heavy  Industries 1867	Boston, 9255 Market Street, 77350	US
S2_TRAIN_000628	Meridian  Wealth 4520	Adelaide, 6876 Station Road, 97422	AU
S2_TRAIN_000495	Equinox Venture Partners 2414 SAS	Suite 643, 1806 Harbor Drive, Paris - 41531	FR
S2_TRAIN_000982	8715 Liberty	7957 Queen St., Toronto, 76988, CA	CA
S2_TRAIN_001474	orbit-satellite-services-9456	260 Market St., Bristol, 44923, GB	GB
S2_TRAIN_000971	White Cloud Technologies 6777 Proprietary Limited	1665 Friedrichstrasse, Adelaide, 72427	
S2_TRAIN_000497	Universal Aerospace 4079 Limited	871 Broadway, Manchester, 14677	GB
S2_TRAIN_001941	Victory Marine Distractor 997 Pvt. Ltd.	6317 Main St, Mumbai, IN	IN
S2_TRAIN_000615	Radiant Energy 4927	Toronto, 6385 Washington Blvd, 71782	CA
S2_TRAIN_001026	6667 Synthesis	6115 Industrial Blvd, Vancouver, 20240, CA	
S2_TRAIN_002041	Sigma BioPharma Distractor 982 Pte. Ltd.	8588 Friedrichstrasse, Singapore, SG	SG
S2_TRAIN_000326	Pathfinder Robotics 9345 LLP	Suite 883, 1602 Elm Street, Singapore - 74010	SG
S2_TRAIN_001816	Crestview Holdings Distractor 812 NL	7701 Church St, Adelaide, AU	AU
S2_TRAIN_000588	Nexus Telecom 8230	3689 Bay Street, Yokohama, 62948	JP
S2_TRAIN_001813	Viking Freight Distractor 782 LLP	5085 Main St, Seattle, US	US
S2_TRAIN_002304	Cinnabar Creative Distractor 244 Ltd.	8102 Market Street, Singapore, SG	SG
S2_TRAIN_001385	Meridian Wealth 8138	Suite 303, 2205 Bay Street, Birmingham - 31733	GB
S2_TRAIN_001765	Starlight Entertainment Distractor 274 N.V.	2912 Victoria Road, Amsterdam, NL	NL
S2_TRAIN_001804	Synergy Pharmaceuticals Distractor 328 B.V.	684 Washington Blvd, The Hague, NL	NL
S2_TRAIN_002217	Overland Express Distractor 433 G.K.	6222 Harbor Drive, Fukuoka, JP	JP
S2_TRAIN_000987	8886 First	7453 Bay St., Singapore, 23730, SG	
S2_TRAIN_002081	Premier Dental Care Distractor 962 SARL	9154 Park Avenue, Toulouse, FR	FR
S2_TRAIN_000426	NorthStar Financial 624	Suite 842, 4221 Harbor Drive, Melbourne - 97285	AU
S2_TRAIN_001384	Waveform Acoustic 5614 Co. Ltd.	7376 Bay Street, Manchester	GB
S2_TRAIN_002242	White Cloud Technologies Distractor 337 Private Limited	7229 Commercial Road, Singapore, SG	SG
S2_TRAIN_001951	Halo Interactive Distractor 469 Private Limited	1447 High Street, Pune, IN	IN
S2_TRAIN_001694	Treasure Coast Marine Distractor 385 Corporation	9558 Washington Blvd, Austin, US	US
S2_TRAIN_000595	United Parcel Express 1214	Suite 364, 4260 Brigade Road, Toulouse - 54884	FR
S2_TRAIN_001899	White Cloud Technologies Distractor 858 Private Limited	8848 Main St, Kolkata, IN	IN
S2_TRAIN_002007	Metro Urban Transit Distractor 246 Ltd.	3628 Rue de Rivoli, Singapore, SG	SG
S2_TRAIN_000445	rigel-marine-services-5383	Suite 257, 85 Broadway, Brisbane - 55838	AU
S2_TRAIN_000316	Whispering Pines Resort 3139	Suite 814, 71 Church St, Melbourne - 22934	AU
S2_TRAIN_002197	Serenity Living Distractor 588 SNC	4133 Friedrichstrasse, Lyon, FR	FR
S2_TRAIN_001188	Pathfinder Roobotics 861	Glasgow, 4036 Bay Street, 74174	GB
S2_TRAIN_001324	Sterling Baank & Trust 9920	Toulouse, 8124 Oxford Street, 59064	FR
S2_TRAIN_002132	Ironclad Construction Distractor 739 GmbH & Co. KG	2223 Maple Ave, Munich, DE	DE
S2_TRAIN_001393	Polaris Navigation 7612 LLP	2870 Oxford Street, Dallas	US
S2_TRAIN_002008	Saturn Heavy Industries Distractor 484 ULC	4659 Industrial Boulevard, Montreal, CA	CA
S2_TRAIN_002318	Laguna Marine Distractor 212 UG	4336 Elm Street, Hamburg, DE	DE
S2_TRAIN_001235	Venture Point Capital 9073	5612 George Street, Calgary	CA
S2_TRAIN_002117	Guardian Asset Management Distractor 527 N.V.	746 Industrial Boulevard, The Hague, NL	NL
S2_TRAIN_000122	8020 Polaris	Chennai, 4403 Washington Blvd, 92288	IN
S2_TRAIN_001535	Cedar Point Energy 2708	Suite 653, 5548 Industrial Boulevard, Yokohama - 28285	JP
S2_TRAIN_001856	Laguna Marine Distractor 314 Co. Ltd.	8456 Station Road, Edinburgh, GB	GB
S2_TRAIN_001667	Skyline Real Estate Distractor 991 Enterprises	2155 Oxford Street, Hyderabad, IN	IN
S2_TRAIN_001153	METRO URBAN TRANSIT 4029	Vancouver, 7087 Industrial Boulevard, 91974	
S2_TRAIN_000473	Nebula Cloud Hosting 8965 PLC	Suite 461, 7452 Broadway, Leeds - 51119	
S2_TRAIN_002266	Paramount Construction Distractor 458 B.V.	5360 Friedrichstrasse, Utrecht, NL	NL
S2_TRAIN_000387	7355 Spectrum	3189 Bay Street, Berlin, 53870	DE
S2_TRAIN_001659	Apex Logistics Distractor 965 GmbH	2035 George Street, Munich, DE	DE
S2_TRAIN_000057	Sigma BioPharma 3630	8544 Harbor Drive, Amsterdam, 49535	NL
S2_TRAIN_000298	optima-insurance-4381	Fukuoka, 893 Oxford Street, 18305	JP
S2_TRAIN_001339	WorldBridge Express 1688 LLC	6266 Broadway, Atlanta, 93979	US
S2_TRAIN_000169	Visionary Healthcare 5500	3660 Commercial Road, Manchester	GB
S2_TRAIN_000197	Halo Interactive 2208	Suite 677, 2407 Elm Street, Tokyo - 17328	JP
S2_TRAIN_002045	Voyager Travel Group Distractor 490 Corp.	5596 Market Street, Montreal, CA	CA
S2_TRAIN_001209	4455 Matrix	Suite 807, 6870 King Street, Calgary - 73180	CA
S2_TRAIN_000732	6855 Infinity	Rotterdam, 2485 George Street, 65956	NL
S2_TRAIN_001874	WorldBridge Express Distractor 648 NL	7229 King Street, Adelaide, AU	AU
S2_TRAIN_000891	Elevate Digital 2175 Pte. Ltd.	Singapore, 8553 Friedrichstrasse, 85669	SG
S2_TRAIN_002311	Skyline Real Estate Distractor 945 AG	1035 Maple Ave, Hamburg, DE	DE
S2_TRAIN_000194	2718 Treasure	2609 Friedrichstrasse, Osaka	JP
S2_TRAIN_002210	White Cloud Technologies Distractor 808 N.V.	2106 George Street, The Hague, NL	NL
S2_TRAIN_001228	Riverstone Capital 8874	3945 Commercial Road, Bengaluru	IN
S2_TRAIN_000947	Grandview Real Estate 223	Suite 837, 2860 Bay Street, Manchester - 62598	GB
S2_TRAIN_001134	3111 CoreLogic	Suite 617, 4320 Queen Street, The Hague - 12708	NL
S2_TRAIN_000319	3701 Redwood	7012 Queen Street, Fukuoka, 34744	JP
S2_TRAIN_001111	Zenith Broadcast Group1235	6788 Broadway, Bordeaux, 71797, FR	FR
S2_TRAIN_000220	135 Radius	242 Market Street, Toronto, 74694	CA
S2_TRAIN_002153	Rockwell Automation Systems Distractor 460 Ltd.	1811 Main St, Hyderabad, IN	IN
S2_TRAIN_000507	7272 Silicon	4914 Broadway, Singapore, 63026	SG
S2_TRAIN_000081	Delta Wave Electronics 407	Suite 407, 1439 Friedrichstrasse, Pune - 99381	IN
S2_TRAIN_000539	Cinnabar Creative 7101	5203 Orchard Rd, Bristol, 34955, GB	GB
S2_TRAIN_001846	Whispering Pines Resort Distractor 717 Enterprises	4784 Rue de Rivoli, Bengaluru, IN	IN
S2_TRAIN_000862	Falcon Heavy Transport 9610 Limited	9826 King Street, Montreal, 93898	CA
S2_TRAIN_000616	Radiant Energy 4927 Corp.	6385 Washington Blvd, Toronto, 71782, CA	
S2_TRAIN_002198	Southland Agriculture Distractor 998 GmbH	4620 Park Avenue, Munich, DE	DE
S2_TRAIN_001173	Meridian Wealth 7636 SAS	4252 Station Road, Bordeaux, 19253	FR
S2_TRAIN_000358	Cobalt Media Group 7174 SARL	9989 Broadway, Paris, 23352	FR
S2_TRAIN_001422	Fusion Power Dynamics 5997 Pty Ltd	Adelaide, 542 Market Street, 38943	AU
S2_TRAIN_001321	5094 Olympus	Suite 271, 4331 Victoria Road, Austin - 33323	US
S2_TRAIN_001985	Unified Communications Distractor 796 Private Limited	778 Queen Street, Singapore, SG	SG
S2_TRAIN_000242	Spectrum Communications 1940	New Delhi, 484 Market Street, 51771	IN
S2_TRAIN_002043	Polaris Navigation Distractor 735 Ltd	1064 Maple Ave, Melbourne, AU	AU
S2_TRAIN_001251	Sigma BioPharma 4793	7877 Market St., New Delhi, 95520, IN	
S2_TRAIN_001859	Pulse Digital Marketing Distractor 605 UG	5318 Victoria Road, Stuttgart, DE	DE
S2_TRAIN_000722	Lighthouse Hospitality 7424 Pvt Ltd	7142 Market St., New Delhi, 46505, IN	
S2_TRAIN_001309	Kodiak Tactical 37997	9318 Park Ave, Fukuoka, 42774, JP	JP
S2_TRAIN_001183	Ironclad Construction 4914	Perth, 4172 Rue de Rivoli, 60957	AU
S2_TRAIN_001378	Magnolia Hospitality 8523	181 Victoria Road, Chicago, 97057	US
S2_TRAIN_000777	Waveform Acoustic 6555 N.V.	Utrecht, 2800 Harbor Drive, 78383	NL
S2_TRAIN_001427	Kinetic Sports 6933 Ltd	2500 Industrial Blvd, Sydney, 48419, AU	AU
S2_TRAIN_000185	White Cloud Tech 6705	Birmingham, 3210 Maple Ave, 34581	
S2_TRAIN_000008	Ace Global 9814	Suite 170, 1833 Main St, Hamburg - 57576	DE
S2_TRAIN_001131	Renaissance Arts 4270 NL	5993 Bay Street, Adelaide, 42620	
S2_TRAIN_002353	Ironclad Construction Distractor 347 LLP	7964 Station Road, Manchester, GB	GB
S2_TRAIN_000577	Silicon Valley Micro  6292	6582 Rue de Rivoli, Paris, 65372	FR
S2_TRAIN_001277	helix-biosciences-9888	7659 High Street, Ottawa, 68567	CA
S2_TRAIN_000571	Harbor Light Logistics 4925 B.V.	2287 Elm Street, Rotterdam	NL
S2_TRAIN_001598	Luminary Lighting 3643 Pty Ltd	Melbourne, 4115 Commercial Road, 79257	AU
S2_TRAIN_001553	Grandview Real Estate 984	Suite 126, 2221 King Street, Toronto - 72073	CA
S2_TRAIN_000360	6910 Spectra	Vancouver, 6774 George Street, 63648	CA
S2_TRAIN_001467	Prosper Wealth Advisors 1151 B.V.	Rotterdam, 1177 Market Street, 79508	NL
S2_TRAIN_001763	Spectra Chemical Distractor 849 AG	3578 Broadway, Frankfurt, DE	DE
S2_TRAIN_001176	Vista Window Systems 7848 Pte. Ltd.	Singapore, 3897 Market Street, 87814	SG
S2_TRAIN_000886	pinnacle-pharmaceuticals-1523	Sydney, 3855 Harbor Drive, 82487	AU
S2_TRAIN_002163	Pathfinder Robotics Distractor 894 SNC	4860 Washington Blvd, Bordeaux, FR	FR
S2_TRAIN_000365	Pulse Digital Marketing 7211	Suite 641, 2365 Industrial Boulevard, Toulouse - 76294	FR
S2_TRAIN_000475	Paramount Construction 1368 Pte. Ltd.	700 Oxford St., Singapore, 91345, SG	SG
S2_TRAIN_000614	Helix BioSciences 8302	3435 Industrial Boulevard, Amsterdam, 25775	NL
S2_TRAIN_002039	Synergy Pharmaceuticals Distractor 996 Enterprises	9231 Commercial Road, Mumbai, IN	IN
S2_TRAIN_001579	Vanguard Asset Management 9092 Corporation	Austin, 6655 Industrial Boulevard, 73317	US
S2_TRAIN_002124	Lighthouse Hospitality Distractor 581 B.V.	1176 Elm Street, Rotterdam, NL	NL
S2_TRAIN_000428	Zephyr Clean Energy 6253	Suite 292, 3663 Brigade Road, Fukuoka - 43959	JP
S2_TRAIN_002291	Elevate Digital Distractor 312 G.K.	5900 Broadway, Nagoya, JP	JP
S2_TRAIN_000038	1714 Vibrant	Suite 565, 8118 George Street, New Delhi - 47777	
S2_TRAIN_001187	3091 Summit	7532 Friedrichstrasse, Singapore, 26136	SG
S2_TRAIN_002143	Rockwell Automation Systems Distractor 830 Ltée	3515 Victoria Road, Toronto, CA	CA
S2_TRAIN_001690	Saturn Heavy Industries Distractor 384 Pvt Ltd	4503 George Street, Pune, IN	IN
S2_TRAIN_000631	Ttan Heavy Machinery 6912	7213 Commercial Rd, Singapore, 70390, SG	SG
S2_TRAIN_002166	Waveform Acoustic Distractor 659 B.V.	5210 Washington Blvd, The Hague, NL	NL
S2_TRAIN_002325	Wellspring Health Distractor 290 K.K.	891 Rue de Rivoli, Fukuoka, JP	JP
S2_TRAIN_001545	5607 Nova	8540 George Street, Frankfurt, 89119	DE
S2_TRAIN_000442	Zephyr Clean Energy 4684 Kabushiki Kaisha	Suite 793, 6947 Main St, Fukuoka - 98740	JP
S2_TRAIN_000403	sterling-bank-&-trust-2911	3059 Main St, Dallas	
S2_TRAIN_000130	Prism Optical 7249	Suite 910, 2294 Broadway, Toronto - 26142	CA
S2_TRAIN_001073	8948 Silicon	6860 Main St, Singapore, 74901, SG	
S2_TRAIN_000044	3913 Waveform	6731 Brigade Road, The Hague, 15720	NL
S2_TRAIN_000095	Vista Window Systems 8234 Ltd	Suite 662, 4834 Washington Blvd, Sydney - 58174	AU
S2_TRAIN_001372	milestone-education-2040	5233 Victoria Road, Nagoya, 84960	JP
S2_TRAIN_000980	Radiant Energy 8904 Ltd.	4882 Bay Street, Singapore	SG
S2_TRAIN_000110	prairie-wind-renewables-1261	Melbourne, 3940 Elm Street, 84277	AU
S2_TRAIN_000427	6284 NorthStar	4221 Harbor Drive, Melbourne	AU
S2_TRAIN_000291	Laguna Marine 7288 B.V.	Utrecht, 3257 George Street, 98716	NL
S2_TRAIN_002213	Oakwood Furnishings Distractor 644 SARL	1141 High Street, Marseille, FR	FR
S2_TRAIN_001280	Pacific Rim Trading 8125 Limited	9077 MG Road, Ottawa, 98722	CA
S2_TRAIN_000984	Oceanic Seafoods 3169 K.K.	1579 MG Road, Fukuoka, 10504	JP
S2_TRAIN_000127	2712 Vanguard	5006 Washington Blvd, Atlanta, 40689, US	US
S2_TRAIN_001086	Standard Petroleum 7916 SARL	8073 George Street, Paris, 93105	FR
S2_TRAIN_000976	Precison Machining 5723	9906 Market Street, Tokyo	
S2_TRAIN_002195	Summit Mountain Gear Distractor 277 LLP	7681 Park Avenue, Singapore, SG	SG
S2_TRAIN_000875	kodiak-tactical-8249	4397 Commercial Road, Frankfurt	DE
S2_TRAIN_000715	Sterling Bank & Trust 5793 Limited	9072 Main St, Vancouver	CA
S2_TRAIN_000152	PRAIRIE WIND RENEWABLES 9602	Suite 424, 5286 Queen Street, Birmingham - 27884	GB
S2_TRAIN_002160	Pinnacle Pharmaceuticals Distractor 549 Ltd.	70 Station Road, Singapore, SG	SG
S2_TRAIN_001591	Synthesis Data Labs 8715 Pte. Ltd.	9168 Market Street, Singapore	SG
S2_TRAIN_000406	prairie-wind-renewables-619	Suite 348, 2237 Broadway, Seattle - 52875	US
S2_TRAIN_000148	Southland Agriculture 4083	Suite 429, 5884 Bay Street, Tokyo - 72873	JP
S2_TRAIN_001411	Wellspring Health 60 PLC	Suite 734, 5913 Rue de Rivoli, Bristol - 49001	GB
S2_TRAIN_000721	Pulse Digital Markketing 1466	3745 Commercial Road, Singapore, 45274	SG
S2_TRAIN_001406	Pathfinder Robotics 9274 NL	Suite 501, 38 King Street, Melbourne - 62275	AU
S2_TRAIN_000712	volt-electrical-services-4834	Montreal, 8893 Victoria Road, 82470	CA
S2_TRAIN_001929	Elevate Digital Distractor 833 Proprietary Limited	9126 Bay Street, Adelaide, AU	AU
S2_TRAIN_002293	Waveform Acoustic Distractor 113 SAS	2479 Rue de Rivoli, Lyon, FR	FR
S2_TRAIN_001367	Saturn Heavy Industries 308	Suite 582, 4315 Queen Street, Frankfurt - 95018	DE
S2_TRAIN_001755	TransNational Logistics Distractor 737 Co. Ltd.	4021 Market Street, Manchester, GB	GB
S2_TRAIN_000791	Helix BioScience 3582	Suite 246, 853 Commercial Road, Brisbane - 66333	AU
S2_TRAIN_002133	Horizon Freight Distractor 714 Kabushiki Kaisha	495 Brigade Road, Fukuoka, JP	JP
S2_TRAIN_000458	BleSky Technologies 9885	Leeds, 340 Bay Street, 24422	GB
S2_TRAIN_000265	quantum-computing-labs-6422	9712 Maple Ave, Pune	IN
S2_TRAIN_001180	Redwood Software 1866	Hamburg, 9859 Church St, 19784	DE
S2_TRAIN_001721	Envision Healthcare Distractor 151 N.V.	6412 MG Road, Rotterdam, NL	NL
S2_TRAIN_000435	Centurion Security 1947	Calgary, 4960 Rue de Rivoli, 88139	CA
S2_TRAIN_002012	Crestview Holdings Distractor 616 GmbH	8670 Queen Street, Frankfurt, DE	DE
S2_TRAIN_001140	2217 Pacific	Suite 812, 2590 Station Road, Seattle - 36218	US
S2_TRAIN_000572	Venture Point Capital 2417 Corp.	5039 Queen St., Vancouver, 20534, CA	CA
S2_TRAIN_002141	Taylor & Associates Distractor 960 Co. Ltd.	8750 Rue de Rivoli, Manchester, GB	GB
S2_TRAIN_001913	Riverstone Capital Distractor 783 Ltd.	1468 Industrial Boulevard, Birmingham, GB	GB
S2_TRAIN_002031	OmniSource Global Distractor 395 LLP	3297 Orchard Road, Pune, IN	IN
S2_TRAIN_001959	Oceanic Seafoods Distractor 622 Inc.	1380 Station Road, Montreal, CA	CA
S2_TRAIN_002374	TerraFirma Landscaping Distractor 440 AG	8030 Main St, Munich, DE	DE
S2_TRAIN_001454	Catalyst Innnovation 878	1177 Main St, Toulouse, 68263	FR
S2_TRAIN_001771	Vibrant Media Group Distractor 434 N.V.	4475 George Street, Amsterdam, NL	NL
S2_TRAIN_000421	Hyperion Solar 2201 Corp.	8235 Industrial Boulevard, Calgary, 24449	CA
S2_TRAIN_001631	Insghtful Analytics 6762	Perth, 2561 Maple Ave, 19776	AU
S2_TRAIN_001975	Turbine Power Systems Distractor 261 Corporation	3186 George Street, San Francisco, US	US
S2_TRAIN_000232	Sterling Bank & Trust 8377	2535 Elm Street, Yokohama, 22358	JP
S2_TRAIN_000190	paramount-construction-183	2020 Market Street, Yokohama	JP
S2_TRAIN_001477	Senient AI Systems 9485	Frankfurt, 9246 Park Avenue, 94344	DE
S2_TRAIN_000806	Rockwell Atomation Systems 8123	Suite 843, 6161 Commercial Road, Yokohama - 25894	JP
S2_TRAIN_001170	Xcel Precision Tools 4380 G.K.	61 MG Road, Osaka	JP
S2_TRAIN_000707	1259 GreenLeaf	4081 Rue de Rivoli, Calgary, 10746	CA
S2_TRAIN_001083	Pulse Digital Marketing 1974	74 Main St, Lyon, 84852	FR
S2_TRAIN_001255	Talon Security1245	218 Maple Ave, Melbourne, 70116, AU	AU
S2_TRAIN_002175	Starfire Gaming Distractor 223 Proprietary Limited	4631 MG Road, Sydney, AU	AU
S2_TRAIN_001904	Crestview Holdings Distractor 244 Proprietary Limited	5678 Queen Street, Adelaide, AU	AU
S2_TRAIN_000768	SUMMIT MOUNTAIN GEAR 8698	Utrecht, 2579 Friedrichstrasse, 87892	NL
S2_TRAIN_000128	5630 Waveform	2166 George St., Edinburgh, 72613, GB	GB
S2_TRAIN_001736	Waveform Acoustic Distractor 917 B.V.	2447 Elm Street, Amsterdam, NL	NL
S2_TRAIN_001679	Metro Urban Transit Distractor 936 AG	4527 Victoria Road, Berlin, DE	DE
S2_TRAIN_002225	Elevate Digital Distractor 286 B.V.	5336 Maple Ave, The Hague, NL	NL
S2_TRAIN_000094	Genesis Industrial 7823	Suite 686, 4273 Main St, Munich - 60275	
S2_TRAIN_001652	Liberty Title Agency Distractor 472 B.V.	3394 King Street, Utrecht, NL	NL
S2_TRAIN_001747	Jupiter Aerospace Distractor 184 SNC	5500 Orchard Road, Toulouse, FR	FR
S2_TRAIN_000646	2544 Titan	8979 Friedrichstrasse, Utrecht, 60966, NL	NL
S2_TRAIN_001117	volt-electrical-services-5052	3643 Commercial Road, Boston	US
S2_TRAIN_000247	White Cloud Technologies 8203 Co. Ltd.	8953 Elm Street, Manchester, 27734	GB
S2_TRAIN_002040	Fleetwood Engineering Distractor 237 SAS	1813 Bay Street, Marseille, FR	FR
S2_TRAIN_002079	Horizon Freight Distractor 494 Private Limited	73 Orchard Road, Singapore, SG	SG
S2_TRAIN_001340	500 Golden	Osaka, 4440 Washington Blvd, 75086	
S2_TRAIN_001594	8991 Nautilus	Suite 411, 376 Bay Street, Fukuoka - 67981	JP
S2_TRAIN_001945	Ultratech Industrial Distractor 427 Pte. Ltd.	1724 Main St, Singapore, SG	SG
S2_TRAIN_000586	Quest Diagnostics Global 6806 Incorporated	8041 Church St, Seattle, 40765	US
S2_TRAIN_000536	MavenData Science 7974	Suite 620, 4727 Industrial Boulevard, Lyon - 44003	FR
S2_TRAIN_002212	Kodiak Tactical Distractor 542 SNC	7931 King Street, Marseille, FR	FR
S2_TRAIN_001927	Ivy League Education Distractor 158 Pvt. Ltd.	8932 Rue de Rivoli, Chennai, IN	IN
S2_TRAIN_000658	Latitude Geospatial 9858 G.K.	2640 Church St, Nagoya, 28790, JP	JP
S2_TRAIN_001841	Sierra Nevada Brewing Distractor 705 Ltd	5508 George Street, Adelaide, AU	AU
S2_TRAIN_000041	Fleetwood Engineering 2523 SARL	4480 Orchard Road, Marseille	FR
S2_TRAIN_000884	Acme Global 267 Co. Ltd.	Bristol, 6324 Orchard Road, 70464	GB
S2_TRAIN_001399	Taylor & Associiates 7456	Toronto, 7741 Washington Blvd, 40976	CA
S2_TRAIN_000109	Kietic Sports 3464	763 Oxford Street, The Hague, 19744	
S2_TRAIN_001368	Equinox Venture Partners 5510	44 Market St., Singapore, 86318, SG	SG
S2_TRAIN_000014	1513 Compass	Suite 537, 59 High Street, Singapore - 53719	SG
S2_TRAIN_000753	Metro Urban Transit 5370 Pvt Ltd	Pune, 2252 Park Avenue, 78806	IN
S2_TRAIN_002154	Ivy League Education Distractor 859 GmbH & Co. KG	2924 George Street, Berlin, DE	DE
S2_TRAIN_002294	Sentient AI Systems Distractor 642 Limited	6664 Brigade Road, Bristol, GB	GB
S2_TRAIN_002246	Skyline Real Estate Distractor 566 SAS	1334 Bay Street, Marseille, FR	FR
S2_TRAIN_002178	Ultratech Industrial Distractor 176 Ltd.	6915 George Street, New Delhi, IN	IN
S2_TRAIN_001680	Oceanic Seafoods Distractor 669 Ltée	5509 Commercial Road, Montreal, CA	CA
S2_TRAIN_001599	OCEANIC SEAFOODS 726	6637 King St., Ottawa, 51026, CA	CA
S2_TRAIN_001940	CyberShield Defense Distractor 923 Ltd.	8091 MG Road, Pune, IN	IN
S2_TRAIN_001380	Harbor Light Logisticss 1238	2607 Station Road, Melbourne, 59494	AU
S2_TRAIN_001379	Vibrant Media Group 6801	Suite 539, 4333 Elm Street, Calgary - 18953	CA
S2_TRAIN_001463	Kodiak Tactical 9819	2168 King Street, Montreal	CA
S2_TRAIN_001103	HORIZON FREIGHT 6892	Suite 323, 4608 Elm Street, Singapore - 20653	SG
S2_TRAIN_001095	Polaris Navigation 4611 Ltée	Suite 555, 5800 Victoria Road, Ottawa - 11353	CA
S2_TRAIN_001059	Xcel Precision Tools 6059 Proprietary Limited	7677 Friedrichstrasse, Perth, 28526, AU	AU
S2_TRAIN_002010	Timberline Lumber Distractor 610 Kabushiki Kaisha	2359 MG Road, Fukuoka, JP	JP
S2_TRAIN_000887	Viking Freight 1601	277 MG Rd, New York, 69905, US	US
S2_TRAIN_001596	5993 Veritas	Suite 688, 4679 Main St, Tokyo - 55884	JP
S2_TRAIN_001517	Global Trade Alliance 7639	Rotterdam, 2855 Broadway, 44407	NL
S2_TRAIN_000542	Unified Communicaations 5714	2951 King Street, Bordeaux	FR
S2_TRAIN_001327	Zephyr Clean Energy 4760 Proprietary Limited	8608 Brigade Road, Brisbane, 53716	AU
S2_TRAIN_001878	Paramount Construction Distractor 953 K.K.	8578 George Street, Fukuoka, JP	JP
S2_TRAIN_001314	PULSE DIGITAL MARKETING 4643	Suite 104, 9846 Station Road, Munich - 22599	
S2_TRAIN_000147	Turbine Power Sys 1377	358 Park Ave, Utrecht, 18450, NL	NL
S2_TRAIN_002142	CrossRoads Transport Distractor 739 Ltd.	1638 Washington Blvd, Singapore, SG	SG
S2_TRAIN_001049	3944 First	Suite 146, 8133 Victoria Road, Edinburgh - 22963	GB
S2_TRAIN_002327	EcoSphere Solutions Distractor 610 AG	8127 Market Street, Munich, DE	DE
S2_TRAIN_001510	Sunlight Solar Power 2064 Pvt Ltd	Chennai, 7591 Brigade Road, 68257	IN
S2_TRAIN_001475	Orbit Satellite Services 9456	Bristol, 260 Market Street, 44923	GB
S2_TRAIN_000351	Galaxy Softworks 5883	Edinburgh, 8400 Commercial Road, 36197	
S2_TRAIN_002220	Radius Geospatial Distractor 441 Private Limited	9505 Oxford Street, Singapore, SG	SG
S2_TRAIN_001496	supreme-logistics-888	Bordeaux, 9377 Victoria Road, 66255	FR
S2_TRAIN_000553	Nimble Supply Chain 6089	4755 Market Street, Rotterdam	NL
S2_TRAIN_000227	7669 Eagle	6815 Church St, Boston	
S2_TRAIN_001918	Clearwater Analytics Distractor 114 Co.	6931 High Street, New York, US	US
S2_TRAIN_001845	Eagle Eye Surveillance Distractor 267 G.K.	1302 Brigade Road, Fukuoka, JP	JP
S2_TRAIN_001456	6129 Olympus	Mumbai, 1785 Elm Street, 72920	IN
S2_TRAIN_000140	Xcel Precision Tools 5039 Limited	3903 Orchard Road, Manchester, 65026	GB
S2_TRAIN_001113	Compass Point Marine 9816 Limited	Hyderabad, 4889 Washington Blvd, 15574	
S2_TRAIN_000455	Luminary Lighting 2190 Ltd.	939 Station Rd, Singapore, 92045, SG	SG
S2_TRAIN_001972	Vertex Engineering Distractor 533 Ltée	6294 Orchard Road, Ottawa, CA	CA
S2_TRAIN_002215	Luminary Lighting Distractor 503 LLP	4473 Maple Ave, Singapore, SG	SG
S2_TRAIN_001825	TerraFirma Landscaping Distractor 956 Corporation	190 Main St, Austin, US	US
S2_TRAIN_001137	4740 CrossRoads	9377 Maple Ave, Singapore, 54427	SG
S2_TRAIN_002371	Sentient AI Systems Distractor 592 N.V.	5802 Station Road, Rotterdam, NL	NL
S2_TRAIN_000191	Tridennt Subsea Works 1144	7384 Rue de Rivoli, Montreal	CA
S2_TRAIN_001987	TopTier Athletics Distractor 204 Limited	8046 Park Avenue, Kolkata, IN	IN
S2_TRAIN_001703	Synergy Pharmaceuticals Distractor 640 UG	6129 Station Road, Berlin, DE	DE
S2_TRAIN_000871	Heitage Distilling 4603	8248 Commercial Road, London, 42925	GB
S2_TRAIN_001787	West Coast Distribution Distractor 135 GmbH & Co. KG	4820 Park Avenue, Stuttgart, DE	DE
S2_TRAIN_001536	Cedar Point  Energy 2708	Yokohama, 5548 Industrial Boulevard, 28285	JP
S2_TRAIN_000108	8626 Infinity	6503 Oxford St., Brisbane, 20357, AU	AU
S2_TRAIN_000479	Seaside Seafod Co 3484	7448 Oxford Street, Paris, 15017	FR
S2_TRAIN_001305	White Cloud Technologies 3761	4025 King St., Atlanta, 34225, US	US
S2_TRAIN_001833	Meridian Wealth Distractor 820 SNC	4147 Rue de Rivoli, Toulouse, FR	FR
S2_TRAIN_001723	Metro Urban Transit Distractor 222 LLP	7356 Brigade Road, Singapore, SG	SG
S2_TRAIN_001455	Delta Wave Electronics 7248	6933 Victoria Road, Glasgow	GB
S2_TRAIN_000064	cybershield-defense-7683	9690 Oxford Street, Marseille, 17362	
S2_TRAIN_002033	Voyager Travel Group Distractor 432 UG	1327 King Street, Hamburg, DE	DE
S2_TRAIN_002193	Spectra Chemical Distractor 541 Pte. Ltd.	6956 Elm Street, Singapore, SG	SG
S2_TRAIN_001837	WorldBridge Express Distractor 302 B.V.	7113 High Street, The Hague, NL	NL
S2_TRAIN_000464	global-trade-alliance-1295	Suite 406, 9326 Main St, Toronto - 64590	CA
S2_TRAIN_000863	Summit Mountain Gear 8373	360 Station Road, Leeds	GB
S2_TRAIN_001403	Prime Auto Group 8977 SARL	Suite 945, 7256 Maple Ave, Paris - 67764	FR
S2_TRAIN_000517	White Clooud Technologies 4095	2077 High St., San Francisco, 67482, US	US
S2_TRAIN_001037	Golden Gate Trading 160	Bengaluru, 3266 Industrial Boulevard, 74443	
S2_TRAIN_001559	cedar-point-energy-1836	Suite 888, 376 Industrial Boulevard, Vancouver - 42638	CA
S2_TRAIN_000671	TerraFirma Landscaping 6845 LLP	3147 Oxford Street, New Delhi	IN
S2_TRAIN_001495	Starfire Gaming 4231	6487 Friedrichstrasse, Ottawa, 41812, CA	
S2_TRAIN_000778	White Cloud Tech 8657	5073 Broadway, Singapore, 43010	SG
S2_TRAIN_000494	7439 Nebula	1732 Orchard Rd, Kolkata, 27047, IN	IN
S2_TRAIN_000335	Genesis Industria 3868	8197 Harbor Drive, Glasgow, 25812	GB
S2_TRAIN_000235	OCEANIC SEAFOODS 1353	Bordeaux, 808 Harbor Drive, 81847	FR
S2_TRAIN_001640	Southland Agriculture Distractor 107 AG	3256 Church St, Munich, DE	DE
S2_TRAIN_001742	Peak Performance Fitness Distractor 929 SAS	9316 Elm Street, Paris, FR	FR
S2_TRAIN_001772	White Cloud Technologies Distractor 216 K.K.	3125 Broadway, Tokyo, JP	JP
S2_TRAIN_002239	MicroTech Semiconductor Distractor 420 LLC	9836 Industrial Boulevard, Boston, US	US
S2_TRAIN_001783	Nexus Telecom Distractor 355 Pty Ltd	5672 Harbor Drive, Perth, AU	AU
S2_TRAIN_001809	Victory Marine Distractor 677 UG	3734 Main St, Frankfurt, DE	DE
S2_TRAIN_001256	4648 Pioneer	Suite 473, 3403 Main St, Vancouver - 22008	CA
S2_TRAIN_001829	Radius Geospatial Distractor 881 UG	8683 Market Street, Stuttgart, DE	DE
S2_TRAIN_000520	pinnacle-pharmaceuticals-8116	7275 Bay Street, Atlanta	US
S2_TRAIN_001735	Universal Aerospace Distractor 771 N.V.	462 Queen Street, The Hague, NL	NL
S2_TRAIN_000503	Resolute Mining 9285	Frankfurt, 137 Broadway, 75395	DE
S2_TRAIN_001862	Clearwater Analytics Distractor 415 Ltée	754 Oxford Street, Ottawa, CA	CA
S2_TRAIN_002267	Saturn Heavy Industries Distractor 774 Pvt Ltd	641 Main St, New Delhi, IN	IN
S2_TRAIN_000457	Paladin Risk Management 2431 SNC	2974 Rue de Rivoli, Paris, 70213	FR
S2_TRAIN_001437	GreenLeaf Organics 8000	Suite 747, 9077 Main St, Kolkata - 24714	IN
S2_TRAIN_000607	4244 Insightful	Adelaide, 380 Harbor Drive, 28385	AU
S2_TRAIN_001124	venture-point-capital-5972	Suite 875, 6693 Friedrichstrasse, Toronto - 63613	CA
S2_TRAIN_001017	Pathfinder Robotics 3923 N.V.	3047 Elm Street, The Hague	NL
S2_TRAIN_001318	United Parcel Express 365	Singapore, 4274 Park Avenue, 91425	SG
S2_TRAIN_000186	Waveform Acoustic 4713 Co.	6826 Bay Street, Atlanta	US
S2_TRAIN_002176	Voyager Travel Group Distractor 839 Co.	3627 Bay Street, Boston, US	US
S2_TRAIN_001855	Tandem Software Distractor 965 Proprietary Limited	9769 Industrial Boulevard, Brisbane, AU	AU
S2_TRAIN_000843	QUEST DIAGNOSTICS GLOBAL 6983	3739 George St., Amsterdam, 27037, NL	NL
S2_TRAIN_001926	Resolute Mining Distractor 756 Ltd.	6771 Rue de Rivoli, Mumbai, IN	IN
S2_TRAIN_002345	Paramount Construction Distractor 770 N.V.	9880 Brigade Road, The Hague, NL	NL
S2_TRAIN_001713	Silverline Transport Distractor 122 LLP	5339 Oxford Street, Singapore, SG	SG
S2_TRAIN_001956	Insightful Analytics Distractor 179 B.V.	5616 Park Avenue, Utrecht, NL	NL
S2_TRAIN_001628	1554 Spectra	Suite 364, 5539 George Street, Bristol - 85941	GB
S2_TRAIN_001960	Wildcat Oil Exploration Distractor 240 K.K.	1931 Elm Street, Osaka, JP	JP
S2_TRAIN_001000	Ion Propulsion Labs 284 UG	1591 Queen Street, Hamburg, 83132	DE
S2_TRAIN_001953	Precision Machining Distractor 556 Kabushiki Kaisha	7673 Broadway, Tokyo, JP	JP
S2_TRAIN_000075	OmniSource Globaal 3951	Suite 286, 5448 Elm Street, Edinburgh - 27486	GB
S2_TRAIN_002025	Nimble Supply Chain Distractor 247 Inc.	4225 Main St, Ottawa, CA	CA
S2_TRAIN_002061	ProActive Safety Distractor 492 Limited	6714 Station Road, Glasgow, GB	GB
S2_TRAIN_001185	FUSION POWER DYNAMICS 8783	3955 King Street, Singapore	SG
S2_TRAIN_000634	Guardian Asset Management 2762 GmbH	3110 Broadway, Berlin, 86263, DE	
S2_TRAIN_000962	Tandem Software 5528	7050 Church St, Paris	FR
S2_TRAIN_001660	TopTier Athletics Distractor 712 B.V.	3588 Bay Street, The Hague, NL	NL
S2_TRAIN_001045	precision-machining-4529	1657 Broadway, Sydney, 97894, AU	AU
S2_TRAIN_001392	Polaris Navigation 7612 Inc.	Dallas, 2870 Oxford Street, 25448	US
S2_TRAIN_001575	Genesis Industrial 6793	Suite 846, 7477 Oxford Street, Hamburg - 71912	DE
S2_TRAIN_002357	Paladin Risk Management Distractor 765 G.K.	4711 Park Avenue, Fukuoka, JP	JP
S2_TRAIN_000021	soundwave-media-7940	1270 Friedrichstrasse, Montreal	CA
S2_TRAIN_000082	7407 Delta	1439 Friedrichstrasse, Pune, 99381	IN
S2_TRAIN_001253	9497 Fleetwood	Suite 141, 6164 Broadway, The Hague - 57810	NL
S2_TRAIN_002172	Spectra Chemical Distractor 807 LLP	1185 Elm Street, Manchester, GB	GB
S2_TRAIN_001227	Harbor LightLogistics 6045	3489 Brigade Road, Paris	
S2_TRAIN_001091	BlueSky Technologies 9921	7265 Industrial Boulevard, Singapore, 15211	SG
S2_TRAIN_000379	986 Acme	4111 Maple Ave, Marseille	FR
S2_TRAIN_001330	Premier Dental Care 5622 B.V.	8631 Main St, Utrecht, 94135, NL	NL
S2_TRAIN_001875	Sierra Nevada Brewing Distractor 378 Private Limited	4056 Oxford Street, Singapore, SG	SG
S2_TRAIN_000644	Heritage Distilling 8313	498 Friedrichstrasse, Kolkata, 91537	IN
S2_TRAIN_002020	Guardian Asset Management Distractor 209 Private Limited	4178 Church St, Singapore, SG	SG
S2_TRAIN_001143	Pulse Digital Marketing 500	Suite 234, 7355 Queen Street, Paris - 93931	FR
S2_TRAIN_002360	Tandem Software Distractor 252 Ltd.	1671 Station Road, Manchester, GB	GB
S2_TRAIN_000521	Rockwell Automation Sys 3904	Suite 139, 4496 Oxford Street, Bengaluru - 21211	IN
S2_TRAIN_001819	Linear Motion Control Distractor 917 Limited	7247 Broadway, Ottawa, CA	CA
S2_TRAIN_000992	Victory Marine 273	Suite 196, 6175 Bay Street, Pune - 58318	IN
S2_TRAIN_000361	Harbor Light Logistics 7112	Atlanta, 2474 High Street, 85308	US
S2_TRAIN_000276	Meridian Wealth 4510 Proprietary Limited	Suite 918, 1828 Harbor Drive, Sydney - 89144	AU
S2_TRAIN_002083	Ironclad Construction Distractor 527 Corporation	8682 Friedrichstrasse, Atlanta, US	US
S2_TRAIN_000759	PaladinRisk Management 5327	8502 King St., Singapore, 99170, SG	SG
S2_TRAIN_000934	1301 Fleetwood	Stuttgart, 1514 Friedrichstrasse, 83004	DE
S2_TRAIN_002222	Pioneer Drilling Distractor 365 Corporation	909 Orchard Road, Dallas, US	US
S2_TRAIN_000345	Sunlight Solar Power 674	2784 Oxford St., Rotterdam, 76027, NL	NL
S2_TRAIN_002297	Sentient AI Systems Distractor 454 SNC	6699 Harbor Drive, Lyon, FR	FR
S2_TRAIN_001030	Universal Aerospace 6510	2967 Station Road, Austin, 38137	US
S2_TRAIN_000738	TransNational Logistics 2702 GmbH	Munich, 5360 Maple Ave, 87784	
S2_TRAIN_002069	Sunrise Bakery Distractor 435 K.K.	1485 Queen Street, Tokyo, JP	JP
S2_TRAIN_001497	Vertex Engineerinng 9047	Leeds, 8623 Rue de Rivoli, 50557	
S2_TRAIN_001159	Dynamo Retail 1710 UG	Suite 815, 9215 Queen Street, Stuttgart - 54490	DE
S2_TRAIN_001718	Sanctuary Spa Group Distractor 937 Corp.	3086 Elm Street, Dallas, US	US
S2_TRAIN_001556	3555 Vibrant	9202 Bay Street, Montreal, 37118	CA
S2_TRAIN_001139	BrightPath Financial 2126 UG	7347 Church St, Hamburg	DE
S2_TRAIN_001199	Premier Dental Care 6078 UG	Suite 207, 4383 Park Avenue, Stuttgart - 73953	DE
S2_TRAIN_001041	Quantum Computing Labs 6692 Co.	2094 Park Avenue, New York, 83604	US
S2_TRAIN_002089	Radiant Energy Distractor 431 Corp.	8342 Rue de Rivoli, Austin, US	US
S2_TRAIN_001693	TransNational Logistics Distractor 322 B.V.	5359 Brigade Road, Utrecht, NL	NL
S2_TRAIN_000409	NorthStar Financial 5287 G.K.	3394 Maple Ave, Osaka	JP
S2_TRAIN_001540	Standard Petroleum 5537 Pvt. Ltd.	Suite 594, 8671 Market Street, Hyderabad - 70655	IN
S2_TRAIN_001259	3247 Universal	3557 George Street, Montreal	
S2_TRAIN_001484	Safeguard Insurance 5007	24 MG Road, Chicago	US
S2_TRAIN_000665	Zephyr Clean Energy 9231	9422 Bay St., Pune, 35927, IN	IN
S2_TRAIN_000238	Lighthouse Hospitality 2791 Corporation	Seattle, 4445 MG Road, 16957	US
S2_TRAIN_001933	Talon Security Distractor 285 UG	3021 Industrial Boulevard, Hamburg, DE	DE
S2_TRAIN_001647	Falcon Heavy Transport Distractor 798 N.V.	4900 Broadway, Utrecht, NL	NL
S2_TRAIN_001879	Harmonic Audio Distractor 600 G.K.	1041 Brigade Road, Nagoya, JP	JP
S2_TRAIN_000499	Sanctuary SSpa Group 9555	Suite 271, 7743 Brigade Road, Dallas - 24337	US
S2_TRAIN_001014	Universal Aerospace 5164	Suite 203, 6990 Brigade Road, Berlin - 15539	DE
S2_TRAIN_000641	Specctra Chemical 207	5018 Bay St., Boston, 13624, US	US
S2_TRAIN_000937	CloudScle Systems 596	2920 Rue de Rivoli, Austin, 26780, US	US
S2_TRAIN_000164	Linear Motion Control 481	Sydney, 814 Bay Street, 31352	AU
S2_TRAIN_000416	Iconic Architecture 69	Suite 756, 6629 Rue de Rivoli, Boston - 64502	US
S2_TRAIN_000773	Solaria Energy Sys 4507	6189 Bay Street, Osaka	JP
S2_TRAIN_001587	Serenity Living 7119 Corp.	Suite 280, 2123 Oxford Street, Vancouver - 29588	CA
S2_TRAIN_001984	Zenith Broadcast Group Distractor 301 Co. Ltd.	1504 Harbor Drive, London, GB	GB
S2_TRAIN_001971	TrueNorth Consulting Distractor 842 GmbH	2678 King Street, Hamburg, DE	DE
S2_TRAIN_001125	Venture Point Capital 5972	Toronto, 6693 Friedrichstrasse, 63613	CA
S2_TRAIN_001773	Premier Dental Care Distractor 948 Kabushiki Kaisha	2999 Brigade Road, Osaka, JP	JP
S2_TRAIN_000292	orbit-satellite-services-4419	Montreal, 526 Market Street, 84536	CA
S2_TRAIN_001052	SUNLIGHT SOLAR POWER 1738	Suite 612, 8963 Queen Street, Austin - 11956	
S2_TRAIN_002037	Wayfarer Outdoors Distractor 998 Ltd.	8612 Church St, Singapore, SG	SG
S2_TRAIN_000290	Vista Window Sys 7773	707 Industrial Boulevard, Lyon, 17081	FR
S2_TRAIN_001799	Navitas Clean Energy Distractor 412 Ltd.	5919 High Street, Bengaluru, IN	IN
S2_TRAIN_000089	Tandem Software 7872 LLP	6230 Washington Blvd, Chennai, 29369, IN	
S2_TRAIN_001386	Meridian Wealth 8138	2205 Bay St., Birmingham, 31733, GB	
S2_TRAIN_000446	seaside-seafood-co-114	4099 King Street, Kolkata, 39634	IN
S2_TRAIN_000985	Starlight Entertainmnt 32	Suite 646, 2652 Victoria Road, Stuttgart - 64778	DE
S2_TRAIN_001263	5054 Frontier	9936 George Street, Pune	
S2_TRAIN_002348	Harmonic Audio Distractor 678 LLP	5805 Harbor Drive, Boston, US	US
S2_TRAIN_001352	Monarch Aerospace 6921	Suite 591, 8114 Washington Blvd, Toulouse - 75848	FR
S2_TRAIN_001508	2988 Peak	Suite 750, 3173 Washington Blvd, Glasgow - 99897	GB
S2_TRAIN_000482	2370 Talon	Frankfurt, 2466 Main St, 70117	DE
S2_TRAIN_002281	Prime Auto Group Distractor 494 Private Limited	1831 Friedrichstrasse, New Delhi, IN	IN
S2_TRAIN_000246	White Cloud Technologies 5127 Private Limited	Suite 505, 1792 Orchard Road, Singapore - 69193	SG
S2_TRAIN_001528	Sigma BioPharma 8495	8877 Elm Street, The Hague	NL
S2_TRAIN_000725	Harbor Light Logistics 793 SARL	Lyon, 3964 Market Street, 89818	FR
S2_TRAIN_001446	GreenLeaf Organics 7412	69 High Street, Hamburg	DE
S2_TRAIN_001574	2454 OnPoint	Osaka, 3495 Washington Blvd, 73359	JP
S2_TRAIN_000438	JADE PALACE DINING 2199	5883 Elm Street, Rotterdam	NL
S2_TRAIN_000699	Meridian Wealth 4614 SNC	Suite 819, 400 Oxford Street, Lyon - 97981	FR
S2_TRAIN_000460	Equinox Venture Partners 4442 SARL	1252 Oxford Street, Marseille	FR
S2_TRAIN_002078	Spectra Chemical Distractor 202 K.K.	2640 George Street, Osaka, JP	JP
S2_TRAIN_000366	Ivy League Education 7462 SNC	2570 Harbor Drive, Paris, 83272, FR	FR
S2_TRAIN_000325	Optima Insurance 4661	Berlin, 9675 Main St, 15913	
S2_TRAIN_001358	Helix BioSciences 4601	Mumbai, 4601 Orchard Road, 80968	IN
S2_TRAIN_001928	BrightPath Financial Distractor 734 Corp.	5102 Washington Blvd, Montreal, CA	CA
S2_TRAIN_000162	1463 Titan	Suite 262, 6672 MG Road, Calgary - 73499	
S2_TRAIN_002173	Venture Point Capital Distractor 357 ULC	1957 Queen Street, Calgary, CA	CA
S2_TRAIN_000789	enclave-networks-1909	691 Main St, Hyderabad	IN
S2_TRAIN_000341	4276 Halo	Suite 128, 6896 Commercial Road, Tokyo - 88920	JP
S2_TRAIN_000248	Renaissance Arts 5947	6293 Victoria Road, Glasgow	GB
S2_TRAIN_001729	Integrity Consulting Distractor 961 UG	6262 Main St, Hamburg, DE	DE
S2_TRAIN_001817	BlueSky Technologies Distractor 336 Limited	771 Station Road, Vancouver, CA	CA
S2_TRAIN_001296	CloudScale Sys 2718	Mumbai, 4730 King Street, 97453	IN
S2_TRAIN_000552	pulse-digital-marketing-8114	7983 Orchard Rd, Pune, 28332, IN	IN
S2_TRAIN_001741	Golden Gate Trading Distractor 891 Inc.	1009 Maple Ave, San Francisco, US	US
S2_TRAIN_001624	Quest Diagnostics Global 9338 Pvt Ltd	Suite 337, 6592 High Street, Pune - 62545	
S2_TRAIN_002330	Radius Geospatial Distractor 322 LLP	1219 MG Road, Bristol, GB	GB
S2_TRAIN_000582	Paramount Construction 9394	4503 George St., Lyon, 34341, FR	FR
S2_TRAIN_002260	Oceanic Seafoods Distractor 733 SARL	6078 George Street, Lyon, FR	FR
S2_TRAIN_001156	6083 Genesis	Amsterdam, 2620 George Street, 11807	NL
S2_TRAIN_000078	Magnolia Hspitality 1354	Singapore, 9871 George Street, 33652	SG
S2_TRAIN_001665	Spectra Chemical Distractor 394 SA	7266 Orchard Road, Lyon, FR	FR
S2_TRAIN_001480	Silverline Transport 2395	4141 Washington Blvd, Rotterdam, 93557	NL
S2_TRAIN_000698	Meridian Wealth 4614 SNC	400 Oxford Street, Lyon, 97981	FR
S2_TRAIN_001438	KEYSTONE CIVIL WORKS 472	Osaka, 6560 High Street, 89122	JP
S2_TRAIN_001806	Summit Mountain Gear Distractor 802 Co.	6599 Elm Street, Dallas, US	US
S2_TRAIN_002194	Compass Point Marine Distractor 829 Ltd.	4838 King Street, London, GB	GB
S2_TRAIN_001212	Gateway Telecom 1602 B.V.	2218 Main St, Utrecht	NL
S2_TRAIN_000865	9742 Linear	686 Church St, Yokohama, 81657	JP
S2_TRAIN_002165	Sunlight Solar Power Distractor 508 Kabushiki Kaisha	1518 Oxford Street, Fukuoka, JP	JP
S2_TRAIN_001578	WorldBridge Express 4948	Suite 958, 8458 Harbor Drive, Lyon - 81646	FR
S2_TRAIN_001893	West Coast Distribution Distractor 635 Limited	9370 Park Avenue, Montreal, CA	CA
S2_TRAIN_001032	Galaxy Softworks 7706 Private Limited	7629 Washington Blvd, Singapore	SG
S2_TRAIN_001470	6592 Ultratech	Suite 965, 6235 Industrial Boulevard, Paris - 88971	FR
S2_TRAIN_002361	Evergreen Forestry Distractor 130 SA	727 MG Road, Marseille, FR	FR
S2_TRAIN_001689	Zenith Broadcast Group Distractor 108 G.K.	1519 Queen Street, Osaka, JP	JP
S2_TRAIN_001200	Talon Securty 6077	Suite 805, 4437 Friedrichstrasse, New Delhi - 61617	IN
S2_TRAIN_000093	Matrix Computing 3160 PLC	Birmingham, 7519 Industrial Boulevard, 94972	GB
S2_TRAIN_000154	Nexus Telecom 2751 PLC	Edinburgh, 5501 Victoria Road, 68540	GB
S2_TRAIN_001204	1564 Apex	Suite 220, 6941 Maple Ave, Adelaide - 73173	AU
S2_TRAIN_000165	Sanctuary Spa Group 2168	3667 Main St, Chennai, 43081	IN
S2_TRAIN_000056	Sunrise Bakery 3363 Limited	Edinburgh, 3395 Church St, 86858	GB
S2_TRAIN_000201	Peak Performance Fitness 5743	2194 George St., Amsterdam, 43360, NL	NL
S2_TRAIN_000023	7141 Matrix	5508 Bay Street, Paris, 97670	FR
S2_TRAIN_002373	Universal Aerospace Distractor 778 Pte. Ltd.	1637 Brigade Road, Singapore, SG	SG
S2_TRAIN_002127	Equinox Venture Partners Distractor 251 LLC	3162 Church St, San Francisco, US	US
S2_TRAIN_001268	Threshold Interactive 2965 K.K.	Fukuoka, 8050 Church St, 55820	JP
S2_TRAIN_001472	Radiant Energy 8312 Co. Ltd.	1219 Broadway, Edinburgh, 50515, GB	GB
S2_TRAIN_001776	Spire Global Solutions Distractor 605 Ltd.	849 Rue de Rivoli, Singapore, SG	SG
S2_TRAIN_001114	ProActive Safety 9016 Enterprises	4902 Queen St., Pune, 79019, IN	IN
S2_TRAIN_001044	2068 Envision	7423 Bay Street, Lyon	FR
S2_TRAIN_000296	Lantern Publishing 1362	6663 Victoria Rd, Tokyo, 38574, JP	JP
S2_TRAIN_002339	OnPoint Diagnostics Distractor 200 AG	4573 Market Street, Stuttgart, DE	DE
S2_TRAIN_000079	Pacific Rim Trading 8407 LLP	9955 Market Street, Bengaluru	IN
S2_TRAIN_001961	Emerald City Foods Distractor 869 Pvt Ltd	454 MG Road, Bengaluru, IN	IN
S2_TRAIN_001588	Kinetic Sports 7726	9570 Church St, New York, 50919	US
S2_TRAIN_000214	Sanctuary Spa Group 1578	Marseille, 5915 Oxford Street, 57226	FR
S2_TRAIN_002208	Sentient AI Systems Distractor 431 N.V.	9547 Broadway, Utrecht, NL	NL
S2_TRAIN_001430	Galaxy Sofftworks 5352	Edinburgh, 7987 Main St, 21766	GB
S2_TRAIN_000137	Prsper Wealth Advisors 3679	5242 George Street, Munich, 45554	DE
S2_TRAIN_001242	1047 Lantern	8339 Bay St., Hamburg, 54555, DE	DE
S2_TRAIN_000322	Catalyst Innovatioon 2935	Singapore, 4961 Market Street, 91522	SG
S2_TRAIN_001055	Vanguard Asset Management 8564	Suite 325, 3472 Queen Street, Melbourne - 24746	
S2_TRAIN_000918	970 GreenLeaf	4567 Oxford Street, Sydney, 73868	AU
S2_TRAIN_000294	Legacy Manufacturing 4061	Suite 145, 3644 Elm Street, Hamburg - 87564	
S2_TRAIN_000099	LEGACY MANUFACTURING 7547	3089 Oxford Street, Munich, 24790	
S2_TRAIN_000146	turbine-power-systems-1377	358 Park Avenue, Utrecht, 18450	NL
S2_TRAIN_000995	Precision Machining 9528	Yokohama, 6240 Broadway, 48399	JP
S2_TRAIN_001295	8912 Radius	Suite 865, 5955 Commercial Road, Toronto - 74804	CA
S2_TRAIN_002042	Grandview Real Estate Distractor 277 Corp.	5707 George Street, Toronto, CA	CA
S2_TRAIN_001613	2247 Pioneer	Suite 661, 130 George Street, Fukuoka - 34856	JP
S2_TRAIN_000480	COMPASS POINT MARINE 1515	Singapore, 2696 Queen Street, 36031	SG
