entity_id	business_name	business_address	country
S3_TRAIN_000218	Venture Point Capital 4076 B.V.	Suite 616, 9145 Church St, Rotterdam - 64419	NL
S3_TRAIN_001152	Elevate Digital 5202 SNC	2733 George Street, Marseille	
S3_TRAIN_001928	Maven Data Science Unrelated 471 GmbH & Co. KG	44 Park Avenue, Frankfurt, DE	DE
S3_TRAIN_001792	Helix BioSciences Unrelated 569 Private Limited	3522 Maple Ave, Chennai, IN	IN
S3_TRAIN_001028	Metro Urban Transit 4029	7087 Industrial Boulevard, Vancouver, 91974	CA
S3_TRAIN_000674	7414 Sanctuary	4812 Queen Street, Stuttgart, 95654	DE
S3_TRAIN_001278	Optima Insurance 7064 LLP	9956 King St., Boston, 57899, US	
S3_TRAIN_002029	Threshold Interactive Unrelated 159 Pte. Ltd.	5273 Station Road, Singapore, SG	SG
S3_TRAIN_000563	Lighthouse Hospitality 8336	119 Main St, Leeds, 59811	GB
S3_TRAIN_000986	Sunlight Solar Power 6309	Suite 621, 5953 Brigade Road, Seattle - 63988	US
S3_TRAIN_000750	POLARIS NAVIGATION 4749	5450 Elm St., Toronto, 44214, CA	CA
S3_TRAIN_000890	Navitas Cleann Energy 9819	7441 Friedrichstrasse, Birmingham	GB
S3_TRAIN_002202	Spire Global Solutions Unrelated 201 N.V.	4550 Church St, The Hague, NL	NL
S3_TRAIN_000010	Synthesis Data Labs 745	Suite 447, 3120 George Street, Calgary - 22363	CA
S3_TRAIN_002111	Acme Global Unrelated 915 Pvt. Ltd.	3119 Victoria Road, Hyderabad, IN	IN
S3_TRAIN_001172	3830 Nexus	Suite 633, 3566 Bay Street, Birmingham - 16910	GB
S3_TRAIN_001120	Radiant Energy 1531 LLP	6378 Orchard Rd, Birmingham, 65612, GB	GB
S3_TRAIN_000046	Standard Petrooleum 5995	2696 Oxford Street, Yokohama, 43681	JP
S3_TRAIN_001079	9359 OnPoint	4046 Bay St., San Francisco, 84407, US	US
S3_TRAIN_001744	Windward Nautical Unrelated 963 SNC	5882 Elm Street, Toulouse, FR	FR
S3_TRAIN_001326	Sterling Bank & Trust 5457	Austin, 1426 Brigade Road, 28119	US
S3_TRAIN_001603	Horizon Freight Unrelated 766 Corp.	1296 Friedrichstrasse, Montreal, CA	CA
S3_TRAIN_000962	2589 Wayfarer	1426 Church St, Lyon, 30980, FR	FR
S3_TRAIN_000855	Tandem Software 5528 SARL	7050 Church St, Paris, 20339	FR
S3_TRAIN_001878	Evergreen Forestry Unrelated 959 N.V.	9234 King Street, Utrecht, NL	NL
S3_TRAIN_000398	Wildcat Oil Exploration 9432	Bristol, 6170 Market Street, 65982	GB
S3_TRAIN_001957	Synthesis Data Labs Unrelated 590 SNC	1542 Maple Ave, Lyon, FR	FR
S3_TRAIN_001370	kodiak-tactical-4293	Suite 659, 1125 Rue de Rivoli, Nagoya - 36493	JP
S3_TRAIN_002125	Laguna Marine Unrelated 832 Ltd.	6508 High Street, Singapore, SG	SG
S3_TRAIN_002085	Sanctuary Spa Group Unrelated 205 SNC	3150 Main St, Lyon, FR	FR
S3_TRAIN_000253	6039 Wellspring	1312 Rue de Rivoli, Glasgow, 28623	
S3_TRAIN_001009	Navitas Clean Energy 8041 Ltd	2677 Victoria Rd, Sydney, 51679, AU	AU
S3_TRAIN_001241	Waveform Acoustic 6259 Corporation	6426 Park Avenue, Boston	US
S3_TRAIN_001669	Horizon Freight Unrelated 311 N.V.	3556 Station Road, Rotterdam, NL	NL
S3_TRAIN_002146	Horizon Freight Unrelated 370 Ltd.	2459 Washington Blvd, Manchester, GB	GB
S3_TRAIN_000045	TopTier Athhletics 5773	4107 Maple Ave, Vancouver, 98835, CA	CA
S3_TRAIN_000727	TALON SECURITY 5293	4818 Bay Street, Austin, 76881	US
S3_TRAIN_001288	Emerald City Foods 3245	1817 Broadway, Glasgow, 83710, GB	GB
S3_TRAIN_000136	Guardian Asset Management 4985	5371 MG Road, Amsterdam, 29441	NL
S3_TRAIN_001768	Silverline Transport Unrelated 896 SAS	5122 Commercial Road, Paris, FR	FR
S3_TRAIN_000801	synergy-pharmaceuticals-6039	Bengaluru, 5919 Friedrichstrasse, 53989	IN
S3_TRAIN_000355	Meridian Wealth 9325	Suite 333, 9041 Industrial Boulevard, Fukuoka - 35397	JP
S3_TRAIN_001177	5097 Nexus	1530 Station Road, New Delhi	
S3_TRAIN_000111	modern-precision-6816	2322 Harbor Drive, London, 55656, GB	GB
S3_TRAIN_000084	White Cloud Tech 4481	Sydney, 8900 Elm Street, 59767	AU
S3_TRAIN_000379	Paladin Risk Management 7220	4941 George Street, Manchester	GB
S3_TRAIN_001459	Redwood Software Unrelated 358 AG	4149 Victoria Road, Berlin, DE	DE
S3_TRAIN_001851	Victory Marine Unrelated 354 Limited	4884 Broadway, Leeds, GB	GB
S3_TRAIN_000359	Fusion Power Dynamics 1016 SAS	Suite 575, 7076 Queen Street, Paris - 18623	FR
S3_TRAIN_001057	Ironclad Construction 4914	4172 Rue de Rivoli, Perth, 60957, AU	AU
S3_TRAIN_001644	Eagle Eye Surveillance Unrelated 936 SARL	4444 Main St, Paris, FR	FR
S3_TRAIN_002143	EcoSphere Solutions Unrelated 807 SA	5185 Maple Ave, Paris, FR	FR
S3_TRAIN_000815	Metro Urban Transit 1056 PLC	Glasgow, 1537 Queen Street, 39016	GB
S3_TRAIN_001270	1290 Delta	6100 Commercial Road, Rotterdam, 21482	NL
S3_TRAIN_001807	Ultratech Industrial Unrelated 172 NL	6894 Main St, Perth, AU	AU
S3_TRAIN_001272	SAFEGUARD INSURANCE 1804	5865 Station Road, Hamburg, 75034	DE
S3_TRAIN_001238	Vista Window Systems 3780 N.V.	Amsterdam, 4099 Bay Street, 84596	NL
S3_TRAIN_000565	Pathfinder Robotics 9806	1641 Industrial Boulevard, Osaka, 11958	JP
S3_TRAIN_000480	Silicon ValleyMicro 7272	4914 Broadway, Singapore, 63026, SG	SG
S3_TRAIN_001156	Vertex Engineering 9589 SNC	Toulouse, 1757 Broadway, 52033	FR
S3_TRAIN_000310	Sanctuary Spa Group 6026	9926 Washington Blvd, Sydney, 14562	AU
S3_TRAIN_001830	ProActive Safety Unrelated 172 NL	2746 Harbor Drive, Melbourne, AU	AU
S3_TRAIN_001302	Liberty Title  Agency 8426	Manchester, 3785 Park Avenue, 10158	GB
S3_TRAIN_001282	7670 Zephyr	5889 Industrial Blvd, Paris, 20330, FR	FR
S3_TRAIN_001822	Meridian Wealth Unrelated 453 N.V.	9938 High Street, Utrecht, NL	NL
S3_TRAIN_000082	prism-optical-8222	1021 Harbor Drive, The Hague, 28098	NL
S3_TRAIN_000660	Halo Interactiive 9929	San Francisco, 2227 Bay Street, 10075	US
S3_TRAIN_000939	Cedar Point Energy 1941	8649 Queen Street, Singapore	SG
S3_TRAIN_001087	Maen Data Science 8530	6397 George St., Nagoya, 89234, JP	JP
S3_TRAIN_001507	Eagle Eye Surveillance Unrelated 195 Limited	717 MG Road, Birmingham, GB	GB
S3_TRAIN_001876	Western Digital Systems Unrelated 175 UG	7238 Oxford Street, Berlin, DE	DE
S3_TRAIN_000130	2249 West	5681 Rue de Rivoli, Austin	US
S3_TRAIN_000422	Laguna Marin 4782	2179 Oxford Street, Austin, 45446	US
S3_TRAIN_001464	Optima Insurance Unrelated 101 Ltd.	481 Industrial Boulevard, Singapore, SG	SG
S3_TRAIN_002089	Heritage Distilling Unrelated 436 G.K.	8981 Harbor Drive, Yokohama, JP	JP
S3_TRAIN_001668	Viking Freight Unrelated 751 AG	8617 Commercial Road, Stuttgart, DE	DE
S3_TRAIN_001990	SoundWave Media Unrelated 356 B.V.	2829 MG Road, Utrecht, NL	NL
S3_TRAIN_001927	Visionary Healthcare Unrelated 135 Inc.	6361 High Street, Toronto, CA	CA
S3_TRAIN_001207	Renaissance Arts 6540 N.V.	9496 High Street, Utrecht	NL
S3_TRAIN_000880	Radius Geospatial 9406	The Hague, 354 Rue de Rivoli, 83719	NL
S3_TRAIN_000344	Pulse Digital Marketing 2131	1280 Friedrichstrasse, Lyon	FR
S3_TRAIN_000059	Universsal Aerospace 2420	Toronto, 4194 Market Street, 35856	CA
S3_TRAIN_001271	9608 Dynamo	5657 Brigade Rd, Edinburgh, 12794, GB	GB
S3_TRAIN_000736	Pacific Rim Trading 3514	8594 Harbor Drive, Singapore, 22763, SG	SG
S3_TRAIN_000472	TrueNorth Consulting 8928 SA	4347 Industrial Boulevard, Bordeaux, 99006	FR
S3_TRAIN_000144	Vista Window Systems 3696 Private Limited	548 Park Avenue, Hyderabad, 48654	IN
S3_TRAIN_001871	Skyline Real Estate Unrelated 386 AG	8051 MG Road, Berlin, DE	DE
S3_TRAIN_000092	STANDARD PETROLEUM 2179	Suite 488, 8803 Industrial Boulevard, Berlin - 61518	DE
S3_TRAIN_002114	Standard Petroleum Unrelated 615 Incorporated	2817 Washington Blvd, Seattle, US	US
S3_TRAIN_000139	Cedar Point Energy 6271 Private Limited	Singapore, 3518 Commercial Road, 34530	SG
S3_TRAIN_001290	New Horizon Health 77763	7500 Market Street, Kolkata, 53007	IN
S3_TRAIN_002022	Sanctuary Spa Group Unrelated 157 Private Limited	8622 King Street, Singapore, SG	SG
S3_TRAIN_001340	Oakwood Furnishings 3770	9749 Station Road, The Hague	NL
S3_TRAIN_001426	Volt Eletrical Services 9123	Suite 369, 6670 Oxford Street, Seattle - 15570	US
S3_TRAIN_001686	Spectrum Communications Unrelated 422 SAS	1410 Maple Ave, Marseille, FR	FR
S3_TRAIN_000622	New Horizon Health 8372	5270 Market Street, Leeds, 20657	GB
S3_TRAIN_001986	Sierra Nevada Brewing Unrelated 108 GmbH & Co. KG	592 Maple Ave, Munich, DE	DE
S3_TRAIN_000599	Voyager Travel Grooup 1105	6077 Maple Ave, Calgary, 67423, CA	CA
S3_TRAIN_000895	TAYLOR & ASSOCIATES 9423	Suite 339, 606 Victoria Road, Amsterdam - 24701	NL
S3_TRAIN_000161	Olympus Chemical 6705 B.V.	5184 Market St., The Hague, 33639, NL	NL
S3_TRAIN_001583	Turbine Power Systems Unrelated 880 Ltd.	2793 Industrial Boulevard, Bristol, GB	GB
S3_TRAIN_000498	TopTier Athletics 3465 AG	Suite 688, 8327 Victoria Road, Stuttgart - 86216	DE
S3_TRAIN_000546	Unite Parcel Express 1214	4260 Brigade Road, Toulouse	FR
S3_TRAIN_000980	Quantum Computing Labs 5493 Ltée	Ottawa, 9382 Bay Street, 43492	CA
S3_TRAIN_000030	Optima Insurance 7435	Brisbane, 3778 Oxford Street, 25814	AU
S3_TRAIN_001474	Legacy Manufacturing Unrelated 610 Ltd.	8275 Main St, Singapore, SG	SG
S3_TRAIN_000910	Prosper Wealth Advisors 3417 Pte. Ltd.	Suite 688, 1679 Orchard Road, Singapore - 44510	SG
S3_TRAIN_002200	Synthesis Data Labs Unrelated 776 B.V.	6302 Station Road, Amsterdam, NL	NL
S3_TRAIN_000810	Zephyr Clean Energy 7034 SARL	8978 Elm Street, Lyon	FR
S3_TRAIN_000152	1463 Titan	Suite 899, 6672 MG Road, Calgary - 73499	CA
S3_TRAIN_000324	Supreme Logistics 2119 Limited	4636 Washington Blvd, Toronto, 52358, CA	CA
S3_TRAIN_002175	Sierra Nevada Brewing Unrelated 240 AG	8505 Victoria Road, Berlin, DE	DE
S3_TRAIN_000367	5903 Delta	3222 Station Road, Chicago, 98487	US
S3_TRAIN_001867	Prism Optical Unrelated 182 Limited	211 Orchard Road, Glasgow, GB	GB
S3_TRAIN_001236	Acme Global 8326 SARL	Toulouse, 7680 Queen Street, 73295	FR
S3_TRAIN_001385	Windward Nauticl 7292	Calgary, 3798 Orchard Road, 80133	CA
S3_TRAIN_001218	OnPoint Diagnostic 6698	5971 Orchard Rd, Lyon, 15580, FR	FR
S3_TRAIN_000669	New Horizon Health 933 LLP	2524 George Street, Singapore, 64293	SG
S3_TRAIN_001625	Fusion Power Dynamics Unrelated 908 Inc.	8734 Church St, Ottawa, CA	CA
S3_TRAIN_000762	XCEL PRECISION TOOLS 6760	Osaka, 7362 Broadway, 62250	JP
S3_TRAIN_001515	Nova Medical Devices Unrelated 927 Private Limited	3212 Queen Street, Singapore, SG	SG
S3_TRAIN_000334	5534 CrossRoads	Singapore, 3715 Maple Ave, 25818	SG
S3_TRAIN_000819	Polaris Navigation 7276 ULC	Vancouver, 107 Maple Ave, 46908	CA
S3_TRAIN_000063	Modern Precision 1658 Kabushiki Kaisha	8627 Harbor Drive, Yokohama, 14947, JP	JP
S3_TRAIN_001953	Guardian Asset Management Unrelated 724 K.K.	188 Maple Ave, Osaka, JP	JP
S3_TRAIN_001999	Prism Optical Unrelated 818 Pte. Ltd.	2247 George Street, Singapore, SG	SG
S3_TRAIN_000914	Luminary Lighting 2734	Suite 107, 2792 Park Avenue, Seattle - 40493	US
S3_TRAIN_001737	Prosper Wealth Advisors Unrelated 702 Limited	123 Market Street, Birmingham, GB	GB
S3_TRAIN_000782	Heritage Distilling 4603 Co. Ltd.	Suite 505, 8248 Commercial Road, London - 42925	GB
S3_TRAIN_001509	Solaria Energy Systems Unrelated 273 Co. Ltd.	3462 Church St, Glasgow, GB	GB
S3_TRAIN_000951	Safeguard Insurance 4044 K.K.	Suite 883, 1822 Station Road, Nagoya - 27932	JP
S3_TRAIN_001460	Timberline Lumber Unrelated 762 LLP	8589 King Street, Seattle, US	US
S3_TRAIN_000097	NIMBLE SUPPLY CHAIN 4638	Singapore, 5887 Church St, 50425	SG
S3_TRAIN_001879	Luminary Lighting Unrelated 694 Ltd	5241 King Street, Melbourne, AU	AU
S3_TRAIN_000368	Titan  Heavy Machinery 2259	4907 Main St, Nagoya	JP
S3_TRAIN_000873	Pioneer Drilling 6582	5093 Harbor Drive, Perth, 25565	AU
S3_TRAIN_001025	voyager-travel-group-7836	4348 Church St, Paris, 42028, FR	FR
S3_TRAIN_001971	Riverstone Capital Unrelated 956 Kabushiki Kaisha	1097 King Street, Osaka, JP	JP
S3_TRAIN_001689	Legacy Manufacturing Unrelated 549 Kabushiki Kaisha	45 Oxford Street, Tokyo, JP	JP
S3_TRAIN_000512	CrossRoads Transport 807 Kabushiki Kaisha	8774 Commercial Road, Osaka	JP
S3_TRAIN_000652	OnPoint Diagnostics 5020 ULC	6743 Orchard Road, Montreal, 46506	CA
S3_TRAIN_000465	216 Ivy	Suite 420, 3079 Bay Street, Calgary - 73916	CA
S3_TRAIN_002154	Cedar Point Energy Unrelated 496 Ltd.	1858 Washington Blvd, Manchester, GB	GB
S3_TRAIN_000158	monarch-aerospace-3087	931 Brigade Rd, Chennai, 88647, IN	IN
S3_TRAIN_002187	Ironclad Construction Unrelated 557 Co. Ltd.	3800 Broadway, Birmingham, GB	GB
S3_TRAIN_001281	Genesis Industrial 6144	390 Station Road, Brisbane, 96269	AU
S3_TRAIN_000377	Pathfinder Robotics 3306	3277 Brigade Rd, Montreal, 21978, CA	CA
S3_TRAIN_002062	Threshold Interactive Unrelated 177 NL	7388 Elm Street, Brisbane, AU	AU
S3_TRAIN_000333	Moder Precision 6396	2655 Rue de Rivoli, Singapore, 91506, SG	SG
S3_TRAIN_000845	sterling-bank-&-trust-3642	Suite 305, 2997 Washington Blvd, Yokohama - 21749	JP
S3_TRAIN_001189	Latitude Geospatial 3812 Ltd.	Suite 325, 2467 Park Avenue, Glasgow - 35713	GB
S3_TRAIN_001197	Silicon Valley Micro 7879	Suite 197, 8803 Park Avenue, Montreal - 99385	CA
S3_TRAIN_001455	Silverline Transport Unrelated 665 K.K.	573 George Street, Yokohama, JP	JP
S3_TRAIN_000510	Linear  Motion Control 5204	Singapore, 6967 Friedrichstrasse, 62255	SG
S3_TRAIN_000732	renaissance-arts-8941	7232 High St., Fukuoka, 22014, JP	JP
S3_TRAIN_001636	Voyager Travel Group Unrelated 115 Ltd	9044 Main St, Sydney, AU	AU
S3_TRAIN_000070	Redwood Software 5760	5777 Harbor Drive, Paris, 90589, FR	FR
S3_TRAIN_001026	Enclave Networks 41119	3095 George Street, San Francisco, 39878	
S3_TRAIN_001974	Fleetwood Engineering Unrelated 305 LLP	8098 King Street, Leeds, GB	GB
S3_TRAIN_002204	Saturn Heavy Industries Unrelated 916 Proprietary Limited	795 Elm Street, Sydney, AU	AU
S3_TRAIN_001450	Spectra Chemical  1554	5539 George St., Bristol, 85941, GB	GB
S3_TRAIN_000869	1591 Oceanic	1753 Harbor Drive, Vancouver, 39233, CA	CA
S3_TRAIN_001818	Clearwater Analytics Unrelated 477 N.V.	8774 Maple Ave, Rotterdam, NL	NL
S3_TRAIN_001148	Hlix BioSciences 9888	7659 High St., Ottawa, 68567, CA	CA
S3_TRAIN_001051	Iconic Architecture 5544	7977 Main St, Hamburg, 67967, DE	DE
S3_TRAIN_000776	Summit Mountain Gear 8373 PLC	360 Station Road, Leeds	GB
S3_TRAIN_001131	4648 Evergreen	9342 Rue de Rivoli, The Hague, 21965	NL
S3_TRAIN_001599	Lantern Publishing Unrelated 952 Inc.	306 Commercial Road, Toronto, CA	CA
S3_TRAIN_001945	Equinox Venture Partners Unrelated 160 N.V.	4734 Rue de Rivoli, Amsterdam, NL	NL
S3_TRAIN_001310	OnPoinnt Diagnostics 2447	2192 Rue de Rivoli, Bengaluru	IN
S3_TRAIN_001001	4074 Pacific	4363 Church St, Austin	US
S3_TRAIN_001665	Ivy League Education Unrelated 714 Corp.	7796 King Street, Calgary, CA	CA
S3_TRAIN_002149	Visionary Healthcare Unrelated 739 N.V.	2675 Victoria Road, The Hague, NL	NL
S3_TRAIN_001877	Wildcat Oil Exploration Unrelated 186 LLP	5676 Friedrichstrasse, Singapore, SG	SG
S3_TRAIN_000095	WorldBridge Express 9439 AG	Stuttgart, 5254 Maple Ave, 41051	DE
S3_TRAIN_000907	Patthfinder Robotics 3923	3047 Elm Street, The Hague, 56801	NL
S3_TRAIN_001577	Paladin Risk Management Unrelated 559 GmbH & Co. KG	8238 Orchard Road, Munich, DE	DE
S3_TRAIN_001126	Sigma BioPharma 4793 Enterprises	7877 Market Street, New Delhi	IN
S3_TRAIN_001696	Cedar Point Energy Unrelated 854 SAS	408 George Street, Paris, FR	FR
S3_TRAIN_002141	Radiant Energy Unrelated 270 Pvt. Ltd.	9291 Bay Street, Kolkata, IN	IN
S3_TRAIN_000305	Sierra Nevada Brewing 1235 G.K.	Suite 314, 4345 Queen Street, Osaka - 16230	JP
S3_TRAIN_001715	Starfire Gaming Unrelated 304 K.K.	3958 Victoria Road, Fukuoka, JP	JP
S3_TRAIN_000397	5707 Sanctuary	8649 Park Avenue, Singapore, 47098	
S3_TRAIN_001261	Viking Freight 5441	1782 Brigade Road, Hyderabad, 24896	IN
S3_TRAIN_001592	Riverstone Capital Unrelated 291 N.V.	7489 Brigade Road, Amsterdam, NL	NL
S3_TRAIN_000228	Lighthoue Hospitality 6344	Suite 536, 2486 Brigade Road, Seattle - 54798	US
S3_TRAIN_001105	Orbit Satellite Services 9598	6203 Market St., Bengaluru, 93330, IN	IN
S3_TRAIN_000274	LEGACY MANUFACTURING 4061	3644 Elm Street, Hamburg, 87564	DE
S3_TRAIN_001512	Cedar Point Energy Unrelated 363 SARL	8109 MG Road, Bordeaux, FR	FR
S3_TRAIN_001579	Nimble Supply Chain Unrelated 390 Private Limited	2023 Main St, Singapore, SG	SG
S3_TRAIN_001449	Linear Motion Control 2971	London, 3851 Bay Street, 71300	GB
S3_TRAIN_001307	Orbit Satellite Services 9456 Co. Ltd.	260 Market Street, Bristol	GB
S3_TRAIN_001393	worldbridge-express-4948	Suite 673, 8458 Harbor Drive, Lyon - 81646	FR
S3_TRAIN_001265	renaissance-arts-8246	5323 Harbor Drive, Lyon, 51693, FR	FR
S3_TRAIN_001287	Treasure Coast Marine 2052	9819 King Street, Hamburg	
S3_TRAIN_001759	Titan Heavy Machinery Unrelated 360 LLP	5902 King Street, Chicago, US	US
S3_TRAIN_001766	Titan Heavy Machinery Unrelated 118 Limited	7962 King Street, Toronto, CA	CA
S3_TRAIN_001115	Grandview Real Estate 444	4398 Orchard Road, Seattle	US
S3_TRAIN_001946	Safeguard Insurance Unrelated 227 SAS	485 Victoria Road, Marseille, FR	FR
S3_TRAIN_000404	Pulse Digital Marketinng 2347	Osaka, 4414 Park Avenue, 92984	JP
S3_TRAIN_001832	SoundWave Media Unrelated 283 Private Limited	3581 Maple Ave, Singapore, SG	SG
S3_TRAIN_001904	Centurion Security Unrelated 466 K.K.	212 Industrial Boulevard, Yokohama, JP	JP
S3_TRAIN_000264	CyberShield Defense 8850	7899 Bay Street, Toronto	
S3_TRAIN_000491	Prism Optical 7967 Proprietary Limited	2247 MG Rd, Sydney, 78287, AU	AU
S3_TRAIN_001785	Supreme Logistics Unrelated 546 K.K.	1468 Bay Street, Yokohama, JP	JP
S3_TRAIN_001235	Meridian Wealth 8138 Limited	Suite 498, 2205 Bay Street, Birmingham - 31733	
S3_TRAIN_000183	heritage-distilling-4128	Tokyo, 3730 Elm Street, 43901	JP
S3_TRAIN_002130	First Horizon Banking Unrelated 397 Corporation	3211 Brigade Road, Dallas, US	US
S3_TRAIN_002001	Magnolia Hospitality Unrelated 736 G.K.	5260 Oxford Street, Yokohama, JP	JP
S3_TRAIN_001107	Venture Point Capital 9073 Inc.	Calgary, 5612 George Street, 84727	CA
S3_TRAIN_001112	Serenity Living 7561 K.K.	5651 Queen Street, Tokyo, 74585	JP
S3_TRAIN_000878	GreenLeaf Organics 8288	Suite 714, 9975 Brigade Road, Mumbai - 29969	IN
S3_TRAIN_000303	oceanic-seafoods-2782	Suite 122, 7552 High Street, Boston - 96214	US
S3_TRAIN_000957	NORTHSTAR FINANCIAL 9768	Suite 447, 145 Oxford Street, Toulouse - 51192	FR
S3_TRAIN_001215	Helix BioSciences 4601	Suite 681, 4601 Orchard Road, Mumbai - 80968	IN
S3_TRAIN_001606	Venture Point Capital Unrelated 691 N.V.	7473 MG Road, The Hague, NL	NL
S3_TRAIN_000761	Overland Expess 6645	Suite 276, 7397 Washington Blvd, Bordeaux - 58308	FR
S3_TRAIN_000177	Meridian Wealth 9120 Proprietary Limited	9569 Industrial Boulevard, Melbourne, 43425	AU
S3_TRAIN_000899	Nova Medical Devices 9513	5386 Oxford Street, Nagoya, 22960	JP
S3_TRAIN_001549	Taylor & Associates Unrelated 316 LLP	458 Washington Blvd, Singapore, SG	SG
S3_TRAIN_001104	TriState Utilites 981	Mumbai, 1135 Brigade Road, 98496	IN
S3_TRAIN_000556	zion-natural-foods-1213	Suite 776, 2465 Market Street, Hamburg - 87307	DE
S3_TRAIN_002086	Prime Auto Group Unrelated 672 NL	8453 MG Road, Adelaide, AU	AU
S3_TRAIN_002005	Nimble Supply Chain Unrelated 294 Enterprises	3705 Market Street, Kolkata, IN	IN
S3_TRAIN_000952	Silicon Valley Micro 1614 GmbH & Co. KG	Frankfurt, 2536 Oxford Street, 59332	DE
S3_TRAIN_001279	TrueNorth Consulting 7191	267 Market Street, Ottawa	CA
S3_TRAIN_001206	Precision Machining 262	9051 Queen Street, Singapore	SG
S3_TRAIN_000283	EcoSphere Solutions 8822	6463 Orchard Road, Paris, 35486	FR
S3_TRAIN_001123	Skyline Ral Estate 5587	Vancouver, 2929 Friedrichstrasse, 72782	CA
S3_TRAIN_000157	TopTier Athletics 4632	Sydney, 1046 Rue de Rivoli, 54077	AU
S3_TRAIN_000116	Helix BioSciences 9092	Suite 606, 2299 Queen Street, Hyderabad - 34523	IN
S3_TRAIN_000222	Cinnabar Creative 9442	5479 High Street, Singapore	SG
S3_TRAIN_000390	Resolute Miing 6584	2014 Maple Ave, Bengaluru	
S3_TRAIN_000300	Quest Diagnostics Global 2204	Suite 486, 1793 Rue de Rivoli, Perth - 84560	AU
S3_TRAIN_000573	Crestview Holdings 6724 Pvt Ltd	2626 Rue de Rivoli, Mumbai, 41780, IN	IN
S3_TRAIN_001167	Riverstone Capital 6006 GmbH	6790 Industrial Blvd, Hamburg, 23547, DE	DE
S3_TRAIN_001266	Vibrant Media Group 9666	5682 Victoria Rd, Kolkata, 32874, IN	IN
S3_TRAIN_001354	Cedar Point Energy 2708	Yokohama, 5548 Industrial Boulevard, 28285	JP
S3_TRAIN_000971	CrossRoads Transport 5798 ULC	Montreal, 163 Commercial Road, 51654	CA
S3_TRAIN_001314	Luminary Lightin 9508	8956 Main St, Paris, 47669, FR	FR
S3_TRAIN_001461	Catalyst Innovation Unrelated 342 SAS	7898 Oxford Street, Marseille, FR	FR
S3_TRAIN_002132	Apex Logistics Unrelated 747 Ltd.	4677 Queen Street, Pune, IN	IN
S3_TRAIN_000351	Acme Global 986 SAS	4111 Maple Ave, Marseille	FR
S3_TRAIN_000431	Genesis Industrial 4029	Suite 531, 8145 Church St, Singapore - 80614	SG
S3_TRAIN_000703	Golden Gate Trading 7248	8958 Harbor Drive, Leeds	
S3_TRAIN_000440	Paramount Construction 1368	Suite 974, 700 Oxford Street, Singapore - 91345	
S3_TRAIN_000079	NORTHSTAR FINANCIAL 5219	Suite 117, 4903 Maple Ave, Hyderabad - 87820	IN
S3_TRAIN_001835	Sterling Bank & Trust Unrelated 653 LLC	515 King Street, Austin, US	US
S3_TRAIN_001097	WILDCAT OIL EXPLORATION 6529	6518 Washington Blvd, Rotterdam	NL
S3_TRAIN_001002	Optima Insurance 339	Suite 232, 8484 Brigade Road, Toulouse - 58423	FR
S3_TRAIN_001413	Kodiak Tactical  8841	5335 High Street, Bordeaux, 27140	FR
S3_TRAIN_000915	1087 Meridian	8106 Victoria Road, New York, 87537	US
S3_TRAIN_000590	Heritage Distilling  8313	498 Friedrichstrasse, Kolkata, 91537	IN
S3_TRAIN_001487	Seaside Seafood Co Unrelated 714 SARL	4439 Elm Street, Lyon, FR	FR
S3_TRAIN_000028	prairie-wind-renewables-3250	Suite 449, 3979 Victoria Road, Glasgow - 23356	
S3_TRAIN_001437	Radius Geospatial 6500	Toulouse, 6208 Bay Street, 15801	FR
S3_TRAIN_000019	Luminary Lighting 627	Suite 360, 5664 George Street, Glasgow - 51114	
S3_TRAIN_001752	Sierra Nevada Brewing Unrelated 512 SAS	7182 Main St, Bordeaux, FR	FR
S3_TRAIN_001129	2481 West	Singapore, 8257 Main St, 14285	SG
S3_TRAIN_001852	Pinnacle Pharmaceuticals Unrelated 374 AG	7993 Station Road, Hamburg, DE	DE
S3_TRAIN_001254	Threshold Interactive 2516 Ltée	7954 Bay St., Vancouver, 19892, CA	CA
S3_TRAIN_001720	Velocity Motors Unrelated 936 SAS	5126 Maple Ave, Paris, FR	FR
S3_TRAIN_001573	Hyperion Solar Unrelated 726 Pty Ltd	6668 MG Road, Melbourne, AU	AU
S3_TRAIN_001795	Galaxy Softworks Unrelated 827 ULC	9059 Park Avenue, Ottawa, CA	CA
S3_TRAIN_001972	Universal Aerospace Unrelated 831 N.V.	7530 George Street, Amsterdam, NL	NL
S3_TRAIN_000912	WHITE CLOUD TECHNOLOGIES 576	Suite 949, 9678 MG Road, Montreal - 76044	CA
S3_TRAIN_002157	West Coast Distribution Unrelated 994 SA	1231 Market Street, Bordeaux, FR	FR
S3_TRAIN_001042	Vertex Engineering 7534 SA	7157 Church St, Marseille, 70329, FR	FR
S3_TRAIN_001486	Voyager Travel Group Unrelated 133 N.V.	4872 High Street, Rotterdam, NL	NL
S3_TRAIN_001874	WorldBridge Express Unrelated 355 Incorporated	7452 Bay Street, Boston, US	US
S3_TRAIN_002096	Ivy League Education Unrelated 675 Limited	2296 Queen Street, Calgary, CA	CA
S3_TRAIN_001550	Wellspring Health Unrelated 834 Ltd	9355 Market Street, Brisbane, AU	AU
S3_TRAIN_001133	TerraFirma Landscaping 2728	43 Queen St., Lyon, 15163, FR	FR
S3_TRAIN_000437	Jade Palace Dining 2308	Chennai, 9974 Orchard Road, 95379	IN
S3_TRAIN_001827	Sunrise Bakery Unrelated 731 LLP	3672 High Street, Austin, US	US
S3_TRAIN_001881	OmniSource Global Unrelated 837 Private Limited	2321 Orchard Road, Singapore, SG	SG
S3_TRAIN_001855	Prosper Wealth Advisors Unrelated 524 K.K.	9268 Queen Street, Yokohama, JP	JP
S3_TRAIN_002094	Centurion Security Unrelated 756 K.K.	7825 Market Street, Yokohama, JP	JP
S3_TRAIN_000764	Sunrise Bakery 729	8653 Church St, New Delhi, 98652, IN	
S3_TRAIN_000528	Acme Gloal 5099	1929 Commercial Road, Adelaide, 54754	AU
S3_TRAIN_000680	TopTier Athletics 9370 Corp.	Montreal, 3652 Elm Street, 68886	CA
S3_TRAIN_001814	Gateway Telecom Unrelated 363 LLP	3651 Washington Blvd, Singapore, SG	SG
S3_TRAIN_002112	Pinnacle Pharmaceuticals Unrelated 188 Kabushiki Kaisha	2498 Market Street, Osaka, JP	JP
S3_TRAIN_001019	Pacific Rim Trading 2217	2590 Station Rd, Seattle, 36218, US	US
S3_TRAIN_001678	White Cloud Technologies Unrelated 575 GmbH & Co. KG	7299 Friedrichstrasse, Berlin, DE	DE
S3_TRAIN_000965	Helix BioSciences 2571	3380 Brigade Rd, Munich, 32716, DE	DE
S3_TRAIN_000809	SKYLINE REAL ESTATE 2315	8822 Queen St., Lyon, 20832, FR	FR
S3_TRAIN_000475	Eagle Eye Surveillance 4765 Ltée	5811 Rue de Rivoli, Toronto, 42601	CA
S3_TRAIN_001011	Infinity Robotics 4191 Co.	5801 Church St, San Francisco, 76700	US
S3_TRAIN_001331	Peak Performance Fitness 2988 Co. Ltd.	3173 Washington Blvd, Glasgow, 99897, GB	GB
S3_TRAIN_000238	Sunriise Bakery 8133	2948 Rue de Rivoli, Fukuoka	JP
S3_TRAIN_000376	184 Vibrant	5867 Friedrichstrasse, Melbourne, 33322	AU
S3_TRAIN_000513	Volt Electrical Services 4052	2026 Harbor Drive, Seattle, 59526	
S3_TRAIN_000852	4616 OnPoint	Singapore, 4892 Brigade Road, 53307	SG
S3_TRAIN_001554	Summit Mountain Gear Unrelated 168 SARL	2228 High Street, Paris, FR	FR
S3_TRAIN_001541	Zion Natural Foods Unrelated 641 GmbH	9397 Harbor Drive, Frankfurt, DE	DE
S3_TRAIN_001451	Insightful Analytics 6762	Suite 720, 2561 Maple Ave, Perth - 19776	
S3_TRAIN_000311	Vista Window Systems 2000 Kabushiki Kaisha	Osaka, 6365 Friedrichstrasse, 11031	JP
S3_TRAIN_001661	Crestview Holdings Unrelated 764 Corp.	9790 Queen Street, Ottawa, CA	CA
S3_TRAIN_001887	Prime Auto Group Unrelated 600 SA	6408 Station Road, Paris, FR	FR
S3_TRAIN_000902	Pulse Digital Marketing 6930 N.V.	6123 Brigade Rd, Rotterdam, 21721, NL	NL
S3_TRAIN_001345	TransNational Logistics 9076 AG	2719 Brigade Rd, Stuttgart, 20010, DE	DE
S3_TRAIN_002184	Horizon Freight Unrelated 333 Ltd.	4085 Church St, Bengaluru, IN	IN
S3_TRAIN_000637	Paladin RiskManagement 7476	6116 Industrial Boulevard, Bordeaux	FR
S3_TRAIN_001688	Compass Point Marine Unrelated 174 Private Limited	1795 Elm Street, New Delhi, IN	IN
S3_TRAIN_000941	First Horizon Banking 3944 LLP	8133 Victoria Road, Edinburgh, 22963	GB
S3_TRAIN_001761	Talon Security Unrelated 858 Limited	9595 Rue de Rivoli, Montreal, CA	CA
S3_TRAIN_002003	Polaris Navigation Unrelated 462 SAS	3459 Washington Blvd, Bordeaux, FR	FR
S3_TRAIN_001125	APEX LOGISTICS 8769	131 Market Street, The Hague, 93743	NL
S3_TRAIN_001174	prosper-wealth-advisors-6562	3379 Park Ave, Tokyo, 38284, JP	JP
S3_TRAIN_000894	Vistta Window Systems 7838	6251 Oxford Street, Montreal	CA
S3_TRAIN_001170	Nimble Supply Chain 5604 PLC	1143 Oxford Street, Leeds, 88669	GB
S3_TRAIN_001380	Falcon Heavy Transport 4414 NL	7200 Commercial Rd, Sydney, 33365, AU	AU
S3_TRAIN_000586	Spire Global Solutions 44992	Suite 893, 8323 Elm Street, Munich - 63364	DE
S3_TRAIN_000967	TriState Utilities 3173 Ltée	Vancouver, 4826 Industrial Boulevard, 42281	
S3_TRAIN_000268	Integrity Consulting 6984 GmbH	Suite 443, 1980 Station Road, Hamburg - 99664	
S3_TRAIN_000834	6397 Windward	5421 Rue de Rivoli, Utrecht	NL
S3_TRAIN_000517	8114 Pulse	7983 Orchard Road, Pune, 28332	IN
S3_TRAIN_000162	Pacific Rim Trading 613 Ltd.	Suite 256, 797 Church St, Singapore - 87846	SG
S3_TRAIN_001731	Magnolia Hospitality Unrelated 283 SAS	5665 Market Street, Paris, FR	FR
S3_TRAIN_001656	Radiant Energy Unrelated 108 Ltd.	8952 Bay Street, Singapore, SG	SG
S3_TRAIN_000202	Victory Marine 5604 Limited	Suite 304, 7808 Industrial Boulevard, Glasgow - 51139	GB
S3_TRAIN_001292	Eagle Eye Surveillance 439	5445 Bay St., Yokohama, 48708, JP	JP
S3_TRAIN_001710	Quest Diagnostics Global Unrelated 903 NL	7848 High Street, Sydney, AU	AU
S3_TRAIN_000737	Evergreen Forestry 4645 Co. Ltd.	Suite 674, 2906 Commercial Road, London - 69851	
S3_TRAIN_000006	falcon-heavy-transport-2505	Suite 111, 6917 King Street, Kolkata - 88172	IN
S3_TRAIN_000633	Meridian Wealth 6841	1968 High Street, Seattle, 49590	US
S3_TRAIN_000410	Zephyr Clean Energy 4684 Kabushiki Kaisha	Fukuoka, 6947 Main St, 98740	JP
S3_TRAIN_001344	Latitude Geospatial 5200	Hyderabad, 9686 Harbor Drive, 24323	IN
S3_TRAIN_001031	Skyline Real Estate 8212 G.K.	Suite 968, 3360 Market Street, Osaka - 69015	JP
S3_TRAIN_000109	integrity-consulting-9704	Osaka, 9013 King Street, 13527	JP
S3_TRAIN_001704	Saturn Heavy Industries Unrelated 172 UG	6224 Broadway, Frankfurt, DE	DE
S3_TRAIN_001630	Timberline Lumber Unrelated 295 Limited	1330 Industrial Boulevard, Ottawa, CA	CA
S3_TRAIN_000665	Infinity Robotics 6855	2485 George St., Rotterdam, 65956, NL	NL
S3_TRAIN_000482	spectra-chemical-3151	1577 Main St, Glasgow, 36678, GB	GB
S3_TRAIN_001157	Heritage Distilling 97 Private Limited	Kolkata, 6182 Washington Blvd, 78254	IN
S3_TRAIN_002075	Jupiter Aerospace Unrelated 694 Kabushiki Kaisha	6749 George Street, Osaka, JP	JP
S3_TRAIN_001367	Iconic Architecture 5938 Limited	1501 Harbor Drive, Vancouver	CA
S3_TRAIN_001219	Ace Global 7305	7873 Main St, Yokohama	
S3_TRAIN_001545	Centurion Security Unrelated 755 Pvt. Ltd.	4417 Friedrichstrasse, Bengaluru, IN	IN
S3_TRAIN_002052	Golden Gate Trading Unrelated 660 Enterprises	3860 Brigade Road, Chennai, IN	IN
S3_TRAIN_000034	Wayfarer Outdoors 7439 PLC	4335 Brigade Road, Bristol, 91927	
S3_TRAIN_001100	Spectrum Communications 5871	739 Market Street, Austin	US
S3_TRAIN_001404	Jupiter Aerosspace 9884	7680 Maple Ave, Bordeaux, 98727	FR
S3_TRAIN_000093	Legacy Manufacturing 7547 GmbH	Suite 557, 3089 Oxford Street, Munich - 24790	DE
S3_TRAIN_002079	Sierra Nevada Brewing Unrelated 223 PLC	3331 Friedrichstrasse, Leeds, GB	GB
S3_TRAIN_000837	Paramount Construction 9433 Pte. Ltd.	7319 Queen Street, Singapore	SG
S3_TRAIN_001991	Universal Aerospace Unrelated 120 LLP	2614 Rue de Rivoli, Glasgow, GB	GB
S3_TRAIN_000242	613 Paramount	8291 Friedrichstrasse, Toronto, 13268	CA
S3_TRAIN_000720	Jade Palace Dining  5071	9941 Orchard Road, Osaka, 38887	JP
S3_TRAIN_001232	Harbor Light Logistics 1238	Melbourne, 2607 Station Road, 59494	AU
S3_TRAIN_001961	Fleetwood Engineering Unrelated 132 NL	9109 Station Road, Adelaide, AU	AU
S3_TRAIN_001943	Prism Optical Unrelated 771 Inc.	8444 Elm Street, Vancouver, CA	CA
S3_TRAIN_001150	envision-healthcare-1830	Suite 370, 5777 King Street, Mumbai - 85511	IN
S3_TRAIN_001670	SoundWave Media Unrelated 321 B.V.	1308 Harbor Drive, The Hague, NL	NL
S3_TRAIN_001021	BrightPath Financial 9193	9753 Church St, Bristol, 61024	GB
S3_TRAIN_000041	Global Trade Alliance 6718	Bengaluru, 4343 Rue de Rivoli, 54375	IN
S3_TRAIN_002034	Sierra Nevada Brewing Unrelated 554 Corp.	6358 Harbor Drive, Montreal, CA	CA
S3_TRAIN_001861	WorldBridge Express Unrelated 180 Private Limited	71 Market Street, Singapore, SG	SG
S3_TRAIN_001780	Catalyst Innovation Unrelated 766 SA	661 Oxford Street, Toulouse, FR	FR
S3_TRAIN_002032	Trident Subsea Works Unrelated 404 Kabushiki Kaisha	1884 High Street, Osaka, JP	JP
S3_TRAIN_001760	Vertex Engineering Unrelated 406 Proprietary Limited	3856 Church St, Sydney, AU	AU
S3_TRAIN_000519	Keystone Civil Works 55652	4657 Oxford St., Chicago, 65858, US	US
S3_TRAIN_000393	NorthStar Financial 284	4221 Harbor Drive, Melbourne	AU
S3_TRAIN_000557	Spectra Chemical 4775 Corporation	5144 Park Avenue, Austin	US
S3_TRAIN_000495	Summit Muntain Gear 3570	1304 Elm St., Singapore, 46234, SG	SG
S3_TRAIN_001353	1027 Iconic	1254 Washington Blvd, Manchester, 37486	GB
S3_TRAIN_000629	TrueNorth Consulting 4611	8371 Commercial Road, Adelaide	AU
S3_TRAIN_000451	Hyperion Solar 3928	8773 MG Road, Montreal, 42145	CA
S3_TRAIN_000461	Paramount Construction 1684	171 High Street, Chicago, 28184	US
S3_TRAIN_000685	Trident Subsea Works 1416 LLP	Manchester, 5605 Market Street, 31016	GB
S3_TRAIN_000876	Starlight Entertainment 32 UG	Stuttgart, 2652 Victoria Road, 64778	DE
S3_TRAIN_000641	Threshold Interactie 4919	Suite 132, 3416 Commercial Road, Hamburg - 49817	DE
S3_TRAIN_001323	CloudScale Sys 7404	6981 Harbor Drive, Singapore	SG
S3_TRAIN_001034	nimble-supply-chain-5839	8300 King Street, Hamburg	DE
S3_TRAIN_001719	Overland Express Unrelated 956 LLP	3134 Elm Street, Leeds, GB	GB
S3_TRAIN_001801	TrueNorth Consulting Unrelated 886 Pty Ltd	6015 Brigade Road, Perth, AU	AU
S3_TRAIN_001230	Magnolia Hospitality 8523 Inc.	181 Victoria Road, Chicago, 97057	US
S3_TRAIN_000282	Clearwateer Analytics 2285	Tokyo, 407 Queen Street, 62642	JP
S3_TRAIN_001847	Delta Wave Electronics Unrelated 479 Enterprises	8624 Market Street, New Delhi, IN	IN
S3_TRAIN_000814	Serenity Living 1637 SNC	7598 Market Street, Lyon	FR
S3_TRAIN_000699	8698 Summit	2579 Friedrichstrasse, Utrecht, 87892, NL	NL
S3_TRAIN_001998	Olympus Chemical Unrelated 756 G.K.	624 Elm Street, Fukuoka, JP	JP
S3_TRAIN_001418	5797 Modern	Suite 722, 1518 Church St, Paris - 59123	FR
S3_TRAIN_001732	Supreme Logistics Unrelated 151 Ltd.	8262 Rue de Rivoli, Singapore, SG	SG
S3_TRAIN_001086	Velocity Motors 8141 NL	Suite 711, 2277 Main St, Sydney - 92968	AU
S3_TRAIN_000110	Pulse Digital Marketing 6177	Suite 137, 7852 Maple Ave, Leeds - 86315	GB
S3_TRAIN_000689	Frontier Biotech 29993	1292 Elm St., Rotterdam, 40345, NL	NL
S3_TRAIN_002013	BrightPath Financial Unrelated 236 LLP	3658 Oxford Street, Singapore, SG	SG
S3_TRAIN_000372	Ion Propusion Labs 5076	9892 Industrial Boulevard, Singapore, 85378	SG
S3_TRAIN_000261	1507 Trident	1996 Maple Ave, Chicago, 25725, US	US
S3_TRAIN_000673	TopTier Athletics 4260 Enterprises	8436 Victoria Road, Pune	IN
S3_TRAIN_002060	Jade Palace Dining Unrelated 596 NL	4013 Church St, Melbourne, AU	AU
S3_TRAIN_000844	Sterling Bank & Trust 7523 LLC	9948 Bay Street, Austin	US
S3_TRAIN_001683	Quantum Computing Labs Unrelated 447 PLC	2201 Broadway, Glasgow, GB	GB
S3_TRAIN_001649	New Horizon Health Unrelated 893 LLP	1781 Broadway, Singapore, SG	SG
S3_TRAIN_000392	Elevte Digital 4938	Fukuoka, 7312 Industrial Boulevard, 25162	JP
S3_TRAIN_000735	White Cloud Technologies 7919	2748 Bay Street, New Delhi	IN
S3_TRAIN_000708	ecosphere-solutions-7698	4585 George Street, Singapore, 48089	SG
S3_TRAIN_000370	Pulse Digital Marketing 6609	Nagoya, 9617 Station Road, 13046	JP
S3_TRAIN_000991	CYBERSHIELD DEFENSE 6590	Suite 430, 243 King Street, Chennai - 72202	IN
S3_TRAIN_001834	Vanguard Asset Management Unrelated 408 Limited	889 Washington Blvd, Calgary, CA	CA
S3_TRAIN_000002	Enclave Networks 5882 AG	Stuttgart, 712 Oxford Street, 70217	DE
S3_TRAIN_001620	Meridian Wealth Unrelated 292 Proprietary Limited	3358 Oxford Street, Perth, AU	AU
S3_TRAIN_001567	Frontier Biotech Unrelated 216 Ltd.	9682 Industrial Boulevard, Chennai, IN	IN
S3_TRAIN_000564	radiant-energy-4927	Suite 139, 6385 Washington Blvd, Toronto - 71782	
S3_TRAIN_001725	Southland Agriculture Unrelated 958 Ltd	2616 King Street, Sydney, AU	AU
S3_TRAIN_001010	Synthesis Data Labs 2939 Corp.	Austin, 5465 Victoria Road, 91528	US
S3_TRAIN_001068	Heritage Distilling 774 GmbH	452 Market St., Hamburg, 22531, DE	DE
S3_TRAIN_000938	OmniSource Global 1612	1493 Industrial Boulevard, London, 31102	GB
S3_TRAIN_000944	ROCKWELL AUTOMATION SYSTEMS 9810	Suite 954, 1835 Friedrichstrasse, Chicago - 64460	US
S3_TRAIN_001809	Timberline Lumber Unrelated 816 LLC	6959 Station Road, Atlanta, US	US
S3_TRAIN_000171	White Cloud Technologiees 6705	Birmingham, 3210 Maple Ave, 34581	GB
S3_TRAIN_000931	Modern Precsion 1429	9176 Broadway, Chennai, 28283, IN	IN
S3_TRAIN_001791	Ultratech Industrial Unrelated 702 Limited	9242 Oxford Street, Chennai, IN	IN
S3_TRAIN_000265	9715 Catalyst	1033 Bay Street, Calgary, 80851	
S3_TRAIN_001707	Radiant Energy Unrelated 418 GmbH	8045 Industrial Boulevard, Frankfurt, DE	DE
S3_TRAIN_001518	Keystone Civil Works Unrelated 578 ULC	4422 Rue de Rivoli, Vancouver, CA	CA
S3_TRAIN_001182	Windward Nautical 5338 Corp.	Boston, 8894 Park Avenue, 76215	US
S3_TRAIN_001091	KINETIC SPORTS 2341	Suite 466, 2868 Industrial Boulevard, Osaka - 82884	JP
S3_TRAIN_000603	Overland Express 3668 Ltd.	Suite 654, 2857 Washington Blvd, New Delhi - 60915	IN
S3_TRAIN_000328	Sigma BioPharma  267	Suite 927, 7584 King Street, Bristol - 33534	GB
S3_TRAIN_000602	METRO URBAN TRANSIT 6337	8038 King St., Lyon, 90295, FR	FR
S3_TRAIN_001179	Navitas Clean Energgy 2078	37 Queen Street, Melbourne, 59616	AU
S3_TRAIN_001749	Dynamo Retail Unrelated 325 SARL	1997 Industrial Boulevard, Lyon, FR	FR
S3_TRAIN_000094	Wellspring Health 798 ULC	7192 Bay Street, Toronto, 40715	CA
S3_TRAIN_000003	1655 Kodiak	Singapore, 5978 Friedrichstrasse, 31319	
S3_TRAIN_000167	2733 Vanguard	Manchester, 961 Victoria Road, 30892	GB
S3_TRAIN_000690	8947 Synthesis	4875 King St., Adelaide, 23164, AU	
S3_TRAIN_000138	Turbine Power Systems 1377 N.V.	358 Park Avenue, Utrecht, 18450	NL
S3_TRAIN_000783	Serenity Living 9156	2833 Park Avenue, Mumbai	IN
S3_TRAIN_001596	Beacon Health Unrelated 242 AG	3961 Oxford Street, Munich, DE	DE
S3_TRAIN_000958	GUARDIAN ASSET MANAGEMENT 7149	Glasgow, 453 Victoria Road, 41619	GB
S3_TRAIN_000194	1779 Galaxy	Suite 220, 8264 Orchard Road, Chicago - 99701	
S3_TRAIN_002024	Supreme Logistics Unrelated 629 LLP	1285 Victoria Road, Singapore, SG	SG
S3_TRAIN_000389	Tandem Software 686	Suite 875, 119 Orchard Road, Manchester - 59239	GB
S3_TRAIN_001053	Dynamo Retail 5102	843 Rue de Rivoli, Birmingham, 95380, GB	GB
S3_TRAIN_001787	Oakwood Furnishings Unrelated 815 LLP	7615 Victoria Road, Singapore, SG	SG
S3_TRAIN_000290	4611 Solaria	Hamburg, 5576 George Street, 31368	DE
S3_TRAIN_001728	Viking Freight Unrelated 436 Limited	3615 Rue de Rivoli, Vancouver, CA	CA
S3_TRAIN_002140	BrightPath Financial Unrelated 218 Corporation	508 Queen Street, San Francisco, US	US
S3_TRAIN_001756	Whispering Pines Resort Unrelated 947 Pte. Ltd.	4432 Rue de Rivoli, Singapore, SG	SG
S3_TRAIN_000226	6333 Milestone	1632 Orchard Rd, Calgary, 51347, CA	CA
S3_TRAIN_000580	Halo Intractive 3431	5274 Washington Blvd, Yokohama	JP
S3_TRAIN_000945	Sunlight Solar Power 1738 Corp.	Austin, 8963 Queen Street, 11956	US
S3_TRAIN_000263	cinnabar-creative-6398	5404 Victoria Road, Melbourne, 61292	AU
S3_TRAIN_000670	transnational-logistics-2702	5360 Maple Ave, Munich, 87784, DE	DE
S3_TRAIN_000560	Tandem Software 5352 K.K.	3283 Washington Blvd, Fukuoka, 85292, JP	JP
S3_TRAIN_001697	Redwood Software Unrelated 132 Incorporated	1300 Harbor Drive, Seattle, US	US
S3_TRAIN_002066	Latitude Geospatial Unrelated 964 N.V.	7847 Industrial Boulevard, Utrecht, NL	NL
S3_TRAIN_000496	radius-geospatial-9501	3735 Church St, Berlin	DE
S3_TRAIN_000919	Sunrise Bakery 202 LLP	7561 MG Road, Dallas	
S3_TRAIN_000259	SPECTRUM COMMUNICATIONS 5798	4430 Station Road, Singapore	SG
S3_TRAIN_000174	West Coast Distribution 2914	Yokohama, 5282 Victoria Road, 25126	JP
S3_TRAIN_001094	9119 Sentient	Dallas, 3937 Orchard Road, 13828	US
S3_TRAIN_000840	Falcon Heavy Transport 4566 Corp.	5851 Washington Blvd, New York	US
S3_TRAIN_001392	ProActive Safety 1954 Co. Ltd.	Suite 919, 4224 Bay Street, Birmingham - 43368	GB
S3_TRAIN_001917	Western Digital Systems Unrelated 279 Inc.	6419 Orchard Road, Vancouver, CA	CA
S3_TRAIN_000718	Resolute Mining 1469 Kabushiki Kaisha	Suite 401, 8770 Market Street, Nagoya - 57996	
S3_TRAIN_000186	Treasure Coast Marine 4141	9295 Industrial Blvd, Toronto, 17128, CA	
S3_TRAIN_001564	Prosper Wealth Advisors Unrelated 699 N.V.	3916 MG Road, Rotterdam, NL	NL
S3_TRAIN_001285	Delta Wave Electronics 1801 Kabushiki Kaisha	Tokyo, 2499 Victoria Road, 59841	JP
S3_TRAIN_000930	Acme Global 2446	Suite 908, 8698 High Street, Singapore - 55436	SG
S3_TRAIN_000366	ecosphere-solutions-4835	Suite 923, 3772 Commercial Road, Bordeaux - 86541	FR
S3_TRAIN_000467	Equinox Venture Partners 2414	1806 Harbor Drive, Paris, 41531	
S3_TRAIN_001506	Southland Agriculture Unrelated 689 Kabushiki Kaisha	401 Church St, Yokohama, JP	JP
S3_TRAIN_000825	Overland Express 9459	168 Victoria Road, Rotterdam	NL
S3_TRAIN_000176	Waveform Acoustic 4713	Atlanta, 6826 Bay Street, 99803	US
S3_TRAIN_000114	Wellspring Healthh 3520	Montreal, 1026 Victoria Road, 85674	CA
S3_TRAIN_001935	Pulse Digital Marketing Unrelated 544 SA	3834 Oxford Street, Paris, FR	FR
S3_TRAIN_001994	Treasure Coast Marine Unrelated 671 G.K.	9849 High Street, Nagoya, JP	JP
S3_TRAIN_000260	Infinity Robotics 8519 GmbH & Co. KG	8973 Station Road, Munich	
S3_TRAIN_000506	7974 Maven	4727 Industrial Blvd, Lyon, 44003, FR	FR
S3_TRAIN_000464	Nimble SSupply Chain 7909	4854 Oxford St., Toronto, 20852, CA	CA
S3_TRAIN_001362	Sierra Nevada Brewing 1493	3668 Church St, Singapore, 42473	SG
S3_TRAIN_001381	3249 Cedar	8461 Park Avenue, Singapore	SG
S3_TRAIN_000214	5825 Crestview	Pune, 1760 Church St, 26492	IN
S3_TRAIN_001186	8392 Nimble	Munich, 1386 Main St, 12848	
S3_TRAIN_000427	Evergreen Forestry 88887	2282 MG Rd, Berlin, 72970, DE	
S3_TRAIN_001788	Sunrise Bakery Unrelated 508 LLC	9311 Rue de Rivoli, San Francisco, US	US
S3_TRAIN_001586	Sterling Bank & Trust Unrelated 219 SA	7757 Broadway, Bordeaux, FR	FR
S3_TRAIN_000828	1573 Tandem	1164 Market Street, Rotterdam, 99625	
S3_TRAIN_000127	UNIFIED COMMUNICATIONS 9731	5917 Main St, Glasgow, 51480, GB	GB
S3_TRAIN_000346	Saturn Heavy Industries 990	Suite 987, 5535 Friedrichstrasse, Adelaide - 59454	AU
S3_TRAIN_002105	Treasure Coast Marine Unrelated 902 SARL	3613 Friedrichstrasse, Paris, FR	FR
S3_TRAIN_000842	Wildcat Oil Exploration 7941 Corp.	Montreal, 6120 Market Street, 90657	CA
S3_TRAIN_000477	Genesis Industrial 4955	Ottawa, 6114 Orchard Road, 26682	CA
S3_TRAIN_001863	Overland Express Unrelated 783 GmbH	6883 Bay Street, Munich, DE	DE
S3_TRAIN_000644	Wellspring Health 7393 ULC	Suite 614, 1556 George Street, Ottawa - 11349	CA
S3_TRAIN_000856	PrActive Safety 8265	9047 High Street, Singapore, 95344	
S3_TRAIN_001305	5129 Hyperion	Suite 820, 4215 George Street, Chennai - 43834	IN
S3_TRAIN_000330	Titan Heavy Machinery 7975 Proprietary Limited	5911 Maple Ave, Adelaide, 98316	AU
S3_TRAIN_000129	Nebula Cloud Hosting 295	Osaka, 8789 Market Street, 52827	JP
S3_TRAIN_001347	Halo Interactive 9412 K.K.	1671 Church St, Fukuoka, 89922	JP
S3_TRAIN_000304	Pathfinder Robotics 9345 Ltd.	1602 Elm Street, Singapore	SG
S3_TRAIN_001075	Polaris Navigation 8822	Suite 773, 7707 Elm Street, New Delhi - 87363	
S3_TRAIN_001899	Jade Palace Dining Unrelated 646 SARL	350 Queen Street, Marseille, FR	FR
S3_TRAIN_000537	ApexLogistics 6672	2127 George St., Toronto, 46014, CA	CA
S3_TRAIN_000150	Maven Data Science 6603	6582 Maple Ave, Chennai, 15083	
S3_TRAIN_000243	CloudScale Sys 1690	Suite 220, 9463 Main St, Nagoya - 50913	JP
S3_TRAIN_000396	Oakwood Furnishings 2502 Inc.	Suite 445, 862 Victoria Road, Vancouver - 33464	CA
S3_TRAIN_000900	3566 Horizon	Suite 724, 8238 Orchard Road, Chicago - 54789	US
S3_TRAIN_002016	Acme Global Unrelated 664 Corp.	7673 Oxford Street, Ottawa, CA	CA
S3_TRAIN_000588	Prime Auto Group 6248	Suite 288, 2999 Station Road, Lyon - 22564	FR
S3_TRAIN_001594	Crestview Holdings Unrelated 629 GmbH	5887 MG Road, Munich, DE	DE
S3_TRAIN_001376	prairie-wind-renewables-6508	2244 Victoria Rd, Rotterdam, 42482, NL	NL
S3_TRAIN_001682	Trident Subsea Works Unrelated 948 SNC	6756 Brigade Road, Lyon, FR	FR
S3_TRAIN_000286	1450 Pathfinder	4479 Washington Blvd, Atlanta, 64331, US	US
S3_TRAIN_000847	Trident Subsea Works 5531 Inc.	808 Washington Blvd, Montreal	CA
S3_TRAIN_001304	Pinnacle Pharmaceutcals 1035	3107 Market Street, Toronto, 64193	CA
S3_TRAIN_001372	SENTIENT AI SYSTEMS 883	1394 Rue de Rivoli, Sydney	AU
S3_TRAIN_001096	Xcel Precision Tools 11 Ltd.	Suite 346, 801 Elm Street, Singapore - 49064	SG
S3_TRAIN_001813	Ultratech Industrial Unrelated 870 SARL	532 Oxford Street, Bordeaux, FR	FR
S3_TRAIN_000807	white-cloud-technologies-4588	7955 Park Avenue, New York, 78179	US
S3_TRAIN_002165	Falcon Heavy Transport Unrelated 670 Kabushiki Kaisha	1745 Main St, Osaka, JP	JP
S3_TRAIN_002135	Paladin Risk Management Unrelated 398 ULC	6584 Orchard Road, Toronto, CA	CA
S3_TRAIN_000630	Clearwater Analyticss 6349	3280 MG Road, Bristol, 84738	GB
S3_TRAIN_000471	Prism Optical 3609 Ltd.	New Delhi, 507 Rue de Rivoli, 42029	IN
S3_TRAIN_000805	Synthesis Data Labs 2319 LLP	8142 Commercial Road, Kolkata	IN
S3_TRAIN_000134	5039 Xcel	3903 Orchard Road, Manchester	GB
S3_TRAIN_001654	Ivy League Education Unrelated 469 Ltd	2963 Market Street, Brisbane, AU	AU
S3_TRAIN_000492	onpoint-diagnostics-426	Utrecht, 9683 Oxford Street, 38382	NL
S3_TRAIN_000072	Genesis Industrial 3879 SAS	9078 Commercial Rd, Paris, 85009, FR	FR
S3_TRAIN_001640	Timberline Lumber Unrelated 930 LLP	935 Washington Blvd, Chicago, US	US
S3_TRAIN_000862	Dynamo Retail 3053 PLC	1409 Park Avenue, Manchester, 16179	GB
S3_TRAIN_001035	Compass Point Marine 6332	8537 Station Road, Fukuoka	JP
S3_TRAIN_001582	Synergy Pharmaceuticals Unrelated 638 Co. Ltd.	5857 Friedrichstrasse, London, GB	GB
S3_TRAIN_001420	Sigma BioPharma 7096 SARL	Paris, 128 Rue de Rivoli, 80289	FR
S3_TRAIN_001082	Trident Subsea Works 9867	2366 Queen Street, Chicago	US
S3_TRAIN_000626	linear-motion-control-3726	Toronto, 9138 Washington Blvd, 13175	CA
S3_TRAIN_002121	Clearwater Analytics Unrelated 312 K.K.	3272 Brigade Road, Yokohama, JP	JP
S3_TRAIN_000458	9202 Kodiak	9860 Queen Street, Leeds, 37810	GB
S3_TRAIN_001151	1325 TrueNorth	1537 Station Road, Rotterdam	NL
S3_TRAIN_001163	Prosper Wealth Advissors 3395	Suite 122, 446 Rue de Rivoli, Singapore - 42801	SG
S3_TRAIN_001626	Meridian Wealth Unrelated 618 SA	5919 High Street, Lyon, FR	FR
S3_TRAIN_000987	Catalyst Innovation 6494	Suite 238, 3457 King Street, Toulouse - 12916	FR
S3_TRAIN_001365	Sigma BioPharma 2688 PLC	Suite 827, 5134 Washington Blvd, Leeds - 22619	GB
S3_TRAIN_001421	TerraFirma Landscaping 3605 Ltée	3191 Park Ave, Vancouver, 46627, CA	
S3_TRAIN_000976	TERRAFIRMA LANDSCAPING 3641	Suite 546, 767 Victoria Road, Singapore - 65033	SG
S3_TRAIN_000449	Ultratech Industrial 6397 Pvt. Ltd.	Hyderabad, 8476 Station Road, 30767	IN
S3_TRAIN_001833	Saturn Heavy Industries Unrelated 187 Private Limited	3792 Brigade Road, Singapore, SG	SG
S3_TRAIN_001653	Solaria Energy Systems Unrelated 130 GmbH & Co. KG	747 Rue de Rivoli, Berlin, DE	DE
S3_TRAIN_001301	Kodiak Tactical 9819	2168 King Street, Montreal	CA
S3_TRAIN_001681	Olympus Chemical Unrelated 799 G.K.	5551 Main St, Nagoya, JP	JP
S3_TRAIN_000080	Victory Marine 1796	Suite 333, 437 Harbor Drive, Singapore - 88238	SG
S3_TRAIN_001600	Genesis Industrial Unrelated 452 Ltd	4741 George Street, Melbourne, AU	AU
S3_TRAIN_002050	Wayfarer Outdoors Unrelated 740 GmbH & Co. KG	6778 Harbor Drive, Berlin, DE	DE
S3_TRAIN_000721	5648 Acme	9278 Market St., Singapore, 89954, SG	SG
S3_TRAIN_000504	EcoShere Solutions 2495	Suite 149, 7431 King Street, Boston - 59725	US
S3_TRAIN_000395	Rigel Marine Services 5177 LLP	3587 Queen Street, Kolkata, 75514	IN
S3_TRAIN_000287	Peak Performance Fitness 4743 K.K.	4948 High St., Fukuoka, 86704, JP	JP
S3_TRAIN_001738	Whispering Pines Resort Unrelated 612 Limited	8334 Industrial Boulevard, Montreal, CA	CA
S3_TRAIN_001723	Pulse Digital Marketing Unrelated 517 Corp.	5781 Maple Ave, Vancouver, CA	CA
S3_TRAIN_000511	Treasure Coast Marine 5402	327 Church St, Chennai	IN
S3_TRAIN_000399	Centurion Securiity 1947	Calgary, 4960 Rue de Rivoli, 88139	CA
S3_TRAIN_001074	EQUINOX VENTURE PARTNERS 5551	7499 Industrial Blvd, Paris, 94523, FR	FR
S3_TRAIN_000757	White Cloud Technologiees 523	Lyon, 5619 Harbor Drive, 96732	FR
S3_TRAIN_002194	BrightPath Financial Unrelated 490 LLP	998 King Street, Singapore, SG	SG
S3_TRAIN_000711	Riverstone Capital 8204	Suite 819, 3029 Main St, Singapore - 37355	SG
S3_TRAIN_000349	Fleetwood Engineering 850	9602 Maple Ave, Vancouver	CA
S3_TRAIN_001041	Optima Insurance 8691 B.V.	8530 Station Rd, Rotterdam, 46748, NL	NL
S3_TRAIN_001155	EcoSphere Solutions 8542	Montreal, 7142 Brigade Road, 90614	CA
S3_TRAIN_000425	POLARIS NAVIGATION 9959	1181 Market St., Toronto, 65888, CA	CA
S3_TRAIN_000947	Cascade Capital 6373	7159 Park Avenue, Marseille	FR
S3_TRAIN_001677	United Parcel Express Unrelated 816 GmbH	2153 George Street, Stuttgart, DE	DE
S3_TRAIN_001149	CrossRoads Transport 2282	3810 Oxford St., Bordeaux, 39333, FR	FR
S3_TRAIN_000450	Beacon Health 9721 Ltd.	Bengaluru, 8908 Maple Ave, 20324	IN
S3_TRAIN_000887	CloudScale Systems 6446 SARL	5619 King St., Marseille, 65304, FR	FR
S3_TRAIN_000179	Premier Dental Caare 1507	5438 MG Road, Munich, 53393	DE
S3_TRAIN_001255	Quest Diagnostics Global 8133 B.V.	Suite 838, 2167 King Street, The Hague - 13631	NL
S3_TRAIN_001316	Waveform Acoustic 2665 Pvt Ltd	Pune, 787 Church St, 52516	IN
S3_TRAIN_000694	Supreme Logistics 1756 Inc.	4003 Oxford Street, Montreal	CA
S3_TRAIN_001864	ProActive Safety Unrelated 581 Limited	6123 Rue de Rivoli, Montreal, CA	CA
S3_TRAIN_001821	Elevate Digital Unrelated 612 Proprietary Limited	2241 Bay Street, Melbourne, AU	AU
S3_TRAIN_001857	Hyperion Solar Unrelated 234 Proprietary Limited	6115 Park Avenue, Brisbane, AU	AU
S3_TRAIN_002057	Linear Motion Control Unrelated 359 SARL	7317 Park Avenue, Toulouse, FR	FR
S3_TRAIN_000940	Integrity Consulting 2674 Corp.	9744 Broadway, Chicago, 68552	US
S3_TRAIN_001440	overland-express-3716	Vancouver, 9514 Oxford Street, 69103	CA
S3_TRAIN_000281	Zenith Broadcast Group 8949	4843 Washington Blvd, Nagoya, 72116, JP	JP
S3_TRAIN_001080	4455 Matrix	6870 King Street, Calgary, 73180	CA
S3_TRAIN_000530	4925 Harbor	Suite 269, 2287 Elm Street, Rotterdam - 27025	NL
S3_TRAIN_001495	Serenity Living Unrelated 378 GmbH & Co. KG	4651 Industrial Boulevard, Stuttgart, DE	DE
S3_TRAIN_002160	Linear Motion Control Unrelated 509 LLP	9792 Orchard Road, Chicago, US	US
S3_TRAIN_000618	Taylor & Associates 2795	7618 George Street, Boston, 70508	US
S3_TRAIN_000714	Encave Networks 1909	Hyderabad, 691 Main St, 35288	
S3_TRAIN_000060	emerald-city-foods-9734	9509 Friedrichstrasse, Fukuoka, 82655, JP	JP
S3_TRAIN_000746	Centrion Security 5332	Suite 286, 8372 Park Avenue, Chennai - 97789	IN
S3_TRAIN_000581	Emerald City Foods 6653	3051 Rue de Rivoli, Stuttgart, 60160	DE
S3_TRAIN_002023	Nexus Telecom Unrelated 417 LLP	9701 George Street, Singapore, SG	SG
S3_TRAIN_001947	Prairie Wind Renewables Unrelated 437 SA	4557 Rue de Rivoli, Lyon, FR	FR
S3_TRAIN_000227	Navitas Clean Energy 5466	2573 Harbor Drive, Toulouse	
S3_TRAIN_001558	Cinnabar Creative Unrelated 462 LLP	3935 Commercial Road, Manchester, GB	GB
S3_TRAIN_001627	EcoSphere Solutions Unrelated 760 SAS	8824 Oxford Street, Lyon, FR	FR
S3_TRAIN_001559	CloudScale Systems Unrelated 149 SNC	7651 Broadway, Marseille, FR	FR
S3_TRAIN_001295	Orbit Satellite Services 5476	Suite 516, 4577 Friedrichstrasse, The Hague - 39812	NL
S3_TRAIN_000178	TRUENORTH CONSULTING 4935	5867 Church St, Bordeaux, 19552, FR	FR
S3_TRAIN_000647	Delta Wavve Electronics 2394	Suite 740, 2383 Orchard Road, Kolkata - 18912	IN
S3_TRAIN_001020	Quest Diagnostics Global 705	5716 Friedrichstrasse, Kolkata, 74618, IN	IN
S3_TRAIN_001482	Cascade Capital Unrelated 714 Enterprises	6547 Commercial Road, Mumbai, IN	IN
S3_TRAIN_001175	Keystone Civil Works 4813	2173 Queen St., Austin, 95256, US	US
S3_TRAIN_000635	WORLDBRIDGE EXPRESS 2512	Suite 145, 6184 Bay Street, Toronto - 13918	CA
S3_TRAIN_000255	Harbor Light Logistics  579	9236 Harbor Drive, Utrecht, 44136	NL
S3_TRAIN_001043	Xcel Precision Tools 4380	Osaka, 61 MG Road, 75648	JP
S3_TRAIN_001184	Reliant Power Systems 2038	Suite 276, 5414 Market Street, Sydney - 17300	AU
S3_TRAIN_000679	Milestone Education 8828 SNC	5450 Queen Street, Paris, 12348	FR
S3_TRAIN_001318	TerraFirma Landscaping 7716	7075 Church St, Edinburgh	GB
S3_TRAIN_001748	CloudScale Systems Unrelated 379 LLP	5029 Market Street, Birmingham, GB	GB
S3_TRAIN_000544	8752 TopTier	980 Rue de Rivoli, Dallas	US
S3_TRAIN_000823	Wayfarer Outdoors 9894	6152 Church St, Toronto, 89777	CA
S3_TRAIN_001691	Safeguard Insurance Unrelated 313 AG	5968 Broadway, Hamburg, DE	DE
S3_TRAIN_000984	Compass Point Marine 6492	Singapore, 7396 Church St, 95436	SG
S3_TRAIN_001375	Vibrant Media Group 899 GmbH & Co. KG	Suite 711, 3080 Main St, Hamburg - 85147	DE
S3_TRAIN_001018	BrightPath Financial 2126 GmbH	7347 Church St, Hamburg, 10778, DE	DE
S3_TRAIN_001095	Enclave etworks 4304	6718 Church St, Perth	AU
S3_TRAIN_001046	Laguna Marine 2188 SARL	7763 Brigade Road, Lyon, 25603	FR
S3_TRAIN_001027	Pioneer Drilling 944 SAS	Marseille, 9313 George Street, 89868	FR
S3_TRAIN_001964	White Cloud Technologies Unrelated 812 GmbH & Co. KG	3168 Station Road, Stuttgart, DE	DE
S3_TRAIN_000159	3112 Synergy	Munich, 8760 King Street, 93665	DE
S3_TRAIN_000955	Polaris Navigation 8653	3047 Friedrichstrasse, Singapore, 82745	SG
S3_TRAIN_000414	Radiant Energy 7868 Ltd	Brisbane, 1354 Rue de Rivoli, 66223	AU
S3_TRAIN_001667	Frontier Biotech Unrelated 116 AG	8715 Market Street, Berlin, DE	DE
S3_TRAIN_000534	Sanctuary Spa Group 5490	Nagoya, 2931 Broadway, 65583	JP
S3_TRAIN_001786	Ultratech Industrial Unrelated 404 G.K.	8540 Brigade Road, Tokyo, JP	JP
S3_TRAIN_001085	Gateway Telecom 7940 Ltd.	3492 Maple Ave, Edinburgh	GB
S3_TRAIN_000319	Sunlight Solar Power 674 N.V.	Rotterdam, 2784 Oxford Street, 76027	NL
S3_TRAIN_000904	5164 Universal	6990 Brigade Rd, Berlin, 15539, DE	DE
S3_TRAIN_000251	SEASIDE SEAFOOD CO 7156	6814 Market Street, Bengaluru	IN
S3_TRAIN_001321	Polaris Navigation  797	Suite 624, 7959 Orchard Road, Vancouver - 80910	CA
S3_TRAIN_001897	Genesis Industrial Unrelated 352 Kabushiki Kaisha	6861 Victoria Road, Yokohama, JP	JP
S3_TRAIN_000418	Velocity Motors 3121	1227 Broadway, Calgary	CA
S3_TRAIN_000868	Precision Machining 5723	9906 Market Street, Tokyo, 27540	JP
S3_TRAIN_002182	Venture Point Capital Unrelated 751 Limited	832 Washington Blvd, Manchester, GB	GB
S3_TRAIN_000408	8712 OmniSource	Yokohama, 7813 Bay Street, 87635	JP
S3_TRAIN_001869	Sigma BioPharma Unrelated 880 Co. Ltd.	492 Rue de Rivoli, Leeds, GB	GB
S3_TRAIN_001618	Wellspring Health Unrelated 358 LLC	2208 Friedrichstrasse, San Francisco, US	US
S3_TRAIN_000180	Beacon Health 1880 GmbH & Co. KG	Suite 389, 3995 Brigade Road, Hamburg - 15226	
S3_TRAIN_001398	7119 Serenity	2123 Oxford Street, Vancouver	
S3_TRAIN_000927	Talon Security 8716	733 Harbor Drive, The Hague, 60882	NL
S3_TRAIN_000548	Fleetwood Engineering 3227 AG	9330 Friedrichstrasse, Hamburg	
S3_TRAIN_000516	7759 Premier	966 Brigade Rd, Yokohama, 74673, JP	JP
S3_TRAIN_000374	Lantern Publishing 2588 Ltd	1094 Queen St., Adelaide, 38476, AU	AU
S3_TRAIN_001763	Jade Palace Dining Unrelated 198 K.K.	97 Industrial Boulevard, Nagoya, JP	JP
S3_TRAIN_000594	Spire Global Solutions 860 LLP	6076 Orchard Road, Singapore	SG
S3_TRAIN_000924	Synergy Pharmaceuticals 8669	Suite 380, 2095 Maple Ave, Calgary - 35871	CA
S3_TRAIN_000354	Eerald City Foods 4968	5948 Rue de Rivoli, Vancouver, 14822	CA
S3_TRAIN_001886	Rigel Marine Services Unrelated 755 Ltd.	5694 Washington Blvd, Glasgow, GB	GB
S3_TRAIN_000808	9727 Quest	7928 Main St, Berlin, 43610, DE	DE
S3_TRAIN_001196	Wellspring Health 3047	285 Queen Street, Toulouse	FR
S3_TRAIN_001637	Matrix Computing Unrelated 252 Ltd.	8153 Queen Street, Singapore, SG	SG
S3_TRAIN_001462	Windward Nautical Unrelated 646 AG	3057 Elm Street, Hamburg, DE	DE
S3_TRAIN_000500	OVERLAND EXPRESS 3783	Marseille, 1891 Harbor Drive, 41594	FR
S3_TRAIN_001457	Grandview Real Estate Unrelated 601 LLP	5746 King Street, Singapore, SG	SG
S3_TRAIN_002035	Beacon Health Unrelated 406 B.V.	4207 Maple Ave, The Hague, NL	NL
S3_TRAIN_001617	Wellspring Health Unrelated 527 Pty Ltd	614 Commercial Road, Adelaide, AU	AU
S3_TRAIN_000972	9920 Rockwell	4118 Victoria Road, New Delhi, 27208	IN
S3_TRAIN_001903	Sterling Bank & Trust Unrelated 721 Enterprises	3731 High Street, Kolkata, IN	IN
S3_TRAIN_001267	1616 Silverline	7888 Main St, Vancouver	CA
S3_TRAIN_000099	STARFIRE GAMING 8001	963 Washington Blvd, Chennai	IN
S3_TRAIN_001539	Spectra Chemical Unrelated 388 N.V.	5421 Park Avenue, Utrecht, NL	NL
S3_TRAIN_001140	Infinity Robotics 77333	5323 Bay St., Singapore, 32152, SG	SG
S3_TRAIN_001275	Polaris Navigation 1878 LLP	8569 Church St, Singapore	SG
S3_TRAIN_000203	Evergreen Forestry 1965	8072 King Street, Bristol, 90455	GB
S3_TRAIN_001273	BrightPath Financial 7055 Ltd.	Suite 174, 2198 George Street, Bristol - 19756	GB
S3_TRAIN_001220	Equinox Venture Partners 5510	44 Market Street, Singapore	SG
S3_TRAIN_001243	OmniSource Gllobal 6341	Boston, 2658 Queen Street, 73392	US
S3_TRAIN_000785	Kodiak Tactical 8249	4397 Commercial Rd, Frankfurt, 16179, DE	DE
S3_TRAIN_000423	LUMINARY LIGHTING 2190	Singapore, 939 Station Road, 92045	SG
S3_TRAIN_000953	Frontier Biotech 5926 LLP	7876 Washington Blvd, Singapore	SG
S3_TRAIN_001658	Catalyst Innovation Unrelated 579 Pvt Ltd	5804 Commercial Road, Kolkata, IN	IN
S3_TRAIN_001823	Guardian Asset Management Unrelated 920 NL	9679 Rue de Rivoli, Melbourne, AU	AU
S3_TRAIN_000083	Legacy Manufacturing 4572	4877 Brigade Road, Nagoya	JP
S3_TRAIN_001909	Rigel Marine Services Unrelated 538 Pty Ltd	6034 Rue de Rivoli, Perth, AU	AU
S3_TRAIN_000115	TransNational Logistics 6432 B.V.	5767 Commercial Road, Amsterdam	NL
S3_TRAIN_001198	NEXUS TELECOM 8758	8639 MG Road, Birmingham	GB
S3_TRAIN_002155	Emerald City Foods Unrelated 780 K.K.	486 Friedrichstrasse, Tokyo, JP	JP
S3_TRAIN_001478	Fleetwood Engineering Unrelated 987 SARL	6390 Orchard Road, Bordeaux, FR	FR
S3_TRAIN_001924	Timberline Lumber Unrelated 910 Proprietary Limited	6438 Friedrichstrasse, Perth, AU	AU
S3_TRAIN_002053	Equinox Venture Partners Unrelated 483 Limited	4921 Maple Ave, Montreal, CA	CA
S3_TRAIN_001543	Pacific Rim Trading Unrelated 840 Corp.	3902 George Street, Vancouver, CA	CA
S3_TRAIN_001754	Guardian Asset Management Unrelated 999 GmbH & Co. KG	5496 Orchard Road, Berlin, DE	DE
S3_TRAIN_000666	First Horizon Banking 1311	Marseille, 6097 Maple Ave, 71463	FR
S3_TRAIN_000007	First Horizon Banking 8798	4809 Broadway, Brisbane	AU
S3_TRAIN_002122	Prairie Wind Renewables Unrelated 512 Proprietary Limited	4089 Main St, Adelaide, AU	AU
S3_TRAIN_001650	Wayfarer Outdoors Unrelated 187 Kabushiki Kaisha	3435 Station Road, Nagoya, JP	JP
S3_TRAIN_000833	Xcel Precisio Tools 8078	6678 Harbor Drive, Amsterdam	NL
S3_TRAIN_000533	PROSPER WEALTH ADVISORS 2942	8477 King St., Hyderabad, 23950, IN	IN
S3_TRAIN_000872	Victory Marine 16 Corp.	Suite 894, 9340 Industrial Boulevard, Atlanta - 75860	US
S3_TRAIN_000604	Precision Machining 2049	Munich, 6900 Bay Street, 64752	DE
S3_TRAIN_001491	Resolute Mining Unrelated 496 Ltd.	4820 Station Road, Bristol, GB	GB
S3_TRAIN_000137	Premier Dental Care 7409 K.K.	1552 Brigade Road, Yokohama, 70560	JP
S3_TRAIN_001475	Fleetwood Engineering Unrelated 130 LLP	587 High Street, Singapore, SG	SG
S3_TRAIN_001229	ICONIC ARCHITECTURE 773	2703 Queen Street, The Hague, 74552	NL
S3_TRAIN_001521	CyberShield Defense Unrelated 970 LLP	7848 Washington Blvd, Hyderabad, IN	IN
S3_TRAIN_000529	SOUNDWAVE MEDIA 7368	Bengaluru, 6319 Elm Street, 30408	IN
S3_TRAIN_001481	Zephyr Clean Energy Unrelated 470 Pvt. Ltd.	2136 Washington Blvd, Mumbai, IN	IN
S3_TRAIN_000754	Paramount Construction 8427 GmbH	8766 Brigade Road, Munich	DE
S3_TRAIN_001022	Serenity Living 8111 Corporation	6675 Victoria Road, Boston, 59792	US
S3_TRAIN_000707	Guardian Asset Management 5812	3058 High Street, Frankfurt, 62858	
S3_TRAIN_000881	optima-insurance-9355	Suite 745, 1234 Oxford Street, Perth - 76723	AU
S3_TRAIN_002185	Tandem Software Unrelated 950 Ltd.	8631 Rue de Rivoli, Manchester, GB	GB
S3_TRAIN_001767	Velocity Motors Unrelated 695 PLC	3483 Bay Street, Leeds, GB	GB
S3_TRAIN_002051	Jupiter Aerospace Unrelated 809 GmbH & Co. KG	9116 Market Street, Frankfurt, DE	DE
S3_TRAIN_001338	SEASIDE SEAFOOD CO 1684	7857 High Street, Munich	DE
S3_TRAIN_000779	Nebula Cloud Hosting 5157	7260 Rue de Rivoli, Singapore	SG
S3_TRAIN_000843	Pacific Rim Trading 7761	Suite 193, 2117 Brigade Road, Montreal - 39705	CA
S3_TRAIN_001547	Resolute Mining Unrelated 487 B.V.	5810 Commercial Road, The Hague, NL	NL
S3_TRAIN_001528	CloudScale Systems Unrelated 139 GmbH	8663 Market Street, Munich, DE	DE
S3_TRAIN_001004	frontier-biotech-4048	Adelaide, 801 Industrial Boulevard, 78584	
S3_TRAIN_000479	volt-electrical-services-5429	San Francisco, 9579 Harbor Drive, 98396	US
S3_TRAIN_001466	Magnolia Hospitality Unrelated 808 Pte. Ltd.	4058 Harbor Drive, Singapore, SG	SG
S3_TRAIN_000443	1515 Compass	Suite 179, 2696 Queen Street, Singapore - 36031	SG
S3_TRAIN_000789	Infinity Robotics 544	8935 Station Road, Singapore	SG
S3_TRAIN_001300	Whispering Pines Resorrt 1990	402 Station Road, Singapore	
S3_TRAIN_001280	Seerenity Living 9130	2636 Elm St., Paris, 64484, FR	FR
S3_TRAIN_001260	5997 Fusion	542 Market Street, Adelaide, 38943	AU
S3_TRAIN_000969	White Cloud Technologies 6567	Hyderabad, 7758 Oxford Street, 51746	IN
S3_TRAIN_001188	COMPASS POINT MARINE 3184	4982 Oxford Street, Singapore	SG
S3_TRAIN_001237	Zenith Broadcast Group 9892 GmbH & Co. KG	Suite 965, 6899 Rue de Rivoli, Berlin - 95748	DE
S3_TRAIN_001975	GreenLeaf Organics Unrelated 558 N.V.	7045 Broadway, The Hague, NL	NL
S3_TRAIN_001108	Pacifi Rim Trading 6427	7689 Maple Ave, Hamburg, 63835	DE
S3_TRAIN_001394	vanguard-asset-management-9092	Suite 469, 6655 Industrial Boulevard, Austin - 73317	US
S3_TRAIN_001546	Sterling Bank & Trust Unrelated 796 ULC	7712 Washington Blvd, Vancouver, CA	CA
S3_TRAIN_000701	Vanguard Asset Management 9514 Limited	Suite 447, 2946 Orchard Road, Bengaluru - 80651	IN
S3_TRAIN_002009	Quest Diagnostics Global Unrelated 726 Private Limited	2913 Bay Street, Singapore, SG	SG
S3_TRAIN_001560	Overland Express Unrelated 654 Ltd.	8030 Market Street, Glasgow, GB	GB
S3_TRAIN_000891	WorldBrdge Express 4847	1952 Friedrichstrasse, Edinburgh, 56714	GB
S3_TRAIN_001875	Grandview Real Estate Unrelated 390 B.V.	8201 Church St, Utrecht, NL	NL
S3_TRAIN_000049	Waveform Acoustic 8851	1623 George Street, Singapore, 74139	SG
S3_TRAIN_001351	Titan Heavy Machinery 3972 Private Limited	Singapore, 1947 George Street, 19162	SG
S3_TRAIN_001059	4481 Monarch	960 Victoria Rd, Toulouse, 87437, FR	FR
S3_TRAIN_002120	Centurion Security Unrelated 295 Limited	1759 Broadway, Leeds, GB	GB
S3_TRAIN_001585	Victory Marine Unrelated 301 Pte. Ltd.	2302 Commercial Road, Singapore, SG	SG
S3_TRAIN_001098	8709 Beacon	2308 Brigade Road, Melbourne	AU
S3_TRAIN_000793	New Horizon Health 7885	1715 Rue de Rivoli, Rotterdam, 45945	NL
S3_TRAIN_000107	Magnolia Hospitality 8080	7122 Industrial Boulevard, Bengaluru, 46170	IN
S3_TRAIN_001498	Viking Freight Unrelated 677 UG	1924 King Street, Hamburg, DE	DE
S3_TRAIN_002172	Emerald City Foods Unrelated 711 UG	2909 High Street, Frankfurt, DE	DE
S3_TRAIN_000375	prairie-wind-renewables-619	2237 Broadway, Seattle	US
S3_TRAIN_001030	7152 ProActive	2160 Market Street, Melbourne, 39154	AU
S3_TRAIN_001800	Rockwell Automation Systems Unrelated 447 Ltd	9301 Oxford Street, Adelaide, AU	AU
S3_TRAIN_002077	Windward Nautical Unrelated 891 Corporation	3790 Main St, San Francisco, US	US
S3_TRAIN_001088	Wayfarer Outdoors 5583	6585 Commercial Road, Singapore, 37290	SG
S3_TRAIN_000816	CloudScale Sysstems 5921	972 High Street, Singapore, 63419	SG
S3_TRAIN_000995	Spectra Chemical 9502 Corporation	San Francisco, 4139 Bay Street, 86142	US
S3_TRAIN_000562	Helix BioSciences 8302 B.V.	Amsterdam, 3435 Industrial Boulevard, 25775	NL
S3_TRAIN_000229	Titan Heavy Machinery 5396 SARL	3388 Market Street, Bordeaux	FR
S3_TRAIN_000841	2023 Synergy	Calgary, 1423 Orchard Road, 74798	CA
S3_TRAIN_000619	Nexus Telecom 6250 Pvt. Ltd.	229 Commercial Road, Hyderabad	IN
S3_TRAIN_001052	Turbine Power Systems 7700	537 King Street, Hamburg	DE
S3_TRAIN_001708	Gateway Telecom Unrelated 707 K.K.	7669 Rue de Rivoli, Yokohama, JP	JP
S3_TRAIN_000559	Elevate Digital 9404	3128 Washington Blvd, Bordeaux, 19579, FR	FR
S3_TRAIN_001366	984 Grandview	2221 King St., Toronto, 72073, CA	CA
S3_TRAIN_001714	Infinity Robotics Unrelated 521 N.V.	7452 Oxford Street, The Hague, NL	NL
S3_TRAIN_001643	Legacy Manufacturing Unrelated 185 NL	6089 Victoria Road, Brisbane, AU	AU
S3_TRAIN_000973	Standard Petroleum7916	8073 George St., Paris, 93105, FR	FR
S3_TRAIN_001289	GUARDIAN ASSET MANAGEMENT 5159	37 Elm Street, Leeds	
S3_TRAIN_000858	LIBERTY TITLE AGENCY 6690	Toulouse, 2013 Park Avenue, 97861	FR
S3_TRAIN_001297	Nebula Cloud Hoting 9596	6623 Bay Street, Rotterdam, 55610	NL
S3_TRAIN_001685	MicroTech Semiconductor Unrelated 209 Ltd.	550 Friedrichstrasse, Singapore, SG	SG
S3_TRAIN_000181	Solaria Energy Systems 6144	Yokohama, 7976 Friedrichstrasse, 15747	JP
S3_TRAIN_001502	Pacific Rim Trading Unrelated 545 Limited	3518 George Street, Bengaluru, IN	IN
S3_TRAIN_001005	Venture Point Capital 7642 Pte. Ltd.	1104 Maple Ave, Singapore, 49971, SG	SG
S3_TRAIN_000817	Rigel Marine Services 6177 Private Limited	132 Station Road, New Delhi, 38569	IN
S3_TRAIN_002044	Monarch Aerospace Unrelated 959 K.K.	5963 Park Avenue, Tokyo, JP	JP
S3_TRAIN_001224	BrightPath Financcial 7619	9715 Bay Street, Birmingham, 68273	GB
S3_TRAIN_000101	Ininity Robotics 8626	6503 Oxford Street, Brisbane	AU
S3_TRAIN_001952	SoundWave Media Unrelated 171 SA	9069 Market Street, Marseille, FR	FR
S3_TRAIN_001373	Cedar Point Energy 1836 Limited	Suite 869, 376 Industrial Boulevard, Vancouver - 42638	CA
S3_TRAIN_002033	Horizon Freight Unrelated 768 Corp.	5367 MG Road, Montreal, CA	CA
S3_TRAIN_000463	genesis-industrial-9560	Suite 601, 5232 Market Street, Paris - 29398	FR
S3_TRAIN_001726	Cobalt Media Group Unrelated 599 Proprietary Limited	4043 Main St, Brisbane, AU	AU
S3_TRAIN_000428	6315 Quantum	4700 Washington Blvd, New Delhi, 39607, IN	IN
S3_TRAIN_001093	omnisource-global-487	Munich, 7259 Station Road, 29086	DE
S3_TRAIN_000332	BrightPath Financial 6915	1041 Church St, Utrecht, 45107, NL	NL
S3_TRAIN_002030	Clearwater Analytics Unrelated 678 Pte. Ltd.	8377 Broadway, Singapore, SG	SG
S3_TRAIN_001751	Linear Motion Control Unrelated 126 SA	3247 King Street, Toulouse, FR	FR
S3_TRAIN_001382	Matrix Computing 6211	6525 Industrial Boulevard, Frankfurt, 75637	DE
S3_TRAIN_000806	Olympus Chemical 6718	Suite 673, 2813 Friedrichstrasse, Sydney - 37691	AU
S3_TRAIN_000751	5425 CoreLogic	8635 Friedrichstrasse, Ottawa, 75234, CA	CA
S3_TRAIN_000235	Renaissance Arts 5947 Limited	6293 Victoria Rd, Glasgow, 77065, GB	GB
S3_TRAIN_001228	CoreLogic Solutions 7446 Private Limited	Mumbai, 8821 Church St, 38101	
S3_TRAIN_000804	Luminary Lighting 6004 NL	Melbourne, 9070 Broadway, 55431	AU
S3_TRAIN_000552	TransNational Logistics 3446	2563 Station Road, Rotterdam, 35153	NL
S3_TRAIN_001433	Spire Global Solutons 7955	3225 Oxford Street, Osaka, 99248	
S3_TRAIN_000262	4151 Hyperion	1241 King Street, Perth	AU
S3_TRAIN_000210	Matrix Computing 88988	Suite 455, 8836 Victoria Road, Lyon - 33204	FR
S3_TRAIN_001286	Legacy Manufacturing 9401 Pte. Ltd.	1398 Bay Street, Singapore, 13212	SG
S3_TRAIN_000937	Precision Machining 4529	Suite 414, 1657 Broadway, Sydney - 97894	AU
S3_TRAIN_000175	Crestvieww Holdings 4836	Suite 343, 5877 High Street, Ottawa - 69322	CA
S3_TRAIN_001574	BrightPath Financial Unrelated 509 N.V.	4359 Brigade Road, Utrecht, NL	NL
S3_TRAIN_000905	GATEWAY TELECOM 4905	Suite 314, 6562 MG Road, Calgary - 19132	CA
S3_TRAIN_000294	falcon-heavy-transport-5150	Suite 853, 8516 Broadway, Leeds - 27814	GB
S3_TRAIN_001246	Pathfinder Robotics 3651 SNC	3011 Elm St., Toulouse, 68201, FR	FR
S3_TRAIN_001146	Meridian  Wealth 6240	8424 Commercial Road, Singapore, 36034	SG
S3_TRAIN_000963	Whispering Pines Resorrt 6878	5426 Washington Blvd, Toulouse, 32497, FR	FR
S3_TRAIN_000128	DELTA WAVE ELECTRONICS 274	Suite 256, 4296 Main St, Amsterdam - 38277	NL
S3_TRAIN_000932	Luminary Lighting 8723	7036 Rue de Rivoli, Berlin, 67045	DE
S3_TRAIN_002126	Sterling Bank & Trust Unrelated 754 N.V.	1717 Market Street, Rotterdam, NL	NL
S3_TRAIN_000981	Keeystone Civil Works 6202	9304 Church St, Hyderabad	IN
S3_TRAIN_000936	New Horizon Health 4455 Ltée	Montreal, 5034 High Street, 64955	CA
S3_TRAIN_002163	Sanctuary Spa Group Unrelated 768 PLC	6968 Washington Blvd, Manchester, GB	GB
S3_TRAIN_000123	Envision Healthcare 7530 Corp.	7231 Industrial Boulevard, San Francisco	US
S3_TRAIN_000733	7560 White	8069 Church St, Bordeaux	FR
S3_TRAIN_001789	Dynamo Retail Unrelated 594 SARL	3370 Market Street, Paris, FR	FR
S3_TRAIN_001024	Catalyst Innovation 1164	Suite 928, 72 King Street, Munich - 18893	
S3_TRAIN_001901	Safeguard Insurance Unrelated 225 GmbH	9027 Church St, Frankfurt, DE	DE
S3_TRAIN_001492	Xcel Precision Tools Unrelated 131 G.K.	4183 Market Street, Yokohama, JP	JP
S3_TRAIN_000077	ProActive Safety 7934	Lyon, 9940 Station Road, 28830	FR
S3_TRAIN_001906	Metro Urban Transit Unrelated 690 Ltd.	1553 Oxford Street, Singapore, SG	SG
S3_TRAIN_002169	Synergy Pharmaceuticals Unrelated 813 SAS	5874 Washington Blvd, Marseille, FR	FR
S3_TRAIN_001633	Metro Urban Transit Unrelated 877 Co.	9724 Orchard Road, Dallas, US	US
S3_TRAIN_001609	Enclave Networks Unrelated 695 Ltd.	1798 King Street, Singapore, SG	SG
S3_TRAIN_001137	OnPoint Diagnostics 8987	7089 Main St, Vancouver, 75168, CA	CA
S3_TRAIN_000893	redwood-software-5010	Suite 209, 3485 King Street, Singapore - 52917	SG
S3_TRAIN_001981	Emerald City Foods Unrelated 985 Pvt. Ltd.	7078 King Street, Mumbai, IN	IN
S3_TRAIN_000047	Prairie Wind Renewables 229	7452 Broadway, Adelaide, 58311, AU	AU
S3_TRAIN_000547	solaria-energy-systems-6650	5640 Industrial Boulevard, Bordeaux, 94390	FR
S3_TRAIN_002192	Solaria Energy Systems Unrelated 429 Incorporated	4593 Harbor Drive, Austin, US	US
S3_TRAIN_002117	Treasure Coast Marine Unrelated 443 G.K.	4799 Broadway, Yokohama, JP	JP
S3_TRAIN_000221	Lighthouse Hospitaliity 4921	9324 Bay St., Glasgow, 38499, GB	GB
S3_TRAIN_001916	Sunlight Solar Power Unrelated 875 SAS	9352 George Street, Lyon, FR	FR
S3_TRAIN_001642	Metro Urban Transit Unrelated 975 G.K.	3140 Broadway, Tokyo, JP	JP
S3_TRAIN_002080	Emerald City Foods Unrelated 833 B.V.	8291 King Street, The Hague, NL	NL
S3_TRAIN_000453	Renaissance Arts 2640 Pvt Ltd	2928 Main St, New Delhi, 96463	IN
S3_TRAIN_000247	LANTERN PUBLISHING 3993	Suite 450, 6289 Rue de Rivoli, Osaka - 18658	JP
S3_TRAIN_002129	Pulse Digital Marketing Unrelated 643 Pte. Ltd.	8740 Commercial Road, Singapore, SG	SG
S3_TRAIN_001552	Falcon Heavy Transport Unrelated 694 Enterprises	2109 Main St, Hyderabad, IN	IN
S3_TRAIN_000244	6422 Quantum	9712 Maple Ave, Pune, 92505	
S3_TRAIN_001007	Horizon Freight 3827 GmbH & Co. KG	Suite 735, 9343 Main St, Munich - 73501	DE
S3_TRAIN_001920	Sanctuary Spa Group Unrelated 295 GmbH	5053 Maple Ave, Frankfurt, DE	DE
S3_TRAIN_000698	576 Paramount	6888 King Street, Osaka	JP
S3_TRAIN_000164	5417 Saturn	1459 Main St, Toronto, 24474	CA
S3_TRAIN_001187	Modern Precision 8253 AG	8024 Victoria Road, Munich	DE
S3_TRAIN_001405	radiant-energy-7118	604 Washington Blvd, Fukuoka, 62857	JP
S3_TRAIN_000925	Golden Gate Trading 160 Limited	Suite 354, 3266 Industrial Boulevard, Bengaluru - 74443	IN
S3_TRAIN_000106	Threshold Interactive 9799 UG	4782 Main St, Hamburg, 64238, DE	DE
S3_TRAIN_000598	Prairie Wind Renewables 4667 Kabushiki Kaisha	9341 Queen Street, Nagoya	JP
S3_TRAIN_000089	Spire Global Solutions 3579	8610 Park Avenue, Ottawa	CA
S3_TRAIN_000643	Elevate Digital 7781 NL	1360 Park Ave, Adelaide, 42163, AU	AU
S3_TRAIN_002069	Threshold Interactive Unrelated 141 Incorporated	202 Station Road, New York, US	US
S3_TRAIN_002193	Jupiter Aerospace Unrelated 575 PLC	1644 George Street, Birmingham, GB	GB
S3_TRAIN_001698	Sunlight Solar Power Unrelated 548 LLP	3906 Harbor Drive, Bristol, GB	GB
S3_TRAIN_001432	Whispering Pines Resort 205	9481 Market Street, San Francisco, 45503	US
S3_TRAIN_000974	2719 CoreLogic	Suite 893, 8895 Victoria Road, Hamburg - 97230	DE
S3_TRAIN_000767	Taylor & Associates 4877 N.V.	The Hague, 9931 Bay Street, 79361	NL
S3_TRAIN_000916	6667 Synthesis	Vancouver, 6115 Industrial Boulevard, 20240	CA
S3_TRAIN_000657	Pulse Digital Marketing 1466	3745 Commercial Road, Singapore	SG
S3_TRAIN_001395	Pime Auto Group 5038	20 Broadway, Singapore, 11818	SG
S3_TRAIN_000561	Clearwater Analytics 2087	Nagoya, 5366 Park Avenue, 51331	
S3_TRAIN_002178	Centurion Security Unrelated 549 N.V.	1834 Rue de Rivoli, Rotterdam, NL	NL
S3_TRAIN_001873	West Coast Distribution Unrelated 356 UG	5408 Victoria Road, Munich, DE	DE
S3_TRAIN_000394	First Horizon Banking 9386 UG	6230 Station Road, Munich, 85617	DE
S3_TRAIN_000455	Serenity Lving 7145	4098 MG Road, Fukuoka	JP
S3_TRAIN_000520	WorldBridge Express 3547	9236 Oxford Street, Melbourne, 23411	AU
S3_TRAIN_001210	9461 Eagle	8339 MG Road, Amsterdam, 12185	NL
S3_TRAIN_000592	Venture Point Capital 9686	Edinburgh, 1491 Orchard Road, 96967	GB
S3_TRAIN_001363	Dynamo Retail 626 Kabushiki Kaisha	Suite 232, 5997 Broadway, Tokyo - 38633	JP
S3_TRAIN_002176	Wayfarer Outdoors Unrelated 218 Ltd	2859 MG Road, Sydney, AU	AU
S3_TRAIN_001797	Latitude Geospatial Unrelated 376 Co.	2183 Oxford Street, San Francisco, US	US
S3_TRAIN_001802	Sentient AI Systems Unrelated 757 N.V.	4724 Oxford Street, Rotterdam, NL	NL
S3_TRAIN_001777	Ironclad Construction Unrelated 756 LLC	5915 King Street, Seattle, US	US
S3_TRAIN_000460	OMNISOURCE GLOBAL 6560	8091 Station Road, Glasgow, 90258	GB
S3_TRAIN_000022	Xcel Precision Tools 2781	Birmingham, 5492 Orchard Road, 22240	GB
S3_TRAIN_001169	Treasure Coast Marine 863	Suite 440, 601 Elm Street, Frankfurt - 15951	DE
S3_TRAIN_000316	2788 Paladin	8616 Main St, Amsterdam	NL
S3_TRAIN_000240	victory-marine-7850	Paris, 2225 Washington Blvd, 73110	FR
S3_TRAIN_002006	Pinnacle Pharmaceuticals Unrelated 360 Ltd.	3565 George Street, Manchester, GB	GB
S3_TRAIN_001090	Redwood Software 1682	6748 Washington Blvd, New York, 63631	US
S3_TRAIN_000272	Fleetwood Engineering 8687 Ltd.	8843 Commercial Rd, Glasgow, 76524, GB	GB
S3_TRAIN_000112	Renaissance Arts 5226 Limited	Suite 665, 1886 High Street, Birmingham - 12960	GB
S3_TRAIN_001356	Summit Mountain Gear 7542	Suite 498, 2746 Harbor Drive, Edinburgh - 37473	GB
S3_TRAIN_000700	Pathfinder Robotics 8773	1890 Elm St., Paris, 26617, FR	FR
S3_TRAIN_000329	Hyperion Solar 33459	9897 Harbor Drive, Bengaluru, 43989	IN
S3_TRAIN_001199	949 Trident	1245 Victoria Road, Utrecht, 32388	NL
S3_TRAIN_002039	Sentient AI Systems Unrelated 311 GmbH	908 Rue de Rivoli, Berlin, DE	DE
S3_TRAIN_000898	Delta Wave Electronics 7228	8828 Harbor Drive, The Hague, 89849	NL
S3_TRAIN_002017	Western Digital Systems Unrelated 587 B.V.	3087 Washington Blvd, Utrecht, NL	NL
S3_TRAIN_001733	CyberShield Defense Unrelated 951 Enterprises	712 Maple Ave, Chennai, IN	IN
S3_TRAIN_001568	Renaissance Arts Unrelated 336 B.V.	9487 Market Street, Rotterdam, NL	NL
S3_TRAIN_001716	Venture Point Capital Unrelated 308 G.K.	8802 Commercial Road, Yokohama, JP	JP
S3_TRAIN_000081	Tandem Software 7872	6230 Washington Blvd, Chennai, 29369, IN	IN
S3_TRAIN_000631	Catalyst Innovation 5078	5472 Industrial Boulevard, Chicago, 37047	US
S3_TRAIN_000650	Clearwater Analytics 6055	7611 Oxford Street, Perth	AU
S3_TRAIN_000883	Clearwater Analytics 5405	8862 King Street, Marseille, 82229	FR
S3_TRAIN_001675	TopTier Athletics Unrelated 754 Incorporated	304 George Street, Austin, US	US
S3_TRAIN_001718	Navitas Clean Energy Unrelated 749 SARL	9698 Victoria Road, Toulouse, FR	FR
S3_TRAIN_001702	Ion Propulsion Labs Unrelated 830 ULC	2609 Elm Street, Ottawa, CA	CA
S3_TRAIN_000775	Falcon Heavy Transport 9610	9826 King St., Montreal, 93898, CA	CA
S3_TRAIN_002148	MicroTech Semiconductor Unrelated 183 Ltd	7714 High Street, Adelaide, AU	AU
S3_TRAIN_001655	MicroTech Semiconductor Unrelated 897 Ltd	9623 Bay Street, Adelaide, AU	AU
S3_TRAIN_002123	Sigma BioPharma Unrelated 641 B.V.	1808 MG Road, Utrecht, NL	NL
S3_TRAIN_001977	White Cloud Technologies Unrelated 516 SARL	7183 Market Street, Toulouse, FR	FR
S3_TRAIN_001343	Overland Express 8536 Pty Ltd	6406 Harbor Drive, Adelaide	AU
S3_TRAIN_002098	Precision Machining Unrelated 819 Inc.	572 High Street, Ottawa, CA	CA
S3_TRAIN_000734	626 Serenity	8592 King Street, Nagoya	JP
S3_TRAIN_001358	6034 Ultratech	Suite 162, 6968 Station Road, Lyon - 32738	FR
S3_TRAIN_000982	TruueNorth Consulting 5128	1498 Industrial Boulevard, Marseille	FR
S3_TRAIN_001425	Cascade Capital 9547 Pte. Ltd.	Suite 380, 6629 Elm Street, Singapore - 81771	SG
S3_TRAIN_001160	Clearwater Analytics 380	4211 Park Ave, Munich, 23070, DE	DE
S3_TRAIN_000185	Cedar Point Energy 7766	Chennai, 2235 Brigade Road, 61248	IN
S3_TRAIN_000387	Windward Nautical 1457	5643 Elm Street, Bristol, 28705	
S3_TRAIN_001846	Maven Data Science Unrelated 421 LLP	4120 Queen Street, Singapore, SG	SG
S3_TRAIN_000168	Prism Optical 7221	5149 Oxford Street, San Francisco, 11620	US
S3_TRAIN_001325	vertex-engineering-9047	8623 Rue de Rivoli, Leeds, 50557	GB
S3_TRAIN_001980	West Coast Distribution Unrelated 914 AG	6437 King Street, Berlin, DE	DE
S3_TRAIN_000614	Infinity Robotics 7800 Corp.	3049 Maple Ave, Calgary, 71500	CA
S3_TRAIN_002036	Cedar Point Energy Unrelated 907 Pte. Ltd.	7887 King Street, Singapore, SG	SG
S3_TRAIN_001956	Cinnabar Creative Unrelated 382 N.V.	7518 Elm Street, Amsterdam, NL	NL
S3_TRAIN_001925	Modern Precision Unrelated 496 Inc.	6458 Rue de Rivoli, San Francisco, US	US
S3_TRAIN_001244	Riverstoone Capital 2456	Yokohama, 2486 Friedrichstrasse, 31812	JP
S3_TRAIN_001313	First Horizon Banking 7123	Suite 494, 494 Church St, Rotterdam - 89448	NL
S3_TRAIN_001099	8874 Riverstone	3945 Commercial Road, Bengaluru	IN
S3_TRAIN_000821	WAYFARER OUTDOORS 2757	2801 Maple Ave, Bristol	GB
S3_TRAIN_000763	6695 Clearwater	883 Brigade Road, Paris	FR
S3_TRAIN_000326	Turbine Powwer Systems 8597	Suite 402, 7166 Friedrichstrasse, Birmingham - 20378	GB
S3_TRAIN_000649	3955 Guardian	Utrecht, 1230 Rue de Rivoli, 66720	NL
S3_TRAIN_001684	Visionary Healthcare Unrelated 805 Pty Ltd	7979 Market Street, Perth, AU	AU
S3_TRAIN_000791	Lighthouse Hospiitality 4168	Suite 115, 7005 Oxford Street, Frankfurt - 17010	DE
S3_TRAIN_000933	Oakwood Furnishings 3877 Corporation	Suite 267, 3359 Rue de Rivoli, Boston - 50517	US
S3_TRAIN_002119	Silicon Valley Micro Unrelated 366 N.V.	3767 King Street, Amsterdam, NL	NL
S3_TRAIN_000313	Halo Innteractive 4276	Tokyo, 6896 Commercial Road, 88920	JP
S3_TRAIN_000659	9068 Riverstone	Suite 158, 8744 Market Street, Munich - 34485	DE
S3_TRAIN_000566	Gateway Telecom 9884	Seattle, 7693 Rue de Rivoli, 43667	
S3_TRAIN_000213	Beacon Health 689	9769 Victoria Road, The Hague, 30315	NL
S3_TRAIN_000483	Windward Nautical 8654	9345 MG Road, Lyon, 72093	FR
S3_TRAIN_001444	CLOUDSCALE SYSTEMS 3452	2743 Industrial Boulevard, Toronto, 34407	CA
S3_TRAIN_000818	CRESTVIEW HOLDINGS 3061	3627 Brigade Road, Rotterdam	
S3_TRAIN_001399	kinetic-sports-7726	9570 Church St, New York, 50919, US	US
S3_TRAIN_001996	TerraFirma Landscaping Unrelated 722 Incorporated	685 Washington Blvd, Boston, US	US
S3_TRAIN_000254	ULTRATECH INDUSTRIAL 8835	Suite 917, 865 Maple Ave, Utrecht - 55029	NL
S3_TRAIN_001647	Sentient AI Systems Unrelated 204 ULC	3341 Washington Blvd, Calgary, CA	CA
S3_TRAIN_000990	CASCADE CAPITAL 4960	1933 Market St., Rotterdam, 69691, NL	NL
S3_TRAIN_000120	Taylor & Associates 5745	Suite 978, 2282 Industrial Boulevard, The Hague - 37082	NL
S3_TRAIN_001862	Seaside Seafood Co Unrelated 499 Inc.	9350 Maple Ave, Toronto, CA	CA
S3_TRAIN_001164	Sterling Bank  & Trust 9155	Toronto, 4560 Main St, 80947	
S3_TRAIN_000998	United Parcel Express 7651 NL	6865 Park Avenue, Sydney, 80757	AU
S3_TRAIN_001572	Trident Subsea Works Unrelated 378 K.K.	6235 Harbor Drive, Tokyo, JP	JP
S3_TRAIN_001142	Radius Geospatial 1792 Ltd.	9035 Rue de Rivoli, Singapore, 86377	SG
S3_TRAIN_000724	Vertex Engineering 8420 Ltd.	1026 Bay Street, Singapore, 17228	SG
S3_TRAIN_000357	Specctrum Communications 7355	3189 Bay St., Berlin, 53870, DE	DE
S3_TRAIN_001032	Pioneer Drilling 8556	1263 Victoria Road, Atlanta, 36205	US
S3_TRAIN_001921	Quantum Computing Labs Unrelated 948 Kabushiki Kaisha	2282 Victoria Road, Yokohama, JP	JP
S3_TRAIN_000934	Envision Healtthcare 2068	7423 Bay Street, Lyon, 10497	FR
S3_TRAIN_000301	Optima Insurance 4661	9675 Main St, Berlin	
S3_TRAIN_001845	Vibrant Media Group Unrelated 947 N.V.	1353 Maple Ave, Utrecht, NL	NL
S3_TRAIN_000363	TriState Utilities 7107	Suite 751, 2143 Market Street, London - 34856	GB
S3_TRAIN_000617	CrossRoads Transport 9326	5868 Friedrichstrasse, Brisbane, 72973	AU
S3_TRAIN_000036	Kinetic Sports 94425	Suite 518, 4416 King Street, Amsterdam - 85529	NL
S3_TRAIN_000470	9555 Sanctuary	7743 Brigade Rd, Dallas, 24337, US	US
S3_TRAIN_000593	Waveform Acoustic 904 Kabushiki Kaisha	1462 MG Road, Tokyo	JP
S3_TRAIN_000104	Praiirie Wind Renewables 1261	3940 Elm Street, Melbourne, 84277	
S3_TRAIN_001176	Vibrant Media Group 505 LLP	Pune, 4009 Oxford Street, 58215	IN
S3_TRAIN_000502	Turbine Power Systems 3246	Hyderabad, 2733 Main St, 25832	IN
S3_TRAIN_000865	STANDARD PETROLEUM 3204	4949 Queen Street, Montreal, 68041	
S3_TRAIN_001811	Compass Point Marine Unrelated 291 SNC	8380 Church St, Lyon, FR	FR
S3_TRAIN_000337	Spectra Chemical 6910 Ltée	6774 George Street, Vancouver	CA
S3_TRAIN_000018	Infinity Robotics 6529	4574 Park Avenue, Frankfurt	DE
S3_TRAIN_001750	Vibrant Media Group Unrelated 294 N.V.	540 Industrial Boulevard, Rotterdam, NL	NL
S3_TRAIN_001017	Galaxy Softworks 6676 Ltd.	9441 Station Rd, Mumbai, 59273, IN	IN
S3_TRAIN_001269	Galaxy Softworks 5352 PLC	7987 Main St, Edinburgh, 21766	GB
S3_TRAIN_001616	WorldBridge Express Unrelated 885 GmbH	439 Oxford Street, Stuttgart, DE	DE
S3_TRAIN_000596	Vellocity Motors 4467	Suite 778, 6778 George Street, Singapore - 59431	SG
S3_TRAIN_001216	Seaside Seafood Co 1710	4466 Oxford St., Frankfurt, 64634, DE	DE
S3_TRAIN_001963	Silverline Transport Unrelated 475 LLP	9544 Elm Street, New Delhi, IN	IN
S3_TRAIN_001687	Milestone Education Unrelated 193 K.K.	9488 Maple Ave, Fukuoka, JP	JP
S3_TRAIN_001610	Nebula Cloud Hosting Unrelated 450 LLP	3759 Brigade Road, Bristol, GB	GB
S3_TRAIN_000146	Ion Propulsion Labs 2799	Sydney, 1893 Rue de Rivoli, 50416	AU
S3_TRAIN_000607	TriState Utilities 5170 B.V.	5548 Rue de Rivoli, The Hague, 32966, NL	NL
S3_TRAIN_000412	Halo Interactive 3261	Suite 859, 6900 Broadway, Marseille - 74103	FR
S3_TRAIN_001500	Golden Gate Trading Unrelated 795 SARL	1029 Commercial Road, Toulouse, FR	FR
S3_TRAIN_001926	Nebula Cloud Hosting Unrelated 723 Corporation	4609 King Street, Seattle, US	US
S3_TRAIN_000487	Crestview Holdings 3861 SAS	Suite 330, 9995 Elm Street, Paris - 14634	FR
S3_TRAIN_002103	GreenLeaf Organics Unrelated 986 GmbH	2085 George Street, Munich, DE	DE
S3_TRAIN_001848	Beacon Health Unrelated 906 LLP	7997 Elm Street, Glasgow, GB	GB
S3_TRAIN_000756	Grandview Real Estate 2487 Co. Ltd.	Manchester, 1935 Industrial Boulevard, 70338	GB
S3_TRAIN_002073	Sigma BioPharma Unrelated 290 Ltd.	8608 Bay Street, Glasgow, GB	GB
S3_TRAIN_001400	Insightful Analytics 2029 Kabushiki Kaisha	Yokohama, 8739 MG Road, 46822	JP
S3_TRAIN_002041	Vibrant Media Group Unrelated 342 LLP	2885 Elm Street, Edinburgh, GB	GB
S3_TRAIN_000540	Nexus Telecom 8230	Suite 103, 3689 Bay Street, Yokohama - 62948	JP
S3_TRAIN_000923	Venture Point Capital 9134 LLP	9370 Broadway, Glasgow	
S3_TRAIN_000576	VOYAGER TRAVEL GROUP 7984	Suite 158, 1689 Orchard Road, Melbourne - 21609	AU
S3_TRAIN_001435	jade-palace-dining-5448	Stuttgart, 7400 Rue de Rivoli, 46993	DE
S3_TRAIN_000055	GreenLeaf Organics 7771	Suite 786, 1528 Park Avenue, London - 66606	GB
S3_TRAIN_001536	Resolute Mining Unrelated 841 GmbH	5837 Main St, Berlin, DE	DE
S3_TRAIN_001117	Iconic Architecture 2386	1534 Commercial Road, Adelaide, 83914	
S3_TRAIN_000555	Maven Data Science 1751 LLP	Manchester, 5333 Industrial Boulevard, 72872	GB
S3_TRAIN_002090	Grandview Real Estate Unrelated 316 GmbH & Co. KG	5895 Orchard Road, Hamburg, DE	DE
S3_TRAIN_000752	3982 Solaria	1615 Main St, Mumbai, 27657, IN	IN
S3_TRAIN_001320	Serenity Living4601	1915 Harbor Drive, Singapore, 42298	SG
S3_TRAIN_000911	2020 Sentient	349 MG Road, Marseille, 94122	FR
S3_TRAIN_000225	Lighthouse Hospitality 2791	4445 MG Road, Seattle	US
S3_TRAIN_002203	Luminary Lighting Unrelated 401 Pvt Ltd	910 Station Road, Bengaluru, IN	IN
S3_TRAIN_000444	NAVITAS CLEAN ENERGY 8227	7472 Rue de Rivoli, Bristol	GB
S3_TRAIN_001445	Xcel Precision Tools 8608	Suite 326, 7592 Church St, Calgary - 50586	CA
S3_TRAIN_002159	Spectra Chemical Unrelated 249 LLP	6971 High Street, Mumbai, IN	IN
S3_TRAIN_001231	Vibrant Media Group 6801 Corp.	Calgary, 4333 Elm Street, 18953	CA
S3_TRAIN_001499	Harmonic Audio Unrelated 895 SA	342 Friedrichstrasse, Toulouse, FR	FR
S3_TRAIN_001194	8223 Timberline	1317 Station Road, The Hague	NL
S3_TRAIN_001234	5614 Waveform	Suite 899, 7376 Bay Street, Manchester - 34586	
S3_TRAIN_001739	Evergreen Forestry Unrelated 157 N.V.	3573 MG Road, Rotterdam, NL	NL
S3_TRAIN_000790	Cinnabar Creative 1702 Kabushiki Kaisha	6494 Victoria Road, Tokyo	JP
S3_TRAIN_000620	Oceanic Seafoods 3241	2594 Bay St., Dallas, 49783, US	US
S3_TRAIN_000829	BlueSky Tech 8210	9129 Bay Street, Boston, 58309	US
S3_TRAIN_001490	Oceanic Seafoods Unrelated 705 Incorporated	2031 High Street, Chicago, US	US
S3_TRAIN_001114	seaside-seafood-co-6557	3230 Bay St., Paris, 63345, FR	FR
S3_TRAIN_000543	latitude-geospatial-7573	London, 530 Harbor Drive, 99394	GB
S3_TRAIN_001469	Solaria Energy Systems Unrelated 368 N.V.	3313 Rue de Rivoli, The Hague, NL	NL
S3_TRAIN_001527	Fusion Power Dynamics Unrelated 312 Inc.	6590 Broadway, Ottawa, CA	CA
S3_TRAIN_000798	Keystone Civil Works4624	Suite 115, 5308 Church St, Dallas - 23182	US
S3_TRAIN_001948	Jupiter Aerospace Unrelated 503 LLP	4315 Queen Street, Singapore, SG	SG
S3_TRAIN_000542	9464 Ion	9884 Brigade Road, Toulouse, 68150	FR
S3_TRAIN_000875	Starlight Entertainment 327	6919 George St., Chicago, 63716, US	US
S3_TRAIN_001308	Resolute Mining 195 Limited	2432 George Street, Ottawa, 56549	
S3_TRAIN_000577	4520 Meridian	Adelaide, 6876 Station Road, 97422	AU
S3_TRAIN_001293	SOUNDWAVE MEDIA 6554	9199 Queen Street, Bordeaux	FR
S3_TRAIN_001127	Victory Marine 4756	Lyon, 850 King Street, 55717	FR
S3_TRAIN_000126	Timberline Lumber 9955	Suite 215, 4943 King Street, Sydney - 36928	AU
S3_TRAIN_000988	Horizon Freight 6892	Suite 946, 4608 Elm Street, Singapore - 20653	
S3_TRAIN_001410	Nautilus Oceanic 8991 Kabushiki Kaisha	Suite 728, 376 Bay Street, Fukuoka - 67981	JP
S3_TRAIN_002108	MicroTech Semiconductor Unrelated 845 GmbH	3592 Park Avenue, Frankfurt, DE	DE
S3_TRAIN_001239	7612 Polaris	2870 Oxford St., Dallas, 25448, US	US
S3_TRAIN_000578	Titan Heavy Machinery 6912	7213 Commercial Road, Singapore	SG
S3_TRAIN_000853	Beacon Health 9356	Lyon, 2840 High Street, 25092	FR
S3_TRAIN_001165	First Horizon Banking 7313	Suite 391, 876 Washington Blvd, The Hague - 72974	NL
S3_TRAIN_002014	TriState Utilities Unrelated 174 Inc.	2027 Industrial Boulevard, Chicago, US	US
S3_TRAIN_000381	Wildcat Oill Exploration 9799	4557 Market Street, Marseille	FR
S3_TRAIN_000505	Southland Agriculture 9500	Fukuoka, 5289 Queen Street, 60340	JP
S3_TRAIN_000023	Resolute Mining 6791 B.V.	Rotterdam, 6292 Victoria Road, 74799	NL
S3_TRAIN_001597	Cedar Point Energy Unrelated 418 Private Limited	9668 Harbor Drive, Chennai, IN	IN
S3_TRAIN_001516	Beacon Health Unrelated 967 Kabushiki Kaisha	9653 Bay Street, Yokohama, JP	JP
S3_TRAIN_001987	Fusion Power Dynamics Unrelated 890 ULC	9545 King Street, Montreal, CA	CA
S3_TRAIN_001645	Peak Performance Fitness Unrelated 925 SA	3441 Main St, Marseille, FR	FR
S3_TRAIN_000489	Treasure Coast Marine 6025 GmbH	7153 Station Road, Munich, 17592	
S3_TRAIN_000514	Taylor & Associaes 6409	Suite 327, 5304 Queen Street, Ottawa - 65725	CA
S3_TRAIN_000220	4163 Zephyr	6506 Friedrichstrasse, Hamburg, 10025	DE
S3_TRAIN_000686	Skyline  Real Estate 6594	7921 MG Rd, Vancouver, 86854, CA	CA
S3_TRAIN_002002	Grandview Real Estate Unrelated 100 Ltée	7090 Park Avenue, Vancouver, CA	CA
S3_TRAIN_000296	SoundWave Media 1393 Limited	Suite 513, 6564 Bay Street, Manchester - 87405	GB
S3_TRAIN_002045	Guardian Asset Management Unrelated 594 Pvt Ltd	9515 Maple Ave, Kolkata, IN	IN
S3_TRAIN_001213	1426 Maven	4770 Washington Blvd, Bristol, 79017	GB
S3_TRAIN_000885	Ion Propulsion Labs 284	1591 Queen Street, Hamburg	DE
S3_TRAIN_001790	Silicon Valley Micro Unrelated 994 LLP	2228 Friedrichstrasse, Hyderabad, IN	IN
S3_TRAIN_001158	OmniSouce Global 906	Chennai, 8242 Station Road, 62398	IN
S3_TRAIN_002128	Treasure Coast Marine Unrelated 695 SARL	8577 Bay Street, Paris, FR	FR
S3_TRAIN_000730	Quest Diaagnostics Global 9978	Suite 836, 265 Church St, Nagoya - 30753	JP
S3_TRAIN_000318	Laguna Marine 7716	9802 King Street, Stuttgart	DE
S3_TRAIN_000508	Cinnabar Creative 7101 Limited	Suite 993, 5203 Orchard Road, Bristol - 34955	GB
S3_TRAIN_001588	Guardian Asset Management Unrelated 684 B.V.	4755 Orchard Road, Utrecht, NL	NL
S3_TRAIN_000160	Visionary Healthcare 5500	Suite 987, 3660 Commercial Road, Manchester - 50250	GB
S3_TRAIN_000119	4056 Equinox	4306 Friedrichstrasse, Sydney	AU
S3_TRAIN_000723	Jade Palace Dining 245	1610 George Street, Fukuoka, 98081	JP
S3_TRAIN_001412	Veritas Legal Services 5993	Suite 318, 4679 Main St, Tokyo - 55884	JP
S3_TRAIN_000098	Nexus Telecom 3329 AG	Suite 770, 750 George Street, Frankfurt - 83731	DE
S3_TRAIN_000678	2422 Ivy	Suite 836, 8698 Oxford Street, Stuttgart - 61208	DE
S3_TRAIN_001783	Quantum Computing Labs Unrelated 300 Pte. Ltd.	5962 Park Avenue, Singapore, SG	SG
S3_TRAIN_001066	Treasure Coast Marine 6642 Kabushiki Kaisha	4935 George Street, Nagoya, 26891	JP
S3_TRAIN_000729	8923 Taylor	1950 King St., Singapore, 69450, SG	SG
S3_TRAIN_000950	1942 BrightPath	4253 George Street, Perth, 30377	AU
S3_TRAIN_000532	Fusion Power Dynamics 5216 Limited	4640 Station Rd, Hyderabad, 98440, IN	IN
S3_TRAIN_001619	Reliant Power Systems Unrelated 756 Ltée	9305 Park Avenue, Vancouver, CA	CA
S3_TRAIN_001993	Renaissance Arts Unrelated 140 K.K.	4420 Main St, Tokyo, JP	JP
S3_TRAIN_001736	Whispering Pines Resort Unrelated 382 Ltd	3533 Bay Street, Melbourne, AU	AU
S3_TRAIN_000569	Saturn Heavy Industries 5635 Ltée	Ottawa, 7408 Bay Street, 38159	CA
S3_TRAIN_001452	TrueNorth Consullting 9877	7885 Station Road, Amsterdam	NL
S3_TRAIN_001983	Wayfarer Outdoors Unrelated 270 Kabushiki Kaisha	9014 Park Avenue, Fukuoka, JP	JP
S3_TRAIN_000784	Whispering Pines Resort 6694 NL	6964 Washington Blvd, Melbourne	AU
S3_TRAIN_000125	Prism Optical 7249	2294 Broadway, Toronto, 26142, CA	CA
S3_TRAIN_001931	Integrity Consulting Unrelated 623 N.V.	2198 Harbor Drive, Amsterdam, NL	NL
S3_TRAIN_002180	Sentient AI Systems Unrelated 606 N.V.	2985 Bay Street, Rotterdam, NL	NL
S3_TRAIN_001676	Sunlight Solar Power Unrelated 770 SAS	8560 Industrial Boulevard, Paris, FR	FR
S3_TRAIN_002133	Kodiak Tactical Unrelated 272 SAS	5410 Church St, Lyon, FR	FR
S3_TRAIN_000867	Timberline Lumber 5187 Ltd.	Suite 117, 3031 Oxford Street, Singapore - 69290	SG
S3_TRAIN_000336	APEX LOGISTICS 4020	8275 Queen Street, Marseille	FR
S3_TRAIN_000054	Sterling Bank & Trust 3523	6780 Brigade Road, Singapore	SG
S3_TRAIN_000212	Safeguard Insurance 2976 Inc.	207 Bay St., Montreal, 25985, CA	CA
S3_TRAIN_001222	8789 Golden	9056 Commercial Road, Frankfurt	DE
S3_TRAIN_000433	1295 Global	Suite 760, 9326 Main St, Toronto - 64590	CA
S3_TRAIN_001526	Hyperion Solar Unrelated 826 N.V.	3356 George Street, The Hague, NL	NL
S3_TRAIN_000385	Turbine Power Systems 463	7463 Maple Ave, New Delhi, 99268	
S3_TRAIN_002059	Insightful Analytics Unrelated 591 N.V.	2790 Market Street, Rotterdam, NL	NL
S3_TRAIN_001434	Grandview Real Estate 11584	Suite 614, 2413 Orchard Road, Leeds - 39895	GB
S3_TRAIN_001190	reliant-power-systems-4940	7563 Friedrichstrasse, Brisbane, 66099, AU	AU
S3_TRAIN_000550	worldbridge-express-1044	998 Queen Street, Chennai, 37227	
S3_TRAIN_001339	Visionary  Healthcare 2878	San Francisco, 2821 Main St, 91278	US
S3_TRAIN_001349	Sigma BioPharma 8495 B.V.	8877 Elm St., The Hague, 78778, NL	NL
S3_TRAIN_001192	elevate-digital-1246	Hamburg, 3408 MG Road, 17785	DE
S3_TRAIN_000507	OPTIMA INSURANCE 1296	Toronto, 2568 Station Road, 76461	CA
S3_TRAIN_001242	SIERRA NEVADA BREWING 4326	4952 Main St, Berlin, 81151	DE
S3_TRAIN_002070	Nimble Supply Chain Unrelated 663 GmbH & Co. KG	9295 High Street, Frankfurt, DE	DE
S3_TRAIN_000065	Halo Interactive 4470	7168 Market Street, Bordeaux	FR
S3_TRAIN_000545	Silverline Transport 7210 LLP	2392 Broadway, Singapore	
S3_TRAIN_001730	Enclave Networks Unrelated 284 Pte. Ltd.	5564 George Street, Singapore, SG	SG
S3_TRAIN_001424	Serenity Living 95516	2469 George Street, Bengaluru, 38988	IN
S3_TRAIN_000142	Sapphire Healthcare 12	2138 MG Road, Stuttgart	DE
S3_TRAIN_002153	Optima Insurance Unrelated 587 LLC	2003 Oxford Street, Chicago, US	US
S3_TRAIN_001944	Vibrant Media Group Unrelated 623 SAS	5161 Station Road, Paris, FR	FR
S3_TRAIN_000058	Spectrum Communicatons 3771	Yokohama, 5803 King Street, 19447	JP
S3_TRAIN_000383	TopTier Athletics 4080 Ltd	7345 Elm Street, Brisbane	AU
S3_TRAIN_002055	Optima Insurance Unrelated 843 Corporation	5179 Church St, New York, US	US
S3_TRAIN_001330	Vista Window Systems 3011	Suite 838, 7277 Elm Street, Bengaluru - 59089	
S3_TRAIN_000922	8856 Quest	9940 Harbor Drive, Singapore, 80236	SG
S3_TRAIN_001882	First Horizon Banking Unrelated 693 NL	503 Market Street, Sydney, AU	AU
S3_TRAIN_000522	FLEETWOOD ENGINEERING 3945	6317 Bay Street, Fukuoka, 72190	JP
S3_TRAIN_000386	Emerald City FFoods 6298	Singapore, 3094 Orchard Road, 65436	SG
S3_TRAIN_002019	Overland Express Unrelated 556 GmbH	8539 Industrial Boulevard, Berlin, DE	DE
S3_TRAIN_001612	Rockwell Automation Systems Unrelated 989 Inc.	3547 King Street, Chicago, US	US
S3_TRAIN_000662	Insightful Analytics 263 Inc.	2412 Washington Blvd, Calgary, 68974	CA
S3_TRAIN_000688	4808 Pulse	4919 High Street, San Francisco, 97139	US
S3_TRAIN_001544	Rockwell Automation Systems Unrelated 817 LLP	8852 Elm Street, New York, US	US
S3_TRAIN_001317	northstar-financial-5233	7586 Industrial Boulevard, Fukuoka, 68369	JP
S3_TRAIN_001504	Sanctuary Spa Group Unrelated 190 UG	9162 King Street, Frankfurt, DE	DE
S3_TRAIN_002189	Keystone Civil Works Unrelated 912 Ltée	9419 High Street, Calgary, CA	CA
S3_TRAIN_000027	Jade Palace Dining 7620	Brisbane, 9927 Industrial Boulevard, 89593	AU
S3_TRAIN_001929	Halo Interactive Unrelated 688 GmbH	8380 Broadway, Berlin, DE	DE
S3_TRAIN_000122	Zion Natural  Foods 4559	Hamburg, 5363 Rue de Rivoli, 86278	DE
S3_TRAIN_001008	5972 Venture	6693 Friedrichstrasse, Toronto, 63613, CA	CA
S3_TRAIN_002188	Starfire Gaming Unrelated 672 Corp.	7279 Main St, Ottawa, CA	CA
S3_TRAIN_001824	Rigel Marine Services Unrelated 328 SA	2535 Church St, Marseille, FR	FR
S3_TRAIN_001717	Visionary Healthcare Unrelated 496 Incorporated	9555 Maple Ave, San Francisco, US	US
S3_TRAIN_000013	Tandem Software 7812 G.K.	932 Industrial Boulevard, Yokohama	JP
S3_TRAIN_001743	Zion Natural Foods Unrelated 520 Limited	5122 Broadway, Montreal, CA	CA
S3_TRAIN_001729	CrossRoads Transport Unrelated 548 Ltd.	3691 Commercial Road, Hyderabad, IN	IN
S3_TRAIN_000309	Pioneer Drilling 3866	Singapore, 1751 Market Street, 32957	SG
S3_TRAIN_000085	Prism Optical 5412	Suite 304, 2253 King Street, Paris - 10679	FR
S3_TRAIN_000906	trident-subsea-works-989	Boston, 5272 Church St, 66387	US
S3_TRAIN_001484	Golden Gate Trading Unrelated 987 B.V.	9150 MG Road, Utrecht, NL	NL
S3_TRAIN_001258	Premier Dental Care 5037	705 King Street, Ottawa, 30537	CA
S3_TRAIN_001893	Latitude Geospatial Unrelated 964 Pte. Ltd.	9085 Elm Street, Singapore, SG	SG
S3_TRAIN_001411	Meridian Wealth 1497	381 High Street, Toulouse, 88573	FR
S3_TRAIN_001775	Zenith Broadcast Group Unrelated 649 Pte. Ltd.	2942 Maple Ave, Singapore, SG	SG
S3_TRAIN_001624	Resolute Mining Unrelated 602 LLP	6080 Harbor Drive, Singapore, SG	SG
S3_TRAIN_000663	Modern Precision 6129	Suite 588, 6334 Friedrichstrasse, Boston - 95646	
S3_TRAIN_001511	Hyperion Solar Unrelated 401 Ltd.	4786 Bay Street, Pune, IN	IN
S3_TRAIN_001201	NAVITAS CLEAN ENERGY 4864	8730 Friedrichstrasse, Dallas	US
S3_TRAIN_001067	Hyperion Solar 3199	7074 Orchard Rd, Austin, 53940, US	US
S3_TRAIN_001724	Pinnacle Pharmaceuticals Unrelated 231 GmbH	4531 King Street, Munich, DE	DE
S3_TRAIN_001934	United Parcel Express Unrelated 115 SA	393 Maple Ave, Lyon, FR	FR
S3_TRAIN_000191	Treasure Coast Marine 2718 G.K.	2609 Friedrichstrasse, Osaka	JP
S3_TRAIN_000846	Luminary Lighting 2147	Suite 834, 2503 MG Road, Mumbai - 28564	IN
S3_TRAIN_000417	4987 Oakwood	Suite 480, 224 King Street, London - 99517	GB
S3_TRAIN_001496	MicroTech Semiconductor Unrelated 854 N.V.	632 Rue de Rivoli, Rotterdam, NL	NL
S3_TRAIN_000285	Redwood Software 6810	6945 Industrial Boulevard, Marseille, 64289	FR
S3_TRAIN_001374	Orbit Satellite Servicces 7525	6183 Park Ave, Mumbai, 37389, IN	IN
S3_TRAIN_000277	POLARIS NAVIGATION 2930	2700 Broadway, Sydney, 46168	AU
S3_TRAIN_000521	VIBRANT MEDIA GROUP 7757	3799 Main St, Vancouver	CA
S3_TRAIN_000870	EcoSphere Solutions 2897	Bengaluru, 1250 Industrial Boulevard, 58773	IN
S3_TRAIN_000646	Southland Agriculture 6035 K.K.	7761 George Street, Tokyo	JP
S3_TRAIN_000401	Tandem Software 8831 Limited	Edinburgh, 1923 MG Road, 33680	
S3_TRAIN_002113	OmniSource Global Unrelated 174 Inc.	5932 Oxford Street, Boston, US	US
S3_TRAIN_001793	Wayfarer Outdoors Unrelated 361 Incorporated	6569 Elm Street, Chicago, US	US
S3_TRAIN_000717	BrightPath Financial  7424	Adelaide, 6601 Industrial Boulevard, 88361	AU
S3_TRAIN_002031	Matrix Computing Unrelated 260 LLP	4801 King Street, Hyderabad, IN	IN
S3_TRAIN_000038	Standard Petroleum 7570 Private Limited	8495 MG Road, Singapore, 57419	SG
S3_TRAIN_001200	Clearwater Analytics 910	4231 Park Ave, Ottawa, 60486, CA	CA
S3_TRAIN_000102	CoreLogic Solutions 155	7110 Rue de Rivoli, Bengaluru, 94529	IN
S3_TRAIN_000105	navitas-clean-energy-7287	2171 Broadway, Frankfurt, 21442, DE	DE
S3_TRAIN_001368	Cascade Capital 9436 NL	Suite 696, 1451 Industrial Boulevard, Sydney - 82309	AU
S3_TRAIN_000032	4979 Sunrise	9144 Broadway, Manchester	GB
S3_TRAIN_000728	9651 Sentient	3169 Broadway, Osaka, 44222	JP
S3_TRAIN_001858	Golden Gate Trading Unrelated 756 Ltd.	9143 Harbor Drive, Singapore, SG	SG
S3_TRAIN_001664	West Coast Distribution Unrelated 995 Pty Ltd	8669 Friedrichstrasse, Melbourne, AU	AU
S3_TRAIN_000608	TRIDENT SUBSEA WORKS 6713	7694 Church St, Chennai, 46861, IN	IN
S3_TRAIN_001387	PIONEER DRILLING 7009	2265 Queen St., Utrecht, 21081, NL	NL
S3_TRAIN_000447	Riverstone Capital 6766	3669 Commercial Road, Singapore, 76527	SG
S3_TRAIN_000691	Visionary Healthcare 8351 Corp.	Calgary, 8569 Main St, 45823	CA
S3_TRAIN_000606	New Horizon Health 8694	1405 Park Avenue, San Francisco	
S3_TRAIN_002151	Guardian Asset Management Unrelated 399 Kabushiki Kaisha	6824 Commercial Road, Nagoya, JP	JP
S3_TRAIN_000236	Prosper Wealth Advisors 5048 NL	Suite 552, 2961 Queen Street, Perth - 25408	
S3_TRAIN_001479	Zion Natural Foods Unrelated 739 Kabushiki Kaisha	683 Oxford Street, Nagoya, JP	JP
S3_TRAIN_001352	7625 Crestview	Suite 406, 4135 Station Road, Atlanta - 77955	US
S3_TRAIN_002038	Jade Palace Dining Unrelated 257 GmbH & Co. KG	2366 Bay Street, Munich, DE	DE
S3_TRAIN_000518	nimble-supply-chain-6089	4755 Market Street, Rotterdam	NL
S3_TRAIN_000182	TrueNorth Consulting 1073	Vancouver, 6951 King Street, 23621	CA
S3_TRAIN_000605	Monarch Aerospace 6753 Incorporated	Chicago, 5533 MG Road, 82311	US
S3_TRAIN_002134	Resolute Mining Unrelated 786 Pvt Ltd	610 Station Road, Kolkata, IN	IN
S3_TRAIN_001598	Standard Petroleum Unrelated 817 SAS	651 Market Street, Toulouse, FR	FR
S3_TRAIN_000583	Maven Data Science 432 SA	3588 Victoria Road, Lyon	
S3_TRAIN_001324	OPTIMA INSURANCE 9307	Suite 741, 508 Bay Street, Bristol - 43962	GB
S3_TRAIN_000696	Oceannic Seafoods 5848	5463 Church St, Lyon, 74638, FR	FR
S3_TRAIN_001538	Integrity Consulting Unrelated 929 Enterprises	3075 Commercial Road, Mumbai, IN	IN
S3_TRAIN_000466	Nebula Cloud Hosting 7439 Pvt Ltd	1732 Orchard Road, Kolkata, 27047	IN
S3_TRAIN_001371	Harbor  Light Logistics 1415	3667 Park Avenue, Ottawa, 15168	
S3_TRAIN_000165	Resolute Mining 4851 Pty Ltd	1636 High St., Perth, 32898, AU	AU
S3_TRAIN_001915	Saturn Heavy Industries Unrelated 527 Ltd.	403 Washington Blvd, Mumbai, IN	IN
S3_TRAIN_001473	Jade Palace Dining Unrelated 683 LLP	7565 MG Road, Manchester, GB	GB
S3_TRAIN_000527	BlueSky Technoogies 6606	Singapore, 3162 Park Avenue, 75735	SG
S3_TRAIN_002012	Gateway Telecom Unrelated 626 Corporation	1322 Friedrichstrasse, San Francisco, US	US
S3_TRAIN_000292	Dynamo Retail 309 SAS	Toulouse, 3218 High Street, 24131	FR
S3_TRAIN_001932	Starfire Gaming Unrelated 657 Proprietary Limited	2417 Rue de Rivoli, Brisbane, AU	AU
S3_TRAIN_000338	Harbor Light Logistics 7112	Atlanta, 2474 High Street, 85308	US
S3_TRAIN_001023	500 Pulse	7355 Queen St., Paris, 93931, FR	FR
S3_TRAIN_001143	6414 Silicon	Dallas, 2801 Oxford Street, 84923	
S3_TRAIN_001102	1237 Spectrum	4746 Bay St., Brisbane, 67814, AU	AU
S3_TRAIN_000871	Radiant Energy 8904	4882 Bay Street, Singapore, 11105	SG
S3_TRAIN_000709	Gateway Telecom 7630 N.V.	5570 King St., Amsterdam, 14920, NL	NL
S3_TRAIN_001629	Supreme Logistics Unrelated 208 G.K.	6412 Brigade Road, Nagoya, JP	JP
S3_TRAIN_000402	Venture Point Capiital 2	8511 High Street, Montreal, 48456	CA
S3_TRAIN_000582	Guardian Asset Managemnt 2762	3110 Broadway, Berlin	DE
S3_TRAIN_001056	6159 Emerald	5685 Church St, Berlin, 92159, DE	DE
S3_TRAIN_002054	Prism Optical Unrelated 383 UG	2473 High Street, Frankfurt, DE	DE
S3_TRAIN_002071	Prime Auto Group Unrelated 228 SARL	9996 Market Street, Paris, FR	FR
S3_TRAIN_001839	Iconic Architecture Unrelated 768 Ltd.	5101 Commercial Road, Manchester, GB	GB
S3_TRAIN_000193	Titan Heavy Mahinery 1939	1857 Station Rd, Calgary, 73113, CA	CA
S3_TRAIN_000822	9643 Windward	7599 Harbor Drive, Stuttgart, 71662	DE
S3_TRAIN_001639	Voyager Travel Group Unrelated 392 NL	4003 Main St, Melbourne, AU	AU
S3_TRAIN_000043	Guardian Asset Management 1211 SNC	Suite 688, 4902 Elm Street, Marseille - 93746	FR
S3_TRAIN_000726	Prism Optical 2131	Suite 716, 319 Commercial Road, Rotterdam - 82805	
S3_TRAIN_001912	Latitude Geospatial Unrelated 407 N.V.	5260 Market Street, Utrecht, NL	NL
S3_TRAIN_000946	Gateway Telecom 3495	Suite 507, 1992 Industrial Boulevard, Singapore - 61210	SG
S3_TRAIN_000799	Sunlight Sola Power 3190	Singapore, 3315 Church St, 48561	SG
S3_TRAIN_001995	Gateway Telecom Unrelated 511 G.K.	4092 Rue de Rivoli, Tokyo, JP	JP
S3_TRAIN_001185	NAUTILUS OCEANIC 8425	4086 George St., Bristol, 77803, GB	GB
S3_TRAIN_002064	Universal Aerospace Unrelated 641 Kabushiki Kaisha	4907 Orchard Road, Nagoya, JP	JP
S3_TRAIN_000704	Beacon Health 448 LLP	5284 Park Avenue, New York, 31616	US
S3_TRAIN_000935	Dynnamo Retail 7241	4417 Orchard Road, Singapore	
S3_TRAIN_000067	Treasure Coast Marine 87 LLP	Suite 116, 3534 Oxford Street, London - 29597	GB
S3_TRAIN_000715	Southland Agriculture 4322 Proprietary Limited	Suite 317, 3967 Broadway, Sydney - 49846	AU
S3_TRAIN_001660	Vibrant Media Group Unrelated 913 PLC	3298 Rue de Rivoli, Bristol, GB	GB
S3_TRAIN_001566	Nova Medical Devices Unrelated 282 Private Limited	9802 High Street, Singapore, SG	SG
S3_TRAIN_001217	Seaide Seafood Co 4380	Singapore, 2229 Rue de Rivoli, 16301	SG
S3_TRAIN_000033	Monarch Aerospac 9643	987 Elm Street, Singapore	SG
S3_TRAIN_000832	FLEETWOOD ENGINEERING 1450	3547 Oxford Street, Melbourne, 63862	
S3_TRAIN_002109	Silicon Valley Micro Unrelated 596 Private Limited	8972 Main St, Singapore, SG	SG
S3_TRAIN_001122	Starfire Gaming 6056 Limited	4055 Brigade Road, Montreal	
S3_TRAIN_001070	TANDEM SOFTWARE 8389	4385 MG Road, Singapore, 32789	SG
S3_TRAIN_000216	United Parcel Express 6367 SARL	Bordeaux, 9672 Maple Ave, 43546	FR
S3_TRAIN_000713	Emerald City Foods 4181	Seattle, 8515 Market Street, 80268	US
S3_TRAIN_000769	Rockwell Automation Sytems 836	2811 Church St, Fukuoka, 23853	JP
S3_TRAIN_000195	peak-performance-fitness-5743	2194 George St., Amsterdam, 43360, NL	NL
S3_TRAIN_002015	Pulse Digital Marketing Unrelated 755 SNC	2225 Rue de Rivoli, Marseille, FR	FR
S3_TRAIN_001646	Frontier Biotech Unrelated 174 GmbH	1861 Broadway, Frankfurt, DE	DE
S3_TRAIN_000438	Nebula Cloud Hosting 8965	7452 Broadway, Leeds, 51119	GB
S3_TRAIN_001428	Orbit Satellite Serviices 7444	5181 Industrial Blvd, Toulouse, 34973, FR	
S3_TRAIN_000044	WAYFARER OUTDOORS 4838	133 Oxford Street, Atlanta	US
S3_TRAIN_001225	Milestone Education 2040 Kabushiki Kaisha	5233 Victoria Rd, Nagoya, 84960, JP	
S3_TRAIN_001798	ProActive Safety Unrelated 316 LLP	2982 Orchard Road, Singapore, SG	SG
S3_TRAIN_001029	MICROTECH SEMICONDUCTOR 1390	Suite 538, 4875 Victoria Road, Dallas - 17031	US
S3_TRAIN_000201	Taylor & Associates 449 SA	1107 Oxford Street, Paris	
S3_TRAIN_001979	Pinnacle Pharmaceuticals Unrelated 926 SAS	3346 Industrial Boulevard, Bordeaux, FR	FR
S3_TRAIN_000331	7296 Wayfarer	7365 Main St, Toulouse, 86706, FR	
S3_TRAIN_000589	Spectrra Chemical 207	Suite 551, 5018 Bay Street, Boston - 13624	US
S3_TRAIN_000796	Viking Freight 1601	277 MG Road, New York	US
S3_TRAIN_000595	Milestone Education 78	6389 Industrial Boulevard, Montreal	CA
S3_TRAIN_001047	VIKING FREIGHT 9392	7020 Victoria Rd, New York, 51465, US	US
S3_TRAIN_001360	Luminary Lighting 7066 SA	3071 MG Road, Lyon, 33372	FR
S3_TRAIN_000759	5883 Pulse	6008 Church St, Nagoya, 60773, JP	JP
S3_TRAIN_000524	Vibrant Media Group 5669	9172 Maple Ave, Singapore, 35032, SG	SG
S3_TRAIN_001908	Pacific Rim Trading Unrelated 206 PLC	7091 Broadway, Edinburgh, GB	GB
S3_TRAIN_001561	Renaissance Arts Unrelated 721 ULC	5458 Maple Ave, Montreal, CA	CA
S3_TRAIN_001378	Rockwell Automation Systems 5490	8076 Elm Street, Amsterdam, 34445	NL
S3_TRAIN_000012	Crestview Holdings 2698	Suite 835, 4346 Bay Street, Singapore - 69638	SG
S3_TRAIN_001335	navitas-clean-energy-2541	2234 Maple Ave, Singapore, 77193, SG	SG
S3_TRAIN_000802	Geness Industrial 8000	Perth, 3030 Maple Ave, 19781	AU
S3_TRAIN_000549	TrueNorth Consulting 1620 GmbH & Co. KG	Suite 193, 4448 Park Avenue, Stuttgart - 82520	DE
S3_TRAIN_001468	Cascade Capital Unrelated 283 SNC	8738 High Street, Toulouse, FR	FR
S3_TRAIN_001369	WestCoast Distribution 441	4144 Maple Ave, Perth	AU
S3_TRAIN_001781	Sierra Nevada Brewing Unrelated 267 SNC	3972 Friedrichstrasse, Lyon, FR	FR
S3_TRAIN_000882	Genesis Industrial  7516	4750 Bay St., Atlanta, 82466, US	US
S3_TRAIN_001958	Ion Propulsion Labs Unrelated 511 K.K.	8502 Broadway, Yokohama, JP	JP
S3_TRAIN_002040	Monarch Aerospace Unrelated 931 SNC	1180 Oxford Street, Toulouse, FR	FR
S3_TRAIN_000090	Silverline  Transport 7299	8410 Market Street, Dallas	US
S3_TRAIN_001896	Zion Natural Foods Unrelated 114 N.V.	1034 Industrial Boulevard, Utrecht, NL	NL
S3_TRAIN_001477	Venture Point Capital Unrelated 391 Incorporated	2119 Oxford Street, Seattle, US	US
S3_TRAIN_000773	Silicon Valley Micro 2465 SAS	7818 Elm Street, Toulouse	FR
S3_TRAIN_000291	Volt Electrical Services 8613	Suite 881, 1868 Victoria Road, Yokohama - 64702	JP
S3_TRAIN_000803	GENESIS INDUSTRIAL 7140	2309 Industrial Boulevard, Melbourne, 89057	AU
S3_TRAIN_000209	Trident Subssea Works 2545	Suite 991, 5069 Bay Street, Bristol - 40062	GB
S3_TRAIN_000612	Paramount Construction 1065 Limited	Chennai, 1432 Brigade Road, 19884	IN
S3_TRAIN_001132	pioneer-drilling-4648	Suite 370, 3403 Main St, Vancouver - 22008	CA
S3_TRAIN_000057	threshold-interactive-1392	816 Industrial Boulevard, Austin	US
S3_TRAIN_001997	Western Digital Systems Unrelated 959 Incorporated	1841 High Street, Boston, US	US
S3_TRAIN_001753	Pathfinder Robotics Unrelated 722 NL	80 Brigade Road, Adelaide, AU	AU
S3_TRAIN_001489	Taylor & Associates Unrelated 463 Limited	5937 Station Road, Glasgow, GB	GB
S3_TRAIN_000656	3361 Matrix	Toulouse, 5609 Orchard Road, 52215	FR
S3_TRAIN_001632	Sunlight Solar Power Unrelated 772 Ltd	5883 High Street, Melbourne, AU	AU
S3_TRAIN_000208	6783 Renaissance	2049 Main St, Mumbai	IN
S3_TRAIN_001973	Ultratech Industrial Unrelated 209 SAS	4214 Brigade Road, Marseille, FR	FR
S3_TRAIN_002047	Milestone Education Unrelated 820 K.K.	814 Rue de Rivoli, Osaka, JP	JP
S3_TRAIN_000411	Radius Geospatial 7199 Ltd.	Mumbai, 7111 Commercial Road, 10761	IN
S3_TRAIN_002158	Veritas Legal Services Unrelated 824 PLC	7751 Broadway, Edinburgh, GB	GB
S3_TRAIN_000985	CyberShield Defense 6026	Sydney, 6108 Orchard Road, 77833	AU
S3_TRAIN_000742	Nautilus Oceanic 4660 G.K.	6277 Maple Ave, Yokohama, 60570	JP
S3_TRAIN_001060	Fusion Power Dynamics 8783 LLP	Singapore, 3955 King Street, 36382	SG
S3_TRAIN_001680	Jupiter Aerospace Unrelated 124 Co.	8950 Orchard Road, Dallas, US	US
S3_TRAIN_000787	EcoSphere Solutions 7386 SARL	3980 MG Rd, Toulouse, 97097, FR	FR
S3_TRAIN_000456	Quest Diagnostics Global 7310	Singapore, 1763 Station Road, 89599	
S3_TRAIN_002010	Volt Electrical Services Unrelated 267 Limited	3866 George Street, Mumbai, IN	IN
S3_TRAIN_001154	Paladin Risk Management 9959 Corp.	6001 Queen Street, Calgary	CA
S3_TRAIN_001700	Grandview Real Estate Unrelated 397 K.K.	4491 Queen Street, Fukuoka, JP	JP
S3_TRAIN_002171	Prairie Wind Renewables Unrelated 617 Co.	9935 MG Road, Atlanta, US	US
S3_TRAIN_001713	SoundWave Media Unrelated 610 GmbH & Co. KG	5825 Market Street, Frankfurt, DE	DE
S3_TRAIN_000850	Taylor & Associates 1135	Suite 880, 7968 Commercial Road, Berlin - 59563	DE
S3_TRAIN_000860	Modern Precision 7512 PLC	269 Elm St., Edinburgh, 21910, GB	GB
S3_TRAIN_001294	Catalyst Innovation 878	Suite 205, 1177 Main St, Toulouse - 68263	FR
S3_TRAIN_001162	CloudScale Sys 2718	Mumbai, 4730 King Street, 97453	
S3_TRAIN_001315	5208 Apex	9391 Maple Ave, Atlanta	US
S3_TRAIN_000413	Pioneer Drilling 2154 PLC	Suite 711, 2067 Main St, London - 30387	GB
S3_TRAIN_000192	soundwave-media-4481	9342 Church St, Adelaide, 32786	AU
S3_TRAIN_001447	Harbor Light Logistics 7877	Nagoya, 2190 Friedrichstrasse, 65923	JP
S3_TRAIN_000979	Waveform Acoustic 2995 Corporation	9181 Queen St., Austin, 38730, US	US
S3_TRAIN_002199	Monarch Aerospace Unrelated 541 K.K.	2416 Rue de Rivoli, Nagoya, JP	JP
S3_TRAIN_000601	Kodiak Tactical 97 LLP	958 Elm Street, Singapore, 60793	SG
S3_TRAIN_001837	Trident Subsea Works Unrelated 159 Inc.	5421 Orchard Road, Montreal, CA	CA
S3_TRAIN_001202	1688 WorldBridge	Atlanta, 6266 Broadway, 93979	US
S3_TRAIN_001488	EcoSphere Solutions Unrelated 648 Enterprises	3077 Market Street, Hyderabad, IN	IN
S3_TRAIN_001740	Ivy League Education Unrelated 749 LLP	6949 Orchard Road, New Delhi, IN	IN
S3_TRAIN_001918	Overland Express Unrelated 381 GmbH	8834 Oxford Street, Frankfurt, DE	DE
S3_TRAIN_000811	Modern Precision 7294	2903 King Street, Singapore	SG
S3_TRAIN_001212	TrueNorth Consulting 863	2446 Bay Street, Singapore, 87725	SG
S3_TRAIN_001895	Unified Communications Unrelated 359 Pvt. Ltd.	1697 Washington Blvd, New Delhi, IN	IN
S3_TRAIN_000258	First Horizon Banking 861	7803 Bay Street, Hyderabad	IN
S3_TRAIN_000454	Genesis Industrial 3601	Suite 401, 2074 Victoria Road, Bristol - 45073	GB
S3_TRAIN_001379	LANTERN PUBLISHING 8715	3857 Oxford Street, New York	US
S3_TRAIN_001949	Radiant Energy Unrelated 629 B.V.	5826 Orchard Road, Rotterdam, NL	NL
S3_TRAIN_000693	Sapphire Healthcare 36614	3841 Main St, Lyon, 94570, FR	FR
S3_TRAIN_001607	Starfire Gaming Unrelated 111 GmbH	4215 Commercial Road, Stuttgart, DE	DE
S3_TRAIN_001938	Genesis Industrial Unrelated 213 SAS	1970 Church St, Toulouse, FR	FR
S3_TRAIN_002104	Tandem Software Unrelated 463 SNC	4590 Queen Street, Bordeaux, FR	FR
S3_TRAIN_001914	Elevate Digital Unrelated 486 LLP	2633 Orchard Road, Bristol, GB	GB
S3_TRAIN_000994	CrossRoads Transport 5571 K.K.	Fukuoka, 33 MG Road, 58216	JP
S3_TRAIN_000245	9303 Rockwell	Suite 329, 7673 Victoria Road, Bengaluru - 22748	IN
S3_TRAIN_001590	West Coast Distribution Unrelated 131 Ltd.	2493 Queen Street, Leeds, GB	GB
S3_TRAIN_001510	Renaissance Arts Unrelated 542 Ltd.	2214 Harbor Drive, Singapore, SG	SG
S3_TRAIN_002142	Kinetic Sports Unrelated 336 PLC	860 Broadway, Leeds, GB	GB
S3_TRAIN_000640	Acme Global 8266	1184 Market St., Leeds, 50180, GB	
S3_TRAIN_001355	Helix BioSciences 8796 G.K.	8727 Victoria Rd, Osaka, 47559, JP	JP
S3_TRAIN_000140	Southland Agriculture 4083 Kabushiki Kaisha	Suite 130, 5884 Bay Street, Tokyo - 72873	JP
S3_TRAIN_000667	NorthStar Financial 8630	9663 King Street, Pune	
S3_TRAIN_002106	Meridian Wealth Unrelated 276 Ltd.	7337 Oxford Street, Singapore, SG	SG
S3_TRAIN_000863	Zephyr Clean Energy 820	Leeds, 7942 High Street, 48187	GB
S3_TRAIN_001779	Crestview Holdings Unrelated 338 SNC	7407 Oxford Street, Bordeaux, FR	FR
S3_TRAIN_000824	970 GreenLeaf	4567 Oxford St., Sydney, 73868, AU	AU
S3_TRAIN_002092	Peak Performance Fitness Unrelated 114 G.K.	1878 George Street, Tokyo, JP	JP
S3_TRAIN_000056	Frst Horizon Banking 4565	Rotterdam, 9191 George Street, 91490	NL
S3_TRAIN_001859	Saturn Heavy Industries Unrelated 684 G.K.	3248 George Street, Yokohama, JP	JP
S3_TRAIN_000424	Paladin Risk Management 2431	2974 Rue de Rivoli, Paris	FR
S3_TRAIN_001884	Starlight Entertainment Unrelated 662 Ltd.	9468 Industrial Boulevard, London, GB	GB
S3_TRAIN_000469	New Horizon Health 1138 Enterprises	7459 Station Road, Mumbai, 28590	IN
S3_TRAIN_000719	5073 Sigma	Suite 677, 3120 Industrial Boulevard, Rotterdam - 24202	NL
S3_TRAIN_001854	Silverline Transport Unrelated 171 UG	1800 Harbor Drive, Frankfurt, DE	DE
S3_TRAIN_000889	threshold-interactive-924	Chicago, 2093 Bay Street, 96299	US
S3_TRAIN_000015	Luminary Lighting 1892 PLC	Suite 357, 2547 Church St, Bristol - 45697	GB
S3_TRAIN_001423	Standard Petroleum 1342	2159 Harbor Drive, Bristol, 97578	GB
S3_TRAIN_001171	Heritage Distilling 1742 Private Limited	Pune, 6649 MG Road, 14891	IN
S3_TRAIN_000100	beacon-health-3584	Fukuoka, 991 Commercial Road, 90980	JP
S3_TRAIN_000747	Fleetwood Engineering 7681	3524 Friedrichstrasse, Bengaluru, 35994	IN
S3_TRAIN_001530	Falcon Heavy Transport Unrelated 921 Proprietary Limited	734 Station Road, Melbourne, AU	AU
S3_TRAIN_001296	Olympus Chemical 6129	1785 Elm Street, Mumbai, 72920	IN
S3_TRAIN_000075	Sterlinng Bank & Trust 4497	Pune, 8741 Queen Street, 22245	IN
S3_TRAIN_000321	linear-motion-control-2680	8109 Broadway, Toulouse, 15346	FR
S3_TRAIN_001810	Beacon Health Unrelated 204 Ltd.	2274 Station Road, Manchester, GB	GB
S3_TRAIN_000293	Whispering Pines Resort 3139	71 Church St, Melbourne	AU
S3_TRAIN_001638	EcoSphere Solutions Unrelated 217 Corporation	7639 Orchard Road, San Francisco, US	US
S3_TRAIN_000954	Spectra Chemical 262 Private Limited	1195 Queen Street, Hyderabad	IN
S3_TRAIN_000074	frontier-biotech-8489	2654 Industrial Blvd, New Delhi, 52291, IN	IN
S3_TRAIN_000826	Grandview Real Estate 3589 Enterprises	Mumbai, 7192 Victoria Road, 75277	IN
S3_TRAIN_002081	Integrity Consulting Unrelated 807 K.K.	6421 Commercial Road, Tokyo, JP	JP
S3_TRAIN_000169	Synergy Pharmaceuticaals 7342	7325 Rue de Rivoli, Edinburgh, 51426	GB
S3_TRAIN_001446	Starlight Entertainment 2534	Suite 985, 8828 Industrial Boulevard, Edinburgh - 26653	GB
S3_TRAIN_001262	TransNational Logistics 3650	Montreal, 8643 Maple Ave, 45769	CA
S3_TRAIN_000795	Pinnacl Pharmaceuticals 1523	Suite 702, 3855 Harbor Drive, Sydney - 82487	AU
S3_TRAIN_000568	Xcel Precision Tools 561 LLP	2985 MG Road, Singapore	SG
S3_TRAIN_001868	Nova Medical Devices Unrelated 617 Pte. Ltd.	9211 King Street, Singapore, SG	SG
S3_TRAIN_000011	Riverstone Capital 4093 LLP	Suite 985, 1605 Church St, Leeds - 16630	GB
S3_TRAIN_000639	9429 Equinox	Suite 504, 2699 Church St, Seattle - 39724	US
S3_TRAIN_001223	Velocity Motors 6698	8699 Market Street, Singapore	
S3_TRAIN_000187	trident-subsea-works-1144	7384 Rue de Rivoli, Montreal	CA
S3_TRAIN_001147	Silverline TTransport 9978	6694 Industrial Blvd, Melbourne, 89964, AU	
S3_TRAIN_001337	Precision Machining 296 Co. Ltd.	Glasgow, 1403 Maple Ave, 90845	GB
S3_TRAIN_002183	Heritage Distilling Unrelated 989 Ltd	8607 Elm Street, Perth, AU	AU
S3_TRAIN_002007	Nimble Supply Chain Unrelated 657 Pte. Ltd.	5291 Orchard Road, Singapore, SG	SG
S3_TRAIN_001471	OmniSource Global Unrelated 784 Private Limited	7657 High Street, Hyderabad, IN	IN
S3_TRAIN_002147	Prairie Wind Renewables Unrelated 524 AG	4831 Main St, Hamburg, DE	DE
S3_TRAIN_000920	Liberty Title Agency 5181 Pty Ltd	Suite 413, 8127 Broadway, Perth - 24543	AU
S3_TRAIN_001514	Pioneer Drilling Unrelated 639 SA	6292 Queen Street, Paris, FR	FR
S3_TRAIN_002156	Linear Motion Control Unrelated 112 LLC	5197 Elm Street, San Francisco, US	US
S3_TRAIN_001819	Laguna Marine Unrelated 449 Ltd.	9037 Market Street, Singapore, SG	SG
S3_TRAIN_000037	Vibrant Media Group 1714	8118 George Street, New Delhi, 47777	
S3_TRAIN_001613	Radius Geospatial Unrelated 164 G.K.	9343 Washington Blvd, Yokohama, JP	JP
S3_TRAIN_001113	Renaissance Arts 9102	3164 Brigade Rd, Kolkata, 68288, IN	IN
S3_TRAIN_001663	Navitas Clean Energy Unrelated 719 UG	8308 Commercial Road, Stuttgart, DE	DE
S3_TRAIN_000320	4313 Metro	5129 Orchard Rd, Utrecht, 67117, NL	NL
S3_TRAIN_000348	9165 Frontier	8878 Maple Ave, Manchester	GB
S3_TRAIN_001306	sapphire-healthcare-1396	Frankfurt, 5698 Victoria Road, 87834	DE
S3_TRAIN_000813	Nexus Telecom 1819	Suite 144, 3000 Harbor Drive, Munich - 55485	DE
S3_TRAIN_001397	Skyline Real Estate 5617 Enterprises	Pune, 4453 Market Street, 70946	IN
S3_TRAIN_000132	Equinox Venture Partners 9403 Ltd.	Suite 831, 8337 Harbor Drive, Manchester - 10336	GB
S3_TRAIN_000664	4669 NorthStar	Suite 257, 9595 Orchard Road, Berlin - 26160	DE
S3_TRAIN_001939	NorthStar Financial Unrelated 877 Inc.	2227 Harbor Drive, Dallas, US	US
S3_TRAIN_001672	CyberShield Defense Unrelated 469 GmbH	432 Brigade Road, Hamburg, DE	DE
S3_TRAIN_001872	Cedar Point Energy Unrelated 952 Corp.	5654 Commercial Road, Calgary, CA	CA
S3_TRAIN_000942	Optima Insurance 835 K.K.	9533 Broadway, Nagoya, 94936	JP
S3_TRAIN_000143	Prairie Wind Renewables 9602	Birmingham, 5286 Queen Street, 27884	GB
S3_TRAIN_001806	Genesis Industrial Unrelated 357 LLP	8767 Brigade Road, Singapore, SG	SG
S3_TRAIN_000088	3160 Matrix	7519 Industrial Blvd, Birmingham, 94972, GB	GB
S3_TRAIN_000199	Timberline Lumber 8365	2777 Maple Ave, Osaka, 98345, JP	JP
S3_TRAIN_000462	4255 Compass	4986 High Street, San Francisco	US
S3_TRAIN_001666	Clearwater Analytics Unrelated 384 Ltd.	1627 King Street, Singapore, SG	SG
S3_TRAIN_001178	3797 Kodiak	Fukuoka, 9318 Park Avenue, 42774	JP
S3_TRAIN_000020	Vertex Engineering 5410 N.V.	Utrecht, 2042 King Street, 49363	NL
S3_TRAIN_002138	Zion Natural Foods Unrelated 575 Inc.	1894 Harbor Drive, New York, US	US
S3_TRAIN_001161	Spectra Chemical 6084	9571 Broadway, Edinburgh, 20551	GB
S3_TRAIN_001134	Zion Natural Foods 6177 Co.	9654 Park Avenue, Boston	
S3_TRAIN_001701	Liberty Title Agency Unrelated 211 N.V.	3396 Industrial Boulevard, The Hague, NL	NL
S3_TRAIN_000812	1363 Magnolia	Bengaluru, 2216 Park Avenue, 33886	
S3_TRAIN_000343	talon-security-9267	5740 Brigade Road, Yokohama	JP
S3_TRAIN_000929	Genesis Industria 4375	8833 Victoria Road, Austin, 22006	US
S3_TRAIN_000267	Vanguard Asset Management 2139 Incorporated	Austin, 819 Washington Blvd, 50283	US
S3_TRAIN_000705	silicon-valley-micro-4750	1394 Industrial Boulevard, Brisbane, 81535	
S3_TRAIN_001870	Polaris Navigation Unrelated 766 B.V.	8309 Rue de Rivoli, Utrecht, NL	NL
S3_TRAIN_000239	Inntegrity Consulting 4615	4920 Queen St., Sydney, 76412, AU	AU
S3_TRAIN_001472	Crestview Holdings Unrelated 592 Co. Ltd.	1962 Victoria Road, Bristol, GB	GB
S3_TRAIN_001416	laguna-marine-8265	Suite 406, 8538 Main St, Paris - 81552	FR
S3_TRAIN_000448	Victory Marine 3958	255 High Street, Atlanta, 13440	US
S3_TRAIN_000849	SENTIENT AI SYSTEMS 7928	Toronto, 3038 Maple Ave, 27282	CA
S3_TRAIN_000050	Crestview Holdings 6524 Ltd	7451 Broadway, Melbourne	AU
S3_TRAIN_001840	Cascade Capital Unrelated 246 LLP	2272 Main St, Singapore, SG	SG
S3_TRAIN_001252	Wellspring Health 60	Suite 995, 5913 Rue de Rivoli, Bristol - 49001	GB
S3_TRAIN_000651	Silverline Transport 7992 Ltd.	5523 Rue de Rivoli, Singapore, 21925	SG
S3_TRAIN_001092	9757 TerraFirma	Sydney, 4472 Main St, 22093	AU
S3_TRAIN_000163	VISTA WINDOW SYSTEMS 153	Suite 732, 1655 King Street, Perth - 96832	AU
S3_TRAIN_000189	Meridian Wealth 2294	1253 Oxford Street, Osaka, 19882	JP
S3_TRAIN_001812	Polaris Navigation Unrelated 181 Ltd	2311 Church St, Adelaide, AU	AU
S3_TRAIN_001709	Dynamo Retail Unrelated 803 K.K.	6786 Victoria Road, Nagoya, JP	JP
S3_TRAIN_001078	4925 Taylor	9383 Bay Street, Chicago	US
S3_TRAIN_000645	GreenLeaf Organics 1259 Corp.	4081 Rue de Rivoli, Calgary	CA
S3_TRAIN_001012	4270 Renaissance	5993 Bay Street, Adelaide	AU
S3_TRAIN_001849	Renaissance Arts Unrelated 144 N.V.	2348 George Street, Rotterdam, NL	NL
S3_TRAIN_001522	ProActive Safety Unrelated 329 Pvt Ltd	6736 High Street, Hyderabad, IN	IN
S3_TRAIN_000364	meridian-wealth-2072	Suite 429, 3429 Rue de Rivoli, Yokohama - 20670	JP
S3_TRAIN_002037	Sanctuary Spa Group Unrelated 255 Limited	4749 Broadway, Leeds, GB	GB
S3_TRAIN_000035	Harbor Light Loogistics 5040	Utrecht, 2038 Friedrichstrasse, 71433	
S3_TRAIN_000918	Grandview Real Estate 8949	Suite 238, 2783 Victoria Road, Singapore - 17351	
S3_TRAIN_000233	White Cloud Technologies 5127 LLP	Suite 745, 1792 Orchard Road, Singapore - 69193	SG
S3_TRAIN_001081	BEACON HEALTH 4636	780 Main St, Amsterdam, 50835, NL	NL
S3_TRAIN_001003	6177 OmniSource	9883 Elm Street, Rotterdam, 81848	NL
S3_TRAIN_000148	FLEETWOOD ENGINEERING 7358	Mumbai, 3158 MG Road, 26539	IN
S3_TRAIN_001747	WorldBridge Express Unrelated 371 GmbH & Co. KG	3244 Rue de Rivoli, Frankfurt, DE	DE
S3_TRAIN_000219	Guardian Asset Management 8748 B.V.	5164 Commercial Road, The Hague	NL
S3_TRAIN_001674	Infinity Robotics Unrelated 381 Co. Ltd.	5569 Queen Street, Bristol, GB	GB
S3_TRAIN_001959	Quantum Computing Labs Unrelated 739 NL	2647 High Street, Melbourne, AU	AU
S3_TRAIN_002110	Nebula Cloud Hosting Unrelated 277 SNC	4610 Main St, Toulouse, FR	FR
S3_TRAIN_001578	Iconic Architecture Unrelated 406 SAS	1516 Bay Street, Marseille, FR	FR
S3_TRAIN_000445	Rigel Marine Seervices 7019	Munich, 9747 Church St, 31319	DE
S3_TRAIN_000016	Fusionn Power Dynamics 686	5863 High Street, Brisbane	AU
S3_TRAIN_000794	9007 Falcon	2575 Bay St., Paris, 84262, FR	FR
S3_TRAIN_000634	UltratechIndustrial 498	Lyon, 1845 Main St, 21284	FR
S3_TRAIN_001774	Pinnacle Pharmaceuticals Unrelated 605 LLP	1368 Harbor Drive, San Francisco, US	US
S3_TRAIN_001417	Crestview Holdings 3473 SAS	Suite 290, 7231 Oxford Street, Toulouse - 46202	FR
S3_TRAIN_001268	Kinetic Sports 6933	2500 Industrial Boulevard, Sydney	AU
S3_TRAIN_000731	VOYAGER TRAVEL GROUP 4109	Nagoya, 2130 Washington Blvd, 49077	JP
S3_TRAIN_002181	Jupiter Aerospace Unrelated 633 Ltd.	2092 King Street, Leeds, GB	GB
S3_TRAIN_001866	Navitas Clean Energy Unrelated 885 Kabushiki Kaisha	4991 Victoria Road, Osaka, JP	JP
S3_TRAIN_000252	Pulse Digital Marketing 9906	3879 Harbor Drive, Dallas, 75762	US
S3_TRAIN_000215	GreenLeaf Organics 7363	Brisbane, 6015 Church St, 69517	AU
S3_TRAIN_000468	ion-propulsion-labs-5696	51 Queen Street, Adelaide, 22352	AU
S3_TRAIN_001419	Talon Seccurity 1900	Suite 645, 6123 Washington Blvd, Calgary - 14742	CA
S3_TRAIN_001534	Jupiter Aerospace Unrelated 306 Ltd.	5567 George Street, Singapore, SG	SG
S3_TRAIN_001569	Beacon Health Unrelated 912 Ltée	7199 Washington Blvd, Ottawa, CA	CA
S3_TRAIN_000341	5583 SoundWave	8847 Main St, Bengaluru, 87660	IN
S3_TRAIN_001843	Harmonic Audio Unrelated 453 Private Limited	3751 High Street, Pune, IN	IN
S3_TRAIN_000572	Precisioon Machining 4858	Singapore, 7668 Rue de Rivoli, 52194	SG
S3_TRAIN_001695	Velocity Motors Unrelated 293 Pvt Ltd	7106 Orchard Road, Chennai, IN	IN
S3_TRAIN_001077	United Parcel Express 4555 Private Limited	Pune, 2695 Elm Street, 60934	IN
S3_TRAIN_000135	New Horizon Health 6439	4456 Friedrichstrasse, Frankfurt	DE
S3_TRAIN_000068	Starfire Gaming 8313	6398 Main St, Yokohama, 71621, JP	JP
S3_TRAIN_001139	Venture Point Capital 8697	3870 George St., Osaka, 66681, JP	JP
S3_TRAIN_000249	Milestone Educaation 6390	3370 MG Road, The Hague, 99327	NL
S3_TRAIN_001138	Fronttier Biotech 5054	Suite 990, 9936 George Street, Pune - 40511	IN
S3_TRAIN_001844	Riverstone Capital Unrelated 886 Co. Ltd.	2962 Commercial Road, Manchester, GB	GB
S3_TRAIN_001984	Centurion Security Unrelated 440 SAS	3664 Industrial Boulevard, Lyon, FR	FR
S3_TRAIN_000536	Standard Petrroleum 4379	Suite 505, 6834 Commercial Road, New Delhi - 12296	IN
S3_TRAIN_001467	Trident Subsea Works Unrelated 585 Proprietary Limited	880 Station Road, Sydney, AU	AU
S3_TRAIN_001485	Vertex Engineering Unrelated 644 Enterprises	6300 High Street, Pune, IN	IN
S3_TRAIN_000770	Enclavve Networks 8942	9365 Commercial Rd, Manchester, 77234, GB	GB
S3_TRAIN_000675	Fleetwood Engineering 22420	Suite 826, 2447 Market Street, Leeds - 19626	GB
S3_TRAIN_001703	Ivy League Education Unrelated 981 Pvt. Ltd.	4743 Victoria Road, Pune, IN	IN
S3_TRAIN_001615	TopTier Athletics Unrelated 961 Inc.	8767 Broadway, Vancouver, CA	CA
S3_TRAIN_002198	Solaria Energy Systems Unrelated 232 LLP	1582 Market Street, Dallas, US	US
S3_TRAIN_001211	Prime Auto Group 7770	Toronto, 5430 Elm Street, 38975	CA
S3_TRAIN_002074	Vanguard Asset Management Unrelated 980 Kabushiki Kaisha	3119 Victoria Road, Osaka, JP	JP
S3_TRAIN_000493	1790 CoreLogic	4710 Harbor Drive, Fukuoka	JP
S3_TRAIN_001860	Serenity Living Unrelated 742 Inc.	6369 Victoria Road, Seattle, US	US
S3_TRAIN_000609	Supreme Logistics 5634	1129 Commercial Rd, Berlin, 33230, DE	DE
S3_TRAIN_001050	MAVEN DATA SCIENCE 8379	Singapore, 7441 Maple Ave, 16058	SG
S3_TRAIN_000478	Premier Dental Care 98 SAS	891 Friedrichstrasse, Bordeaux, 21096	FR
S3_TRAIN_000624	6905 Vanguard	2419 Friedrichstrasse, Birmingham, 68547, GB	GB
S3_TRAIN_001911	Quantum Computing Labs Unrelated 152 Ltée	6174 Harbor Drive, Montreal, CA	CA
S3_TRAIN_001850	CoreLogic Solutions Unrelated 916 NL	532 Friedrichstrasse, Sydney, AU	AU
S3_TRAIN_001401	TrueNorth Consulting 208 NL	7208 Brigade Road, Perth	AU
S3_TRAIN_000156	4951 Rockwell	9577 Bay Street, Yokohama	JP
S3_TRAIN_001203	Sigma BioPharma 2064	Pune, 8180 Park Avenue, 56640	IN
S3_TRAIN_001465	Kinetic Sports Unrelated 990 G.K.	7076 Washington Blvd, Fukuoka, JP	JP
S3_TRAIN_002042	Cinnabar Creative Unrelated 697 GmbH & Co. KG	6443 Washington Blvd, Berlin, DE	DE
S3_TRAIN_000459	Cobalt Meedia Group 8093	6902 Oxford Street, Paris	FR
S3_TRAIN_001621	CrossRoads Transport Unrelated 991 LLP	6474 Queen Street, New York, US	US
S3_TRAIN_002078	Solaria Energy Systems Unrelated 262 AG	258 Bay Street, Frankfurt, DE	DE
S3_TRAIN_000854	Meridian Wealth 9285 Ltd.	1051 Bay St., Singapore, 29448, SG	SG
S3_TRAIN_001016	Venture Point Capital 1955 LLP	6608 Washington Blvd, Glasgow, 14239	GB
S3_TRAIN_001013	TrueNorth Consulting 345	204 Church St, Bordeaux, 29864	FR
S3_TRAIN_001456	Pathfinder Robotics Unrelated 590 B.V.	6730 MG Road, Utrecht, NL	NL
S3_TRAIN_001463	Nautilus Oceanic Unrelated 858 Kabushiki Kaisha	479 Victoria Road, Tokyo, JP	JP
S3_TRAIN_000884	Sterling Bank & Trust 5696	Singapore, 2448 Main St, 68599	SG
S3_TRAIN_000356	Winndward Nautical 4495	8732 Victoria Road, Toronto	CA
S3_TRAIN_001892	Centurion Security Unrelated 561 Ltée	4222 Orchard Road, Ottawa, CA	CA
S3_TRAIN_000232	3324 Jupiter	Toronto, 7198 Industrial Boulevard, 90879	CA
S3_TRAIN_000276	Sunlight Solar Power 335	New Delhi, 8842 Brigade Road, 24884	IN
S3_TRAIN_001000	Beacon Health 4838	6127 Industrial Blvd, New Delhi, 38173, IN	IN
S3_TRAIN_000429	EcoSphere Solutions 711 N.V.	Rotterdam, 7023 Industrial Boulevard, 79531	NL
S3_TRAIN_000558	Crestview Holdings  8393	Suite 917, 7164 Elm Street, Berlin - 14205	DE
S3_TRAIN_000535	Skyline Real Estate 7455	4616 Friedrichstrasse, Singapore	SG
S3_TRAIN_000587	Treasure Coast Marine 1043 Kabushiki Kaisha	Suite 801, 2642 Harbor Drive, Fukuoka - 35509	JP
S3_TRAIN_001036	4206 Helix	8394 Park Avenue, Brisbane, 87165	AU
S3_TRAIN_001357	4402 Keystone	Paris, 119 Harbor Drive, 63306	FR
S3_TRAIN_001965	Resolute Mining Unrelated 526 Ltée	6037 Orchard Road, Toronto, CA	CA
S3_TRAIN_000684	Spectrum Communications 7624	Tokyo, 4560 Rue de Rivoli, 20914	JP
S3_TRAIN_001332	Eagle Eye Surveillance 2743 Ltd.	Suite 113, 4239 Queen Street, Singapore - 64520	SG
S3_TRAIN_001040	TrueNorth Consulting 8987	7082 King Street, Austin, 10142	US
S3_TRAIN_000061	Olympus Chemical 1382	4060 High Street, Osaka, 67377	JP
S3_TRAIN_001048	Vista Window Systems 7848 Pte. Ltd.	3897 Market St., Singapore, 87814, SG	SG
S3_TRAIN_001970	First Horizon Banking Unrelated 916 B.V.	6735 Victoria Road, The Hague, NL	NL
S3_TRAIN_000501	Reliant Power Systems 6863 Limited	Suite 251, 8809 Market Street, Ottawa - 42105	CA
S3_TRAIN_000053	Maven Data Science 9591 G.K.	9788 Bay St., Nagoya, 79541, JP	JP
S3_TRAIN_000820	nebula-cloud-hosting-2745	Suite 574, 3937 Brigade Road, Singapore - 64929	SG
S3_TRAIN_001442	TrueNorth Consulting 1128	1513 Orchard Road, Yokohama, 72411	JP
S3_TRAIN_001825	Milestone Education Unrelated 529 SAS	1349 Washington Blvd, Bordeaux, FR	FR
S3_TRAIN_000358	Olympus Chemical 892	1195 Brigade Road, Stuttgart, 88638	
S3_TRAIN_001525	TrueNorth Consulting Unrelated 203 ULC	5235 Station Road, Vancouver, CA	CA
S3_TRAIN_001221	OmniSource Global 3449	Stuttgart, 7646 Friedrichstrasse, 26382	DE
S3_TRAIN_000579	Cedar Point Energy 7482	Brisbane, 5637 King Street, 56186	AU
S3_TRAIN_000204	MAVEN DATA SCIENCE 8042	4592 Orchard Road, Kolkata	IN
S3_TRAIN_001735	Prosper Wealth Advisors Unrelated 789 Enterprises	6416 High Street, Mumbai, IN	IN
S3_TRAIN_000008	Spectrum Communications 2061	9008 Rue de Rivoli, Pune, 31643	IN
S3_TRAIN_002170	Centurion Security Unrelated 713 AG	8228 Elm Street, Hamburg, DE	DE
S3_TRAIN_000141	3952 Venture	917 Harbor Drive, Adelaide, 38758, AU	AU
S3_TRAIN_001746	Xcel Precision Tools Unrelated 378 K.K.	1447 Washington Blvd, Nagoya, JP	JP
S3_TRAIN_001692	Apex Logistics Unrelated 127 G.K.	8290 Friedrichstrasse, Nagoya, JP	JP
S3_TRAIN_001913	Spectra Chemical Unrelated 753 Limited	8912 MG Road, Hyderabad, IN	IN
S3_TRAIN_001601	Heritage Distilling Unrelated 597 Ltd.	3036 Elm Street, Singapore, SG	SG
S3_TRAIN_001054	Global Trae Alliance 3804	Brisbane, 6986 Commercial Road, 77158	AU
S3_TRAIN_001124	West Coast Distribution 1004 Limited	Suite 295, 8485 Market Street, New Delhi - 58577	IN
S3_TRAIN_001388	Zephyr Clean Energy 1096 SNC	Lyon, 5015 Oxford Street, 70418	FR
S3_TRAIN_000004	Ultratech Industrial 2804 G.K.	7574 Industrial Boulevard, Osaka, 59735	JP
S3_TRAIN_001383	Kodiak Tactica 8190	448 Oxford Street, Paris	
S3_TRAIN_001593	Voyager Travel Group Unrelated 754 B.V.	2450 Station Road, Amsterdam, NL	NL
S3_TRAIN_001259	WHITE CLOUD TECHNOLOGIES 817	9854 Main St, Utrecht, 18626	NL
S3_TRAIN_001119	Renaissance Arts 89994	9965 Park Avenue, Sydney	AU
S3_TRAIN_001083	CRESTVIEW HOLDINGS 3433	Suite 310, 6971 Park Avenue, Munich - 18045	DE
S3_TRAIN_001121	White Cloud Technologies 5257 Corp.	Suite 550, 3398 Church St, Boston - 59142	US
S3_TRAIN_000345	Ivy League Education 7462	2570 Harbor Drive, Paris	FR
S3_TRAIN_000654	Sterling Bank & Trust 5793	9072 Main St, Vancouver, 86561, CA	CA
S3_TRAIN_000439	Genesis Industral 2032	5956 High Street, The Hague, 47568	NL
S3_TRAIN_002196	Ion Propulsion Labs Unrelated 843 PLC	936 MG Road, Edinburgh, GB	GB
S3_TRAIN_000151	5095 Nautilus	1610 Victoria Road, Perth	AU
S3_TRAIN_000615	Iconic Architecture 2032	Suite 755, 5266 Industrial Boulevard, Manchester - 39847	GB
S3_TRAIN_001257	CyberShiield Defense 2914	7366 Rue de Rivoli, Adelaide	AU
S3_TRAIN_001648	Victory Marine Unrelated 416 NL	7172 Washington Blvd, Melbourne, AU	AU
S3_TRAIN_001191	Sterling Bank & Trust 9920	8124 Oxford St., Toulouse, 59064, FR	FR
S3_TRAIN_001407	GreenLeaf Organics 1691	6561 Elm Street, Frankfurt	DE
S3_TRAIN_000071	7407 Delta	Suite 224, 1439 Friedrichstrasse, Pune - 99381	IN
S3_TRAIN_001284	Fusion Power Dynamics 7993	4513 Queen St., Yokohama, 73689, JP	
S3_TRAIN_000648	Vibrant Media Group 6123	Singapore, 3682 Maple Ave, 26688	SG
S3_TRAIN_001679	Southland Agriculture Unrelated 651 Incorporated	4637 Main St, Atlanta, US	US
S3_TRAIN_000851	Riverstone Capital  6776	Calgary, 3847 Queen Street, 20271	CA
S3_TRAIN_001741	Sterling Bank & Trust Unrelated 523 Co. Ltd.	5064 Industrial Boulevard, Leeds, GB	GB
S3_TRAIN_001333	ProActive Safety 319	2550 Friedrichstrasse, Singapore	SG
S3_TRAIN_001575	Zion Natural Foods Unrelated 707 SARL	5715 Maple Ave, Marseille, FR	FR
S3_TRAIN_000683	Starlight Entertainment 1124 LLP	55 Broadway, Manchester	GB
S3_TRAIN_001226	OnPoint Diagnostiics 512	San Francisco, 578 Friedrichstrasse, 60229	US
S3_TRAIN_000772	6231 Iconic	Suite 533, 9760 Queen Street, Amsterdam - 62852	NL
S3_TRAIN_000738	WorldBridge Express 2157 SA	Suite 928, 5915 Oxford Street, Paris - 27009	FR
S3_TRAIN_001805	Cobalt Media Group Unrelated 447 SA	5314 Industrial Boulevard, Bordeaux, FR	FR
S3_TRAIN_001299	Resolute Mining 1516	Suite 474, 4481 Brigade Road, Sydney - 85563	AU
S3_TRAIN_000391	Xcel Precision Tools 5334	Suite 774, 7939 Maple Ave, Lyon - 62450	FR
S3_TRAIN_001334	WAVEFORM ACOUSTIC 9929	7841 Station Road, Perth, 71355	AU
S3_TRAIN_001705	EcoSphere Solutions Unrelated 201 LLP	6565 Commercial Road, Singapore, SG	SG
S3_TRAIN_000503	1951 Modern	Suite 939, 9974 Elm Street, Frankfurt - 90822	DE
S3_TRAIN_000118	8370 Starlight	Suite 323, 4390 Broadway, Glasgow - 81186	GB
S3_TRAIN_001537	Acme Global Unrelated 426 SARL	1364 Park Avenue, Paris, FR	FR
S3_TRAIN_000217	Eagle Eye Surveillance 7669 Corp.	6815 Church St, Boston, 58374, US	US
S3_TRAIN_001015	Visionary Healthcare 2380	1577 Broadway, Singapore, 53946	SG
S3_TRAIN_001436	HYPERION SOLAR 9070	Suite 107, 4089 High Street, Boston - 42999	US
S3_TRAIN_001734	Redwood Software Unrelated 454 N.V.	5162 Elm Street, Rotterdam, NL	NL
S3_TRAIN_002131	BrightPath Financial Unrelated 299 B.V.	429 Maple Ave, Amsterdam, NL	NL
S3_TRAIN_001992	Visionary Healthcare Unrelated 485 LLP	5495 Market Street, Birmingham, GB	GB
S3_TRAIN_000380	Volt Electrical Services 5210 SAS	290 Station Road, Paris	FR
S3_TRAIN_001891	Modern Precision Unrelated 495 Co. Ltd.	7649 Station Road, Edinburgh, GB	GB
S3_TRAIN_001907	Heritage Distilling Unrelated 463 SARL	5295 Queen Street, Marseille, FR	FR
S3_TRAIN_000031	7934 Zenith	9778 Orchard Rd, Adelaide, 47093, AU	
S3_TRAIN_000774	Prime Auto Group 4510	Suite 870, 6 Market Street, Yokohama - 75867	JP
S3_TRAIN_001497	Metro Urban Transit Unrelated 660 NL	7567 Victoria Road, Adelaide, AU	AU
S3_TRAIN_001058	Halo Interactive 2713	1541 King Street, Glasgow, 63017	
S3_TRAIN_001193	Prism Opticall 7043	4264 High St., New York, 71133, US	US
S3_TRAIN_000299	290 Starfire	6286 Broadway, Atlanta, 68997	US
S3_TRAIN_000781	6972 Victory	Suite 589, 1941 Industrial Boulevard, Kolkata - 32925	IN
S3_TRAIN_000145	8963 Dynamo	7910 Maple Ave, Birmingham	GB
S3_TRAIN_000289	Cobalt Media Group 4750	1259 Washington Blvd, Adelaide, 77353	AU
S3_TRAIN_001263	6807 ProActive	Suite 110, 5783 Park Avenue, Toulouse - 42662	
S3_TRAIN_001960	CyberShield Defense Unrelated 793 Ltd.	8296 Bay Street, Singapore, SG	SG
S3_TRAIN_001796	Legacy Manufacturing Unrelated 441 Inc.	6397 Queen Street, Vancouver, CA	CA
S3_TRAIN_002004	Sigma BioPharma Unrelated 683 Pte. Ltd.	6520 Washington Blvd, Singapore, SG	SG
S3_TRAIN_000409	Quantum Computing Labs 8530 Inc.	1425 Washington Blvd, Montreal, 50063, CA	
S3_TRAIN_001084	1602 Gateway	Suite 747, 2218 Main St, Utrecht - 49774	NL
S3_TRAIN_001348	HORIZON FREIGHT 8177	4448 High Street, Stuttgart, 55106	DE
S3_TRAIN_000788	Summit Mountain Gear 8830 Pte. Ltd.	7779 Park Avenue, Singapore	SG
S3_TRAIN_002150	Windward Nautical Unrelated 667 Inc.	5198 Rue de Rivoli, Toronto, CA	CA
S3_TRAIN_000153	475 Supreme	945 MG Road, Mumbai	IN
S3_TRAIN_000697	CloudScale Sys 3359	1190 Church St, Toulouse, 23449	FR
S3_TRAIN_000539	Xcel Precision Tools 65572	3568 Commercial Road, Fukuoka, 64811	JP
S3_TRAIN_001936	Resolute Mining Unrelated 688 GmbH	2797 Oxford Street, Frankfurt, DE	DE
S3_TRAIN_001240	Jade Palace Dininng 5656	1336 Industrial Blvd, London, 49879, GB	GB
S3_TRAIN_000415	2437 TerraFirma	6575 Market Street, Toronto, 15028	CA
S3_TRAIN_002093	Universal Aerospace Unrelated 391 Co.	5838 Friedrichstrasse, Seattle, US	US
S3_TRAIN_002201	Zion Natural Foods Unrelated 845 Incorporated	9918 Rue de Rivoli, Boston, US	US
S3_TRAIN_002197	Jade Palace Dining Unrelated 597 N.V.	1598 Main St, Rotterdam, NL	NL
S3_TRAIN_002162	Quest Diagnostics Global Unrelated 870 Pty Ltd	7048 Station Road, Adelaide, AU	AU
S3_TRAIN_001493	Redwood Software Unrelated 971 Ltd.	9853 Commercial Road, Singapore, SG	SG
S3_TRAIN_001794	MicroTech Semiconductor Unrelated 646 NL	4071 Market Street, Brisbane, AU	AU
S3_TRAIN_000771	8807 Cascade	8327 Queen Street, Yokohama	JP
S3_TRAIN_001389	9278 Matrix	1473 Queen Street, Adelaide, 47803	AU
S3_TRAIN_001145	Lantern Publishing 7694	5352 Victoria Road, Sydney	AU
S3_TRAIN_000154	Linear Motion Control 1481	814 Bay Street, Sydney, 31352	AU
S3_TRAIN_001968	Clearwater Analytics Unrelated 555 N.V.	8587 Industrial Boulevard, The Hague, NL	NL
S3_TRAIN_000117	Sentient AI Systems 6810 SNC	Suite 891, 1355 Industrial Boulevard, Toulouse - 84107	FR
S3_TRAIN_001061	3091 Summit	7532 Friedrichstrasse, Singapore, 26136	SG
S3_TRAIN_000430	4442 Equinox	Suite 168, 1252 Oxford Street, Marseille - 10285	FR
S3_TRAIN_000250	Tandem Software 134 N.V.	The Hague, 4820 Market Street, 18180	NL
S3_TRAIN_000792	Vanguard Asset Management 5252	Ottawa, 2410 Broadway, 80337	
S3_TRAIN_001503	TransNational Logistics Unrelated 464 Incorporated	1502 Harbor Drive, Seattle, US	US
S3_TRAIN_001408	treasure-coast-marine-5519	Utrecht, 3295 Main St, 82919	NL
S3_TRAIN_001159	SoundWave Media 1992	Singapore, 149 George Street, 41137	SG
S3_TRAIN_001205	Frontier Biotech 2372	4838 Park Avenue, Utrecht, 53866	NL
S3_TRAIN_000270	Pathfinder Robotics 2585 Co.	105 Park Avenue, Dallas	US
S3_TRAIN_000551	Standard Petroleum 9657 Limited	Ottawa, 4915 Rue de Rivoli, 84623	CA
S3_TRAIN_002049	Spire Global Solutions Unrelated 394 LLP	1370 Rue de Rivoli, Birmingham, GB	GB
S3_TRAIN_000526	Fleetwood Engineering 919	Paris, 1598 Station Road, 81314	FR
S3_TRAIN_000836	MicroTech Semiconductor 6062 Corporation	Suite 430, 5441 Elm Street, New York - 91045	US
S3_TRAIN_001581	Crestview Holdings Unrelated 920 N.V.	813 Oxford Street, Utrecht, NL	NL
S3_TRAIN_000575	Zephyr Clean Energy 9995 SNC	Suite 272, 5594 Park Avenue, Lyon - 45665	FR
S3_TRAIN_001608	Paladin Risk Management Unrelated 696 AG	3096 Broadway, Frankfurt, DE	DE
S3_TRAIN_000421	Pioneer Drilling 6568 N.V.	Suite 837, 3016 MG Road, Utrecht - 10471	NL
S3_TRAIN_002061	Milestone Education Unrelated 108 UG	2140 Oxford Street, Berlin, DE	DE
S3_TRAIN_001110	Falcon Heavy Transport 2343 Corp.	Atlanta, 7329 Market Street, 64773	US
S3_TRAIN_000025	6233 Synthesis	4893 Commercial Road, Paris, 61116	FR
S3_TRAIN_000314	3279 Precision	Brisbane, 1348 Elm Street, 24526	AU
S3_TRAIN_000347	6712 Elevate	Singapore, 5555 Bay Street, 80909	SG
S3_TRAIN_000317	Renaissance Arts 4069	7507 King Street, Stuttgart	DE
S3_TRAIN_000786	1826 Dynamo	Suite 735, 7332 Market Street, Mumbai - 47416	IN
S3_TRAIN_000672	2785 Infinity	4380 Broadway, Singapore	
S3_TRAIN_001283	2720 Turbine	1138 Station Road, Tokyo, 64108	JP
S3_TRAIN_000325	Pulse Digital Marketinng 6034	6980 George St., Rotterdam, 22182, NL	NL
S3_TRAIN_000234	Iconic Architecture 4771 SARL	Suite 761, 4685 Queen Street, Toulouse - 70469	FR
S3_TRAIN_000681	Starfire Gaming 6829	839 Maple Ave, Seattle, 75095, US	US
S3_TRAIN_000591	Titan Heavy Machinery 2544	8979 Friedrichstrasse, Utrecht, 60966	NL
S3_TRAIN_002136	Sanctuary Spa Group Unrelated 933 N.V.	7021 Harbor Drive, Rotterdam, NL	NL
S3_TRAIN_000553	4414 ProActive	4975 Rue de Rivoli, Montreal	CA
S3_TRAIN_002028	Cascade Capital Unrelated 145 K.K.	1597 Main St, Tokyo, JP	JP
S3_TRAIN_002100	Pathfinder Robotics Unrelated 212 SNC	3454 Elm Street, Paris, FR	FR
S3_TRAIN_001623	Viking Freight Unrelated 337 N.V.	2138 George Street, Utrecht, NL	NL
S3_TRAIN_000997	PROACTIVE SAFETY 9016	4902 Queen Street, Pune	IN
S3_TRAIN_001950	Navitas Clean Energy Unrelated 321 B.V.	6589 Commercial Road, Rotterdam, NL	NL
S3_TRAIN_001556	Silicon Valley Micro Unrelated 232 PLC	6993 Elm Street, London, GB	GB
S3_TRAIN_000400	velocity-motors-7293	Suite 686, 1911 Broadway, Berlin - 20831	DE
S3_TRAIN_000745	Harbor Light Logstics 7728	7472 King St., Singapore, 33192, SG	SG
S3_TRAIN_001532	MicroTech Semiconductor Unrelated 447 Ltée	7324 Broadway, Calgary, CA	CA
S3_TRAIN_001409	dynamo-retail-7700	Dallas, 514 MG Road, 17022	US
S3_TRAIN_000928	BrightPath Financial 3099	Sydney, 5948 Park Avenue, 36667	AU
S3_TRAIN_000677	supreme-logistics-3015	6813 Oxford Street, Austin	US
S3_TRAIN_001641	TriState Utilities Unrelated 709 K.K.	4279 Elm Street, Yokohama, JP	JP
S3_TRAIN_000800	Treasure Coas Marine 1191	Suite 229, 9689 Commercial Road, Berlin - 66197	
S3_TRAIN_001253	PARAMOUNT CONSTRUCTION 8318	9100 Brigade Road, Lyon, 38333	FR
S3_TRAIN_001898	Windward Nautical Unrelated 636 B.V.	5075 Park Avenue, Utrecht, NL	NL
S3_TRAIN_001808	Threshold Interactive Unrelated 741 LLP	5072 Harbor Drive, Singapore, SG	SG
S3_TRAIN_001591	Trident Subsea Works Unrelated 615 Kabushiki Kaisha	5964 Bay Street, Yokohama, JP	JP
S3_TRAIN_001604	Eagle Eye Surveillance Unrelated 842 Pte. Ltd.	3133 King Street, Singapore, SG	SG
S3_TRAIN_001341	White Cloud Technologies 3461	Marseille, 6003 High Street, 22178	FR
S3_TRAIN_000308	Genesis Industrial 3868 PLC	8197 Harbor Drive, Glasgow	GB
S3_TRAIN_001443	Pacific Rim Trading 9383 B.V.	Suite 395, 9946 Rue de Rivoli, Rotterdam - 43440	NL
S3_TRAIN_000361	Pathfinder Robotics 3364 LLP	5945 Main St, Singapore, 11296, SG	SG
S3_TRAIN_001635	Serenity Living Unrelated 878 PLC	6596 Industrial Boulevard, London, GB	GB
S3_TRAIN_001937	Guardian Asset Management Unrelated 105 Limited	1184 King Street, Chennai, IN	IN
S3_TRAIN_001826	Ultratech Industrial Unrelated 279 N.V.	5370 Elm Street, Utrecht, NL	NL
S3_TRAIN_001128	Western Digital Systems 6008	2268 Queen St., Mumbai, 98403, IN	IN
S3_TRAIN_001195	Nebula Cloud Hosting 5021	Suite 697, 1524 George Street, Toulouse - 76941	FR
S3_TRAIN_001106	Cascade Capital 657 Corporation	5516 Friedrichstrasse, Chicago	US
S3_TRAIN_000378	northstar-financial-5287	3394 Maple Ave, Osaka, 81002	JP
S3_TRAIN_001902	Silverline Transport Unrelated 524 LLP	7358 Friedrichstrasse, Boston, US	US
S3_TRAIN_001856	Olympus Chemical Unrelated 682 UG	1910 Broadway, Frankfurt, DE	DE
S3_TRAIN_000682	Universal Aerospace 4024 SA	2128 Broadway, Paris	FR
S3_TRAIN_001414	redwood-software-1484	4481 Friedrichstrasse, Rotterdam	
S3_TRAIN_001657	Riverstone Capital Unrelated 707 Ltée	6224 Commercial Road, Ottawa, CA	CA
S3_TRAIN_000064	Voyager Travel Groupp 2713	Suite 388, 5969 George Street, Paris - 98652	FR
S3_TRAIN_001076	enclave-networks-5808	Suite 270, 1664 Park Avenue, Ottawa - 61596	CA
S3_TRAIN_000017	6756 Heritage	5443 Harbor Drive, Austin	
S3_TRAIN_000968	Talon Security 943 SAS	6436 Maple Ave, Marseille	FR
S3_TRAIN_001101	Renaissance Arts 9493	Rotterdam, 8 Brigade Road, 47441	NL
S3_TRAIN_002101	Sunlight Solar Power Unrelated 205 ULC	4818 Brigade Road, Toronto, CA	CA
S3_TRAIN_001209	UNIVERSAL AEROSPACE 2097	Kolkata, 378 Elm Street, 21558	IN
S3_TRAIN_000901	sentient-ai-systems-8828	9445 Station Road, Birmingham	GB
S3_TRAIN_000485	Spectrum Communications 9427	Suite 369, 8193 Maple Ave, Ottawa - 50925	CA
S3_TRAIN_000184	United Parccel Express 1037	Suite 504, 1190 Victoria Road, Amsterdam - 56884	NL
S3_TRAIN_000999	Safeguard Insurance 6655 LLP	9134 Main St, Singapore, 14337, SG	SG
S3_TRAIN_001508	West Coast Distribution Unrelated 322 N.V.	9625 Brigade Road, The Hague, NL	NL
S3_TRAIN_001940	Compass Point Marine Unrelated 352 LLP	2759 High Street, New Delhi, IN	IN
S3_TRAIN_000864	Overland Express 4740 Private Limited	Mumbai, 6156 Broadway, 33088	
S3_TRAIN_001384	Elevate Diigital 1520	The Hague, 2256 Washington Blvd, 29947	NL
S3_TRAIN_002137	Unified Communications Unrelated 765 GmbH & Co. KG	8916 Oxford Street, Berlin, DE	DE
S3_TRAIN_001044	Redwood Software 3154	Atlanta, 2979 Bay Street, 87379	US
S3_TRAIN_001116	Victory Marine 9442 Private Limited	2727 Orchard Road, Singapore	SG
S3_TRAIN_001430	8046 Sierra	1031 Industrial Boulevard, Sydney, 57700	
S3_TRAIN_000778	Tritate Utilities 3027	Suite 421, 8945 Oxford Street, Singapore - 65336	SG
S3_TRAIN_001551	Paladin Risk Management Unrelated 106 B.V.	203 Bay Street, Utrecht, NL	NL
S3_TRAIN_000692	Spectra Chemical 4796	Munich, 9680 Bay Street, 63941	DE
S3_TRAIN_002025	Tandem Software Unrelated 238 Co. Ltd.	5494 Victoria Road, London, GB	GB
S3_TRAIN_000909	MODERN PRECISION 2902	Tokyo, 4177 Bay Street, 43610	JP
S3_TRAIN_000585	White Cloud Technologies 4524 N.V.	452 Harbor Drive, Utrecht	NL
S3_TRAIN_001699	Sapphire Healthcare Unrelated 824 SA	4178 Main St, Marseille, FR	FR
S3_TRAIN_000196	apex-logistics-9470	Suite 699, 118 Orchard Road, Tokyo - 59155	JP
S3_TRAIN_001571	OnPoint Diagnostics Unrelated 353 G.K.	5414 Park Avenue, Tokyo, JP	JP
S3_TRAIN_000616	Trident Subsea Works 7047	Bristol, 7307 Victoria Road, 11572	GB
S3_TRAIN_002195	Synergy Pharmaceuticals Unrelated 907 Ltd.	1710 George Street, Bristol, GB	GB
S3_TRAIN_000441	Pioneer Drilling 7574	7676 Friedrichstrasse, Birmingham	GB
S3_TRAIN_001589	Overland Express Unrelated 810 Pte. Ltd.	4662 Elm Street, Singapore, SG	SG
S3_TRAIN_002127	Latitude Geospatial Unrelated 445 LLC	989 Market Street, Atlanta, US	US
S3_TRAIN_002087	Oceanic Seafoods Unrelated 782 LLP	7877 Bay Street, Singapore, SG	SG
S3_TRAIN_000921	Galaxy Softworks 77006	7629 Washington Blvd, Singapore, 88994, SG	
S3_TRAIN_001303	Prosper Wealth Advisors 1151	1177 Market Street, Rotterdam, 79508	NL
S3_TRAIN_000278	Prosper Wealth Advisors 7273	Seattle, 1032 MG Road, 12888	US
S3_TRAIN_000406	Oakwood Furnishings 4477	4484 Brigade Rd, Kolkata, 11292, IN	IN
S3_TRAIN_000758	2460 Gateway	2111 Bay St., Utrecht, 12243, NL	NL
S3_TRAIN_000173	Titan Heavy Machinery 8394	9070 Station Road, Adelaide	AU
S3_TRAIN_000131	Cedar Point Energy 5489 Private Limited	1047 Orchard Road, Singapore	SG
S3_TRAIN_000042	Trident Subsea Works 3946	Suite 394, 3805 Market Street, Bordeaux - 70443	FR
S3_TRAIN_000765	Insightful Analytics 3283 B.V.	The Hague, 7201 Industrial Boulevard, 43321	NL
S3_TRAIN_000943	8686 Oceanic	Suite 103, 371 Broadway, Pune - 71937	IN
S3_TRAIN_000838	MicroTechh Semiconductor 863	Suite 206, 3202 Elm Street, Adelaide - 42481	AU
S3_TRAIN_001933	Ivy League Education Unrelated 892 Kabushiki Kaisha	4360 MG Road, Yokohama, JP	JP
S3_TRAIN_001361	Suummit Mountain Gear 9743	1395 High Street, Munich	DE
S3_TRAIN_001448	Quest Diagnostics Global 9338	6592 High Street, Pune, 62545	IN
S3_TRAIN_000416	Horizon Freight 670 Inc.	5270 King Street, New York	US
S3_TRAIN_002191	Sterling Bank & Trust Unrelated 840 Co. Ltd.	450 Broadway, Bristol, GB	GB
S3_TRAIN_000295	Redwood Software 3701 G.K.	Suite 207, 7012 Queen Street, Fukuoka - 34744	JP
S3_TRAIN_000857	7984 Veritas	Marseille, 7632 Park Avenue, 44536	FR
S3_TRAIN_000279	TerraFirma Landscaping 8687	4983 Friedrichstrasse, Fukuoka	JP
S3_TRAIN_001386	Volt Electrical Services 6881 Pvt Ltd	9346 Rue de Rivoli, Kolkata	IN
S3_TRAIN_001693	Wellspring Health Unrelated 412 Ltd.	324 Bay Street, New Delhi, IN	IN
S3_TRAIN_000273	Modern Precisio 9890	Kolkata, 2785 Washington Blvd, 85775	IN
S3_TRAIN_001888	Wildcat Oil Exploration Unrelated 711 Corporation	9008 Oxford Street, Boston, US	US
S3_TRAIN_000722	Orbit Satellite Services 8922	Hyderabad, 4359 King Street, 22254	IN
S3_TRAIN_000753	Cinnabar Creaative 729	Adelaide, 9939 Rue de Rivoli, 99917	AU
S3_TRAIN_000124	Vanguard Asset Management 2712 Inc.	Suite 555, 5006 Washington Blvd, Atlanta - 40689	
S3_TRAIN_002065	First Horizon Banking Unrelated 350 Co. Ltd.	8770 Washington Blvd, Edinburgh, GB	GB
S3_TRAIN_000040	Wavefrm Acoustic 3913	6731 Brigade Rd, The Hague, 15720, NL	NL
S3_TRAIN_000780	Silicon Valley Micro 9972 Corporation	3974 Market Street, Atlanta	US
S3_TRAIN_000446	ZionNatural Foods 8925	Suite 227, 8248 Friedrichstrasse, Bristol - 86183	GB
S3_TRAIN_001483	United Parcel Express Unrelated 707 PLC	986 Commercial Road, Edinburgh, GB	GB
S3_TRAIN_000949	Paladin Ris Management 1168	Suite 195, 5976 Harbor Drive, Singapore - 82096	
S3_TRAIN_001038	Cobalt Media Group 8857 N.V.	Rotterdam, 9974 Main St, 46435	NL
S3_TRAIN_000740	Apex Logistics 646 Inc.	6104 Queen St., Austin, 93776, US	US
S3_TRAIN_001311	320 Vista	Boston, 531 Park Avenue, 77275	US
S3_TRAIN_001291	Harbor Light Logistics 6990	1071 Brigade Rd, Marseille, 94659, FR	FR
S3_TRAIN_000323	Legacy Manufacturing 8162	4658 Main St, Birmingham, 99300	GB
S3_TRAIN_001542	Nimble Supply Chain Unrelated 827 Pty Ltd	5179 Orchard Road, Adelaide, AU	AU
S3_TRAIN_000877	Kinetic Sports 2906	9985 Orchard Rd, Osaka, 60510, JP	JP
S3_TRAIN_001570	Wildcat Oil Exploration Unrelated 594 N.V.	3340 Friedrichstrasse, Amsterdam, NL	NL
S3_TRAIN_000048	catalyst-innovation-9199	1036 Brigade Road, Stuttgart	DE
S3_TRAIN_000926	SoundWav Media 9368	Suite 567, 4131 Broadway, Amsterdam - 25612	NL
S3_TRAIN_001535	Nova Medical Devices Unrelated 446 Private Limited	888 Friedrichstrasse, Hyderabad, IN	IN
S3_TRAIN_001501	Equinox Venture Partners Unrelated 608 Corp.	5973 Station Road, New York, US	US
S3_TRAIN_000388	Frontier Biotech 4535 PLC	Birmingham, 9596 Main St, 40773	
S3_TRAIN_001181	United Parcel Express 365 LLP	Suite 467, 4274 Park Avenue, Singapore - 91425	SG
S3_TRAIN_000369	RADIUS GEOSPATIAL 7373	2277 Commercial Road, Tokyo	JP
S3_TRAIN_001533	TransNational Logistics Unrelated 229 SAS	2943 Brigade Road, Marseille, FR	FR
S3_TRAIN_002179	Global Trade Alliance Unrelated 450 Inc.	5407 Elm Street, Boston, US	US
S3_TRAIN_001069	Pacific Rim Trading 2975	3518 Broadway, Fukuoka, 30751, JP	JP
S3_TRAIN_001967	Cinnabar Creative Unrelated 903 SAS	2442 George Street, Marseille, FR	FR
S3_TRAIN_001505	Resolute Mining Unrelated 697 ULC	6287 Bay Street, Vancouver, CA	CA
S3_TRAIN_001976	Waveform Acoustic Unrelated 569 Limited	386 Harbor Drive, Chennai, IN	IN
S3_TRAIN_000384	Iconic Architecture 69	6629 Rue de Rivoli, Boston, 64502, US	US
S3_TRAIN_000777	Linear Motion Control 9742	Yokohama, 686 Church St, 81657	JP
S3_TRAIN_001064	Jade Palace Dining 8972	5481 Industrial Boulevard, Berlin	DE
S3_TRAIN_002152	Zenith Broadcast Group Unrelated 581 Pty Ltd	6716 Elm Street, Sydney, AU	AU
S3_TRAIN_001109	West Coast Distribuion 6023	6665 Queen Street, London	GB
S3_TRAIN_001954	Zenith Broadcast Group Unrelated 814 Ltd.	3084 Orchard Road, Singapore, SG	SG
S3_TRAIN_001758	Skyline Real Estate Unrelated 505 Ltd.	8519 Church St, Chennai, IN	IN
S3_TRAIN_000975	9515 Compass	Suite 351, 3033 MG Road, Hamburg - 18749	DE
S3_TRAIN_000086	5263 MicroTech	9407 Park Avenue, Sydney, 40437	AU
S3_TRAIN_000600	Latitude Geospatial 9858	2640 Church St, Nagoya, 28790, JP	JP
S3_TRAIN_001256	8775 Olympus	1267 Broadway, Frankfurt	DE
S3_TRAIN_000350	Sterling Bank &Trust 6670	Leeds, 6677 Main St, 93039	GB
S3_TRAIN_001062	Modern Precision 441	Suite 414, 4020 MG Road, Rotterdam - 55935	NL
S3_TRAIN_001602	Synthesis Data Labs Unrelated 295 Private Limited	7528 King Street, Singapore, SG	SG
S3_TRAIN_000625	SUNRISE BAKERY 9315	Suite 658, 2161 Harbor Drive, New York - 75100	
S3_TRAIN_000091	MicroTech Semiconductor 6699	6888 Market St., Kolkata, 59081, IN	IN
S3_TRAIN_001072	6078 Premier	4383 Park Avenue, Stuttgart	DE
S3_TRAIN_001476	Spectra Chemical Unrelated 848 Pty Ltd	3736 MG Road, Adelaide, AU	AU
S3_TRAIN_001799	Magnolia Hospitality Unrelated 472 GmbH & Co. KG	3333 Harbor Drive, Berlin, DE	DE
S3_TRAIN_001580	Veritas Legal Services Unrelated 355 N.V.	1366 Main St, Utrecht, NL	NL
S3_TRAIN_001817	Sapphire Healthcare Unrelated 688 SARL	6389 Washington Blvd, Bordeaux, FR	FR
S3_TRAIN_001415	Guardian sset Management 5299	Austin, 739 Brigade Road, 77043	US
S3_TRAIN_001755	Pathfinder Robotics Unrelated 489 B.V.	5365 MG Road, Rotterdam, NL	NL
S3_TRAIN_000531	82 Paramount	Lyon, 1637 Commercial Road, 71708	
S3_TRAIN_001453	Navitas Clean Energy 3666	8339 Commercial Road, Bengaluru, 60718	IN
S3_TRAIN_000861	Timberline Lumber 658 B.V.	Utrecht, 6459 Bay Street, 79963	NL
S3_TRAIN_000026	MATRIX COMPUTING 7141	Suite 778, 5508 Bay Street, Paris - 97670	
S3_TRAIN_000039	2523 Fleetwood	Suite 906, 4480 Orchard Road, Marseille - 64459	FR
S3_TRAIN_000766	Centurion Security 44	Perth, 6973 George Street, 23129	AU
S3_TRAIN_002186	Frontier Biotech Unrelated 330 Co. Ltd.	3045 Harbor Drive, Leeds, GB	GB
S3_TRAIN_001978	Unified Communications Unrelated 337 N.V.	6898 Station Road, Amsterdam, NL	NL
S3_TRAIN_001006	TransNational Logistics 8850	Singapore, 6288 King Street, 48944	
S3_TRAIN_001982	NorthStar Financial Unrelated 339 LLP	1867 Industrial Boulevard, New Delhi, IN	IN
S3_TRAIN_002072	Paramount Construction Unrelated 998 Limited	5141 Maple Ave, Montreal, CA	CA
S3_TRAIN_000340	Premier Dental Care 3233	8806 High St., Sydney, 53842, AU	AU
S3_TRAIN_000896	Vista Window Systems 5577	1393 Victoria Rd, Bengaluru, 80818, IN	IN
S3_TRAIN_000668	Saturn Heavy Industries 4460	Suite 256, 8174 Queen Street, Stuttgart - 63046	DE
S3_TRAIN_002115	Polaris Navigation Unrelated 292 Corp.	3472 High Street, Montreal, CA	CA
S3_TRAIN_002168	Cobalt Media Group Unrelated 360 LLC	1354 Rue de Rivoli, Chicago, US	US
S3_TRAIN_001180	OmniSource Global 2673 Kabushiki Kaisha	6115 Maple Ave, Yokohama, 89793	JP
S3_TRAIN_001622	Laguna Marine Unrelated 444 UG	9359 Harbor Drive, Frankfurt, DE	DE
S3_TRAIN_002076	Beacon Health Unrelated 909 Corp.	760 Oxford Street, Seattle, US	US
S3_TRAIN_001520	Victory Marine Unrelated 894 SA	7543 Washington Blvd, Toulouse, FR	FR
S3_TRAIN_001634	Evergreen Forestry Unrelated 880 LLP	2292 Friedrichstrasse, New York, US	US
S3_TRAIN_000716	Paramount Construction 2034 Corp.	6072 King Street, San Francisco	US
S3_TRAIN_001166	Meridian Wealth 8951 Pte. Ltd.	Suite 604, 5832 George Street, Singapore - 77735	SG
S3_TRAIN_000419	CLOUDSCALE SYSTEMS 2095	Suite 122, 4138 Church St, Calgary - 83445	CA
S3_TRAIN_001513	Vanguard Asset Management Unrelated 435 G.K.	9006 King Street, Tokyo, JP	JP
S3_TRAIN_002027	Tandem Software Unrelated 488 UG	7615 Elm Street, Frankfurt, DE	DE
S3_TRAIN_001919	Linear Motion Control Unrelated 884 Corp.	6592 Brigade Road, New York, US	US
S3_TRAIN_001431	Elevate Diggital 3088	6087 Oxford Street, Glasgow	GB
S3_TRAIN_000515	4564 Sunlight	8737 Victoria Road, Marseille, 76400	FR
S3_TRAIN_001900	Volt Electrical Services Unrelated 874 N.V.	140 Washington Blvd, Rotterdam, NL	NL
S3_TRAIN_000571	Silicon Valley Micro 2992	Suite 919, 3635 Market Street, Singapore - 12191	SG
S3_TRAIN_000302	OmniSource Global 5856	4002 High St., Singapore, 42455, SG	SG
S3_TRAIN_000452	Overland Express 3408 LLP	360 Rue de Rivoli, Singapore	SG
S3_TRAIN_001470	Liberty Title Agency Unrelated 320 GmbH & Co. KG	4417 Washington Blvd, Hamburg, DE	DE
S3_TRAIN_001396	Sierra Nevada Brewin 576	8268 Oxford St., Rotterdam, 45562, NL	NL
S3_TRAIN_000307	United Parcel Express 692	1376 High Street, Paris	FR
S3_TRAIN_001842	Veritas Legal Services Unrelated 239 SARL	894 Friedrichstrasse, Bordeaux, FR	FR
S3_TRAIN_001671	Sentient AI Systems Unrelated 551 Private Limited	4119 Oxford Street, Bengaluru, IN	IN
S3_TRAIN_000342	Crestview Holdings 6111 Ltd	2029 Commercial Road, Adelaide, 16256	AU
S3_TRAIN_001838	Cobalt Media Group Unrelated 243 Ltd.	6087 Elm Street, Singapore, SG	SG
S3_TRAIN_000655	Vibrant Media Group 5055	Singapore, 3497 Friedrichstrasse, 40432	
S3_TRAIN_000948	Global Trade Alliance 1466 GmbH & Co. KG	1892 Harbor Drive, Berlin, 63290, DE	DE
S3_TRAIN_001880	Spire Global Solutions Unrelated 964 Ltd.	270 Washington Blvd, Singapore, SG	SG
S3_TRAIN_000497	Visionary Healthcare 6816	Suite 767, 4639 George Street, Bristol - 28753	GB
S3_TRAIN_001014	CoreLogic Solutioons 3111	4320 Queen St., The Hague, 12708, NL	NL
S3_TRAIN_001249	Emerald City Foods 5342	Suite 946, 3422 George Street, Fukuoka - 87577	JP
S3_TRAIN_000442	Seaside Seafood Co 3484	7448 Oxford Street, Paris	FR
S3_TRAIN_001553	Cascade Capital Unrelated 857 Limited	7144 Maple Ave, London, GB	GB
S3_TRAIN_001033	Viking Freight 5318 G.K.	Suite 103, 7272 King Street, Fukuoka - 91727	JP
S3_TRAIN_000029	Sanctuary Spa Group 8042	4821 Park Avenue, Paris, 39045	FR
S3_TRAIN_000741	First Horizon BBanking 5341	92 MG Rd, Berlin, 52464, DE	DE
S3_TRAIN_000964	Silicon Valley Micro 8948 Pte. Ltd.	Suite 962, 6860 Main St, Singapore - 74901	SG
S3_TRAIN_000420	maven-data-science-2113	Suite 621, 997 Elm Street, Sydney - 34928	AU
S3_TRAIN_000322	5728 Frontier	2960 Queen St., Manchester, 32058, GB	GB
S3_TRAIN_000509	unified-communications-5714	2951 King St., Bordeaux, 49334, FR	FR
S3_TRAIN_001651	Fusion Power Dynamics Unrelated 837 B.V.	4419 High Street, Utrecht, NL	NL
S3_TRAIN_000755	Pioneer Drilling 1344	7541 Broadway, Utrecht, 18704, NL	NL
S3_TRAIN_000743	Reliant Power Sys 7227	105 Market Street, Perth, 27004	
S3_TRAIN_001829	Voyager Travel Group Unrelated 656 AG	9966 Victoria Road, Berlin, DE	DE
S3_TRAIN_001563	Waveform Acoustic Unrelated 489 Pty Ltd	2437 Washington Blvd, Perth, AU	AU
S3_TRAIN_001118	Lantern Publishing 1047 AG	Suite 569, 8339 Bay Street, Hamburg - 54555	DE
S3_TRAIN_002084	Oakwood Furnishings Unrelated 329 SARL	1830 Church St, Bordeaux, FR	FR
S3_TRAIN_000432	Genesis Industrial 4829 SAS	Lyon, 6899 Church St, 41784	FR
S3_TRAIN_002056	Falcon Heavy Transport Unrelated 766 LLC	1784 Orchard Road, Boston, US	US
S3_TRAIN_001782	Volt Electrical Services Unrelated 660 Ltée	1769 Main St, Vancouver, CA	CA
S3_TRAIN_001894	Nexus Telecom Unrelated 689 Private Limited	2351 Park Avenue, Singapore, SG	SG
S3_TRAIN_001377	4495 CrossRoads	Suite 647, 4091 MG Road, Atlanta - 33934	US
S3_TRAIN_002048	Fusion Power Dynamics Unrelated 500 Kabushiki Kaisha	4290 MG Road, Yokohama, JP	JP
S3_TRAIN_001595	Starfire Gaming Unrelated 356 Co.	4126 Market Street, Austin, US	US
S3_TRAIN_000567	Legacy Manufacturing 3707 NL	4934 Harbor Drive, Melbourne	AU
S3_TRAIN_001233	LUMINARY LIGHTING 4471	Singapore, 3519 Victoria Road, 33706	SG
S3_TRAIN_002166	Navitas Clean Energy Unrelated 957 SA	3652 Brigade Road, Lyon, FR	FR
S3_TRAIN_000978	pioneer-drilling-8575	519 George Street, Hamburg	DE
S3_TRAIN_000695	navitas-clean-energy-6961	3269 Elm Street, Brisbane	
S3_TRAIN_001757	ProActive Safety Unrelated 507 Ltd.	4887 Commercial Road, London, GB	GB
S3_TRAIN_001328	VIKING FREIGHT 234	7170 Main St, Singapore	
S3_TRAIN_000642	OnPoint Diagnostics 509	8832 Bay Street, Perth, 22845	AU
S3_TRAIN_000248	Evergreen Forestry 9772 Private Limited	Singapore, 1008 Rue de Rivoli, 21866	SG
S3_TRAIN_002174	Tandem Software Unrelated 440 B.V.	2625 Church St, Rotterdam, NL	NL
S3_TRAIN_000009	West Coast Distribution 965 Corp.	Toronto, 5414 High Street, 19287	CA
S3_TRAIN_001955	Emerald City Foods Unrelated 186 NL	4991 Maple Ave, Adelaide, AU	AU
S3_TRAIN_002043	Pioneer Drilling Unrelated 248 PLC	1266 High Street, Edinburgh, GB	GB
S3_TRAIN_000494	Rockwell Automation Sys 3904	Bengaluru, 4496 Oxford Street, 21211	IN
S3_TRAIN_000188	zenith-broadcast-group-7146	Brisbane, 5433 Market Street, 72908	
S3_TRAIN_000373	Monarch Aerospace 6408 B.V.	4082 George Street, Rotterdam	NL
S3_TRAIN_001614	Fleetwood Engineering Unrelated 172 Pvt Ltd	9525 Harbor Drive, Hyderabad, IN	IN
S3_TRAIN_002173	Xcel Precision Tools Unrelated 863 LLP	3300 Orchard Road, Atlanta, US	US
S3_TRAIN_000525	prairie-wind-renewables-720	938 Washington Blvd, Brisbane, 84996	AU
S3_TRAIN_002018	Keystone Civil Works Unrelated 730 Private Limited	5900 Oxford Street, Mumbai, IN	IN
S3_TRAIN_002063	First Horizon Banking Unrelated 721 Kabushiki Kaisha	7942 Friedrichstrasse, Tokyo, JP	JP
S3_TRAIN_000407	Helix BioSciences 8626 Ltd	1566 Rue de Rivoli, Adelaide, 79331	AU
S3_TRAIN_001951	Galaxy Softworks Unrelated 806 Ltd.	9158 Church St, Singapore, SG	SG
S3_TRAIN_000760	Quest Diagnostics Global 6983	3739 George St., Amsterdam, 27037, NL	NL
S3_TRAIN_001519	Nautilus Oceanic Unrelated 823 G.K.	4008 Rue de Rivoli, Nagoya, JP	JP
S3_TRAIN_000739	ProActive Safety 957 GmbH & Co. KG	Suite 858, 6808 Orchard Road, Stuttgart - 68953	DE
S3_TRAIN_001523	Heritage Distilling Unrelated 143 LLC	8358 Market Street, Seattle, US	US
S3_TRAIN_001350	Resolute Mining 5454	3421 Elm Street, Bristol	GB
S3_TRAIN_002099	Matrix Computing Unrelated 818 Kabushiki Kaisha	8124 Harbor Drive, Yokohama, JP	JP
S3_TRAIN_000481	Pinnacle Pharmaceuticals 1759 SA	2428 George St., Toulouse, 13666, FR	FR
S3_TRAIN_000353	8012 Waveform	1271 Washington Blvd, Singapore, 80601	SG
S3_TRAIN_001942	WorldBridge Express Unrelated 675 AG	3683 Main St, Stuttgart, DE	DE
S3_TRAIN_002046	Oakwood Furnishings Unrelated 469 Pty Ltd	7770 Elm Street, Adelaide, AU	AU
S3_TRAIN_000339	OmniSource Globaal 130	2407 Maple Ave, Adelaide, 62944	AU
S3_TRAIN_001391	Genesis Industrial 6793 UG	7477 Oxford Street, Hamburg, 71912	DE
S3_TRAIN_001742	Unified Communications Unrelated 321 Ltée	6203 Victoria Road, Vancouver, CA	CA
S3_TRAIN_000627	Genesis Industrial8202	6485 Bay Street, Frankfurt	
S3_TRAIN_001183	RADIANT ENERGY 9429	Nagoya, 4559 Main St, 52494	JP
S3_TRAIN_000671	Waveform Acouustic 2489	2910 Rue de Rivoli, New York, 14284, US	US
S3_TRAIN_001089	clearwater-analytics-1360	3646 Broadway, Brisbane, 10667, AU	AU
S3_TRAIN_000113	Sunlight Solar Power 6986	Suite 539, 3023 Bay Street, Lyon - 34430	FR
S3_TRAIN_000970	Pulse Digital Marketing 1974 SAS	74 Main St, Lyon, 84852, FR	FR
S3_TRAIN_001557	Sentient AI Systems Unrelated 560 Ltée	6396 Maple Ave, Montreal, CA	CA
S3_TRAIN_001429	MicroTech Semicoonductor 8117	6568 Washington Blvd, Chennai, 26182, IN	IN
S3_TRAIN_000996	Comass Point Marine 9816	Suite 641, 4889 Washington Blvd, Hyderabad - 15574	IN
S3_TRAIN_001540	Golden Gate Trading Unrelated 981 Limited	526 Orchard Road, Bristol, GB	GB
S3_TRAIN_002177	Vanguard Asset Management Unrelated 603 Corp.	1659 Oxford Street, Calgary, CA	CA
S3_TRAIN_000908	Safeguard Insurance 7966	2596 Main St, Hyderabad, 81395, IN	IN
S3_TRAIN_000297	Pulse Digital Marketing 8178	4473 Elm Street, Adelaide, 94388	AU
S3_TRAIN_000275	Paladin Risk Managemeent 7608	San Francisco, 5455 Bay Street, 79588	US
S3_TRAIN_002020	Southland Agriculture Unrelated 416 LLP	3107 Brigade Road, Singapore, SG	SG
S3_TRAIN_001276	GreenLeaf Organics 8000 Ltd.	9077 Main St, Kolkata	IN
S3_TRAIN_001941	Kinetic Sports Unrelated 617 Proprietary Limited	7895 High Street, Brisbane, AU	AU
S3_TRAIN_000538	Quest Diagnostics Global 6806	8041 Church St, Seattle, 40765	US
S3_TRAIN_000435	zephyr-clean-energy-9164	7675 Victoria Rd, Amsterdam, 72575, NL	NL
S3_TRAIN_000476	TRUENORTH CONSULTING 7556	7159 Bay Street, Osaka	JP
S3_TRAIN_000827	ProActive Safety 5497 LLP	Suite 570, 6486 Oxford Street, Atlanta - 35826	US
S3_TRAIN_001659	Crestview Holdings Unrelated 687 N.V.	7680 Market Street, Rotterdam, NL	NL
S3_TRAIN_001930	Zion Natural Foods Unrelated 144 LLC	4853 Bay Street, Austin, US	US
S3_TRAIN_001764	Jade Palace Dining Unrelated 174 Corp.	1091 Bay Street, Vancouver, CA	CA
S3_TRAIN_000280	Linear Motion Control 6057	569 Church St, Mumbai, 97235	IN
S3_TRAIN_000021	Treasure Cost Marine 9325	Suite 318, 7 Church St, Perth - 49829	AU
S3_TRAIN_000170	VELOCITY MOTORS 7475	Frankfurt, 3653 High Street, 69566	DE
S3_TRAIN_000078	tristate-utilities-1947	Bengaluru, 6115 Bay Street, 54444	IN
S3_TRAIN_001173	Meridian Wealth 527 G.K.	2881 Maple Ave, Yokohama, 24104	JP
S3_TRAIN_001227	Spectra Chemical 512	Suite 355, 2558 Bay Street, Berlin - 24397	DE
S3_TRAIN_000155	sanctuary-spa-group-2168	3667 Main St, Chennai	IN
S3_TRAIN_000744	TopTier Athletics 2347 Co.	Suite 453, 1518 Maple Ave, Seattle - 17731	
S3_TRAIN_000371	Sterling Bank & Trust 2911	3059 Main St, Dallas, 36083	US
S3_TRAIN_002088	Milestone Education Unrelated 202 LLP	7241 Harbor Drive, Boston, US	US
S3_TRAIN_001910	Xcel Precision Tools Unrelated 314 Limited	4247 Elm Street, Edinburgh, GB	GB
S3_TRAIN_001037	renaissance-arts-326	Calgary, 747 MG Road, 91554	CA
S3_TRAIN_001770	TriState Utilities Unrelated 343 G.K.	3312 Church St, Tokyo, JP	JP
S3_TRAIN_000710	3699 Nimble	1259 High Street, Atlanta	US
S3_TRAIN_001727	Matrix Computing Unrelated 104 Pty Ltd	198 Park Avenue, Melbourne, AU	AU
S3_TRAIN_001966	TriState Utilities Unrelated 954 Pty Ltd	4440 Church St, Brisbane, AU	AU
S3_TRAIN_000554	Veritas Legal Services 4194 Proprietary Limited	Brisbane, 5274 Main St, 66033	AU
S3_TRAIN_001250	Dynamo Retail 4123 LLP	Suite 417, 9297 Queen Street, Kolkata - 57486	IN
S3_TRAIN_000206	Zenith Broadcast Group 2451 SARL	6907 Industrial Blvd, Paris, 75483, FR	FR
S3_TRAIN_001322	Starfire Gaming 4231 ULC	6487 Friedrichstrasse, Ottawa	CA
S3_TRAIN_000541	Velocity Motors 6379	2645 MG Road, Yokohama	JP
S3_TRAIN_000859	Helix BioSciences 3782	2796 Rue de Rivoli, Utrecht, 40800, NL	NL
S3_TRAIN_000959	Talon Security 129 Ltée	3067 Industrial Blvd, Ottawa, 13878, CA	CA
S3_TRAIN_001905	Saturn Heavy Industries Unrelated 213 N.V.	2867 Oxford Street, Rotterdam, NL	NL
S3_TRAIN_001298	Supreme Logistics 4972 LLP	Singapore, 8300 Oxford Street, 74921	SG
S3_TRAIN_000623	Golden Gate Trading 4469	Suite 616, 9909 Station Road, Hamburg - 80295	DE
S3_TRAIN_002067	Unified Communications Unrelated 261 Co. Ltd.	4492 Brigade Road, Manchester, GB	GB
S3_TRAIN_000636	Meridian Wealth 4614 SAS	400 Oxford Street, Lyon	
S3_TRAIN_001406	Synthesis Data Labs 8715	9168 Market Street, Singapore, 86490	SG
S3_TRAIN_002021	Silicon Valley Micro Unrelated 994 Ltd	7572 Main St, Melbourne, AU	AU
S3_TRAIN_001584	Pinnacle Pharmaceuticals Unrelated 626 Corp.	1408 George Street, Boston, US	US
S3_TRAIN_000365	southland-agriculture-7919	9523 Oxford Street, Toulouse	FR
S3_TRAIN_000892	CyberShield Defense 5778 LLP	7786 Church St, Hyderabad, 35729, IN	IN
S3_TRAIN_001247	Pathfinder Robotics 9274 Ltd	38 King St., Melbourne, 62275, AU	AU
S3_TRAIN_001144	harmonic-audio-686	3205 Washington Blvd, Dallas, 12596	US
S3_TRAIN_001989	Vertex Engineering Unrelated 454 LLP	9624 Park Avenue, Birmingham, GB	GB
S3_TRAIN_000712	Windward Nautical 4648	6808 Harbor Drive, Amsterdam, 10402	
S3_TRAIN_000917	Helix BioSciences 6869 LLP	846 Church St, London	GB
S3_TRAIN_000190	Velocity Motors 2436	Suite 778, 9661 Brigade Road, Hamburg - 48141	DE
S3_TRAIN_000848	Sentient AI Sys 4519	104 Brigade Rd, Edinburgh, 73644, GB	GB
S3_TRAIN_001772	Kodiak Tactical Unrelated 242 UG	6298 Victoria Road, Munich, DE	DE
S3_TRAIN_001065	Waveform Acoustic 8781	Suite 647, 5113 Park Avenue, Lyon - 37017	FR
S3_TRAIN_001611	Liberty Title Agency Unrelated 166 SARL	2305 Rue de Rivoli, Lyon, FR	FR
S3_TRAIN_001529	Trident Subsea Works Unrelated 712 Corporation	311 Market Street, Boston, US	US
S3_TRAIN_002161	Volt Electrical Services Unrelated 532 Pte. Ltd.	8115 Market Street, Singapore, SG	SG
S3_TRAIN_000749	3330 Standard	4371 Queen Street, Stuttgart, 64771	DE
S3_TRAIN_000172	Venture Point Capital 9840	Suite 236, 6303 Orchard Road, Utrecht - 64875	NL
S3_TRAIN_000405	GreenLeaf Orgaics 5184	Singapore, 9890 Main St, 42440	SG
S3_TRAIN_000121	Viking Freight 1561	972 George Street, Kolkata	IN
S3_TRAIN_000473	Nautilus Oceanic 7977 NL	256 Queen Street, Sydney	AU
S3_TRAIN_000069	Cinnabar Creative 3132 NL	5439 High Street, Brisbane	AU
S3_TRAIN_000014	OnPoint Diagnostics 1128	2585 Queen St., Montreal, 67433, CA	CA
S3_TRAIN_000584	TransNational Logisticcs 7918	9032 Church St, Toulouse, 84460	FR
S3_TRAIN_000362	Overland Express 720 LLC	4655 MG Rd, Chicago, 32825, US	US
S3_TRAIN_000992	Ion Propulsion Labs 3824	100 Friedrichstrasse, Paris, 79978, FR	FR
S3_TRAIN_001438	Jade Palace Dininng 6391	Nagoya, 3107 Maple Ave, 23464	JP
S3_TRAIN_000661	sierra-nevada-brewing-2069	9828 Park Avenue, Chicago	US
S3_TRAIN_001439	MicroTech Semiconducttor 5825	6258 Maple Ave, Chennai, 50093, IN	IN
S3_TRAIN_001208	Quest Diagnostics Global 2205 Limited	Ottawa, 8064 Church St, 79578	
S3_TRAIN_001402	orbit-satellite-services-5033	6024 Broadway, Melbourne	AU
S3_TRAIN_001458	Pinnacle Pharmaceuticals Unrelated 733 Ltd	7252 Washington Blvd, Adelaide, AU	AU
S3_TRAIN_000993	TerraFirma Lanscaping 8775	3890 King Street, Toronto, 52838	CA
S3_TRAIN_002097	Cinnabar Creative Unrelated 636 Inc.	4863 Commercial Road, Vancouver, CA	CA
S3_TRAIN_001327	Fusion Power Dynamics 4026	1227 Rue de Rivoli, Perth	AU
S3_TRAIN_001277	keystone-civil-works-472	6560 High Street, Osaka, 89122	JP
S3_TRAIN_000523	Ultratch Industrial 4551	9184 George Street, Kolkata	IN
S3_TRAIN_000024	riverstone-capital-8703	7252 Station Road, Yokohama	JP
S3_TRAIN_001390	OnPoint Diagnostics  2454	3495 Washington Blvd, Osaka, 73359, JP	JP
S3_TRAIN_000574	Wildcat Oil Explration 9600	Suite 941, 2334 Friedrichstrasse, Mumbai - 98111	IN
S3_TRAIN_000315	threshold-interactive-6723	2188 Rue de Rivoli, Hamburg, 44167	DE
S3_TRAIN_001136	Compass Point Marine 8624	9062 Park Ave, Rotterdam, 68113, NL	NL
S3_TRAIN_000706	4388 Crestview	4143 Bay Street, San Francisco, 79281	US
S3_TRAIN_001524	Genesis Industrial Unrelated 151 ULC	1519 Park Avenue, Montreal, CA	CA
S3_TRAIN_001063	5487 Ultratech	2994 Industrial Boulevard, Stuttgart	
S3_TRAIN_001517	Synthesis Data Labs Unrelated 900 Enterprises	2235 King Street, Mumbai, IN	IN
S3_TRAIN_000702	Emerald City Foods 4255 Proprietary Limited	Brisbane, 2232 Church St, 33371	
S3_TRAIN_000062	Oceanic Seafoods 9796	5402 Park Avenue, Boston, 22387	US
S3_TRAIN_001985	Orbit Satellite Services Unrelated 440 GmbH	5166 George Street, Munich, DE	DE
S3_TRAIN_002091	MicroTech Semiconductor Unrelated 216 Corp.	972 Park Avenue, Seattle, US	US
S3_TRAIN_000103	Kinetic Sports 3464 B.V.	The Hague, 763 Oxford Street, 19744	NL
S3_TRAIN_000961	Synthesis Dataa Labs 3668	2620 Friedrichstrasse, Edinburgh	
S3_TRAIN_001773	Jupiter Aerospace Unrelated 214 Co. Ltd.	5675 Friedrichstrasse, Leeds, GB	GB
S3_TRAIN_001820	Ivy League Education Unrelated 465 Pty Ltd	7966 Bay Street, Perth, AU	AU
S3_TRAIN_000839	Heritage Distilling 7094	4376 Oxford Street, Fukuoka, 99165	JP
S3_TRAIN_000005	Velocity Motors 8180 Private Limited	Suite 193, 4340 Market Street, Singapore - 28301	SG
S3_TRAIN_001988	Sunlight Solar Power Unrelated 506 B.V.	5139 Bay Street, Rotterdam, NL	NL
S3_TRAIN_000335	Milestone Education 7234 K.K.	Suite 525, 1627 Harbor Drive, Fukuoka - 30223	JP
S3_TRAIN_000570	oceanic-seafoods-5526	Suite 196, 7985 Station Road, New Delhi - 81945	IN
S3_TRAIN_001248	Latitude Geospatial 7904 Incorporated	New York, 4341 Bay Street, 43267	US
S3_TRAIN_001711	Halo Interactive Unrelated 919 Ltd.	3179 Brigade Road, Birmingham, GB	GB
S3_TRAIN_000312	6657 United	8056 Park Avenue, Seattle, 71746	US
S3_TRAIN_001403	RENAISSANCE ARTS 3248	The Hague, 8673 Orchard Road, 57534	NL
S3_TRAIN_000956	Voyager Travel Group 5483 UG	Munich, 99 Oxford Street, 55462	DE
S3_TRAIN_001555	Vibrant Media Group Unrelated 782 Kabushiki Kaisha	8123 Friedrichstrasse, Fukuoka, JP	JP
S3_TRAIN_000977	Trident Subsea Works 4244 Proprietary Limited	Suite 575, 4910 George Street, Sydney - 27985	AU
S3_TRAIN_000211	Magnolia Hospitality 6766	Toronto, 2239 Industrial Boulevard, 47957	CA
S3_TRAIN_000197	SPIRE GLOBAL SOLUTIONS 6940	Suite 892, 4515 Maple Ave, Utrecht - 99208	NL
S3_TRAIN_002116	Safeguard Insurance Unrelated 262 SARL	6709 Brigade Road, Lyon, FR	FR
S3_TRAIN_001480	Integrity Consulting Unrelated 290 Corp.	7139 Washington Blvd, Dallas, US	US
S3_TRAIN_001784	CrossRoads Transport Unrelated 790 SAS	1454 Rue de Rivoli, Marseille, FR	FR
S3_TRAIN_000874	Libertty Title Agency 8715	Suite 724, 7957 Queen Street, Toronto - 76988	CA
S3_TRAIN_001309	Clearwater Analytics 7729	Yokohama, 1364 MG Road, 32513	JP
S3_TRAIN_001836	Rigel Marine Services Unrelated 901 SNC	5605 Brigade Road, Toulouse, FR	FR
S3_TRAIN_000879	victory-marine-273	Suite 679, 6175 Bay Street, Pune - 58318	IN
S3_TRAIN_000166	Universal Aerospace 2794	4396 Friedrichstrasse, Frankfurt, 22183	DE
S3_TRAIN_001762	Titan Heavy Machinery Unrelated 903 Inc.	1492 Church St, Ottawa, CA	CA
S3_TRAIN_000632	Treasure Coast Marine 1758	New York, 820 Maple Ave, 11469	US
S3_TRAIN_000597	Delta Wave Electronics 1875	Manchester, 1090 Rue de Rivoli, 34033	GB
S3_TRAIN_001706	Pinnacle Pharmaceuticals Unrelated 510 Pty Ltd	9211 Bay Street, Perth, AU	AU
S3_TRAIN_001969	Zion Natural Foods Unrelated 911 Proprietary Limited	4381 Friedrichstrasse, Melbourne, AU	AU
S3_TRAIN_002107	Paladin Risk Management Unrelated 289 Ltd.	8196 Queen Street, Singapore, SG	SG
S3_TRAIN_000149	SoundWave Media 6875 Ltd.	Suite 203, 2429 Market Street, Leeds - 84264	GB
S3_TRAIN_001071	Synergy Pharmaceuticals 9014	7732 Maple Ave, Munich, 40415, DE	DE
S3_TRAIN_001889	Solaria Energy Systems Unrelated 614 Private Limited	5416 High Street, Singapore, SG	SG
S3_TRAIN_001694	Ivy League Education Unrelated 517 B.V.	506 Victoria Road, Amsterdam, NL	NL
S3_TRAIN_000866	Riverstone Capital 341	6186 Commercial Rd, Bengaluru, 76517, IN	IN
S3_TRAIN_001312	Lantern  Publishing 5280	8667 Harbor Drive, Austin	US
S3_TRAIN_000205	Meridian Wealth 7385	9436 Market St., Chennai, 99916, IN	IN
S3_TRAIN_001745	Prism Optical Unrelated 112 Inc.	7336 Victoria Road, Chicago, US	US
S3_TRAIN_000087	CINNABAR CREATIVE 152	1759 Maple Ave, Adelaide, 53914, AU	AU
S3_TRAIN_000223	Windward Nautical 1406 LLP	Suite 439, 3983 High Street, Bristol - 91396	GB
S3_TRAIN_001778	Cedar Point Energy Unrelated 558 GmbH & Co. KG	8222 Main St, Frankfurt, DE	DE
S3_TRAIN_000658	7424 Lighthouse	7142 Market Street, New Delhi, 46505	IN
S3_TRAIN_000298	Catalyst Innovatiion 2935	Suite 928, 4961 Market Street, Singapore - 91522	SG
S3_TRAIN_000382	OLYMPUS CHEMICAL 3970	4069 High St., Ottawa, 39156, CA	CA
S3_TRAIN_002026	Elevate Digital Unrelated 733 NL	7986 MG Road, Perth, AU	AU
S3_TRAIN_000638	Standard Petroleum 2692 LLP	Suite 935, 2377 Orchard Road, Boston - 88484	US
S3_TRAIN_001045	2451 Sigma	5928 Bay Street, Melbourne, 54549	AU
S3_TRAIN_002082	Centurion Security Unrelated 887 SAS	3112 Commercial Road, Paris, FR	FR
S3_TRAIN_000403	Jade Palace Dining 2199 N.V.	5883 Elm St., Rotterdam, 46358, NL	NL
S3_TRAIN_001346	Wildct Oil Exploration 3254	654 Main St, Adelaide, 30473	AU
S3_TRAIN_002124	Overland Express Unrelated 596 Ltée	9500 Park Avenue, Montreal, CA	CA
S3_TRAIN_001422	Volt Electrical Services 2971 LLP	538 Harbor Drive, Singapore, 95153, SG	SG
S3_TRAIN_000246	9904 OnPoint	Suite 510, 1687 Orchard Road, Rotterdam - 63174	NL
S3_TRAIN_001073	TALON SECURITY 6077	4437 Friedrichstrasse, New Delhi, 61617	IN
S3_TRAIN_001153	9793 Laguna	8095 George Street, Berlin, 17774	DE
S3_TRAIN_001251	Apex Logistics 318 GmbH	678 Victoria Rd, Berlin, 33435, DE	DE
S3_TRAIN_001771	Falcon Heavy Transport Unrelated 489 LLP	9836 Commercial Road, New York, US	US
S3_TRAIN_001245	Vista Window Systems 66230	Suite 323, 6830 Harbor Drive, Nagoya - 11495	JP
S3_TRAIN_000198	3634 Luminary	Suite 892, 619 Maple Ave, Berlin - 60374	DE
S3_TRAIN_001803	Windward Nautical Unrelated 309 UG	6139 Washington Blvd, Munich, DE	DE
S3_TRAIN_001130	Oceanic Seafoods 9796	3616 MG Road, Bordeaux, 51765	FR
S3_TRAIN_000108	Prairie Wind Renewables 5444	7213 Station Road, The Hague, 53874	NL
S3_TRAIN_000096	3423 Sapphire	3471 Main St, Frankfurt	DE
S3_TRAIN_001562	Pinnacle Pharmaceuticals Unrelated 718 B.V.	5746 Broadway, The Hague, NL	NL
S3_TRAIN_000989	3363 Safeguard	The Hague, 4992 MG Road, 99094	NL
S3_TRAIN_000306	3057 Solaria	Suite 980, 7657 MG Road, The Hague - 45118	NL
S3_TRAIN_000436	Novaa Medical Devices 6673	2461 Orchard Rd, Tokyo, 13104, JP	JP
S3_TRAIN_001494	Dynamo Retail Unrelated 979 Inc.	7318 King Street, Austin, US	US
S3_TRAIN_000257	GreenLeaf Organics 8126	Singapore, 7212 Brigade Road, 93568	SG
S3_TRAIN_000484	Sierra Nevada Brewing 3778 LLP	3671 Main St, Boston, 47997, US	US
S3_TRAIN_000913	kodiak-tactical-139	Suite 505, 1847 Maple Ave, Amsterdam - 55758	NL
S3_TRAIN_000352	9118 Genesis	8271 MG Road, Perth	AU
S3_TRAIN_002145	Kodiak Tactical Unrelated 752 AG	5977 George Street, Munich, DE	DE
S3_TRAIN_000966	5532 Keystone	548 Victoria Road, Brisbane	AU
S3_TRAIN_001673	Jupiter Aerospace Unrelated 131 N.V.	3434 High Street, Utrecht, NL	NL
S3_TRAIN_001531	Frontier Biotech Unrelated 326 LLC	9755 Park Avenue, Atlanta, US	US
S3_TRAIN_000434	Halo Interactive 179 Pte. Ltd.	7444 King Street, Singapore	SG
S3_TRAIN_002139	Overland Express Unrelated 701 K.K.	3433 Queen Street, Tokyo, JP	JP
S3_TRAIN_000687	5824 Synergy	Suite 674, 5550 Washington Blvd, Boston - 64464	US
S3_TRAIN_001141	Peak Performance Fitness 4856	6052 Church St, Chicago, 79756	US
S3_TRAIN_000230	Spectrum Communications 1940 Enterprises	484 Market Street, New Delhi, 51771	IN
S3_TRAIN_001336	Universal Aerospace 8454	Suite 476, 6344 Station Road, Singapore - 62142	SG
S3_TRAIN_001721	Veritas Legal Services Unrelated 565 Pvt. Ltd.	5986 Market Street, Bengaluru, IN	IN
S3_TRAIN_000327	1254 Sterling	6962 Orchard Road, San Francisco	US
S3_TRAIN_001841	Turbine Power Systems Unrelated 226 NL	7160 Orchard Road, Brisbane, AU	AU
S3_TRAIN_000983	Luminary Lighting 7002	6727 Rue de Rivoli, Seattle	US
S3_TRAIN_000488	Quest Diagnostics Global7825	Suite 496, 907 Main St, Melbourne - 13454	AU
S3_TRAIN_001264	INTEGRITY CONSULTING 2348	Amsterdam, 622 Elm Street, 93382	NL
S3_TRAIN_001662	Synergy Pharmaceuticals Unrelated 466 Ltd.	1488 Brigade Road, Pune, IN	IN
S3_TRAIN_001204	Goldenn Gate Trading 500	Osaka, 4440 Washington Blvd, 75086	JP
S3_TRAIN_000748	2979 NorthStar	Mumbai, 9288 Elm Street, 90584	IN
S3_TRAIN_000653	Legacy Manufacturing 3371	Suite 449, 8143 Industrial Boulevard, Utrecht - 59151	NL
S3_TRAIN_000073	Whispering Pines Resort 7843	Suite 989, 9420 George Street, Fukuoka - 19666	
S3_TRAIN_001135	Universal Aerospace 3247	3557 George St., Montreal, 59989, CA	
S3_TRAIN_000271	Lantern Publishing 2860	2950 Maple Ave, Amsterdam, 75521, NL	NL
S3_TRAIN_001828	Crestview Holdings Unrelated 673 Pty Ltd	2112 Station Road, Sydney, AU	AU
S3_TRAIN_001565	Summit Mountain Gear Unrelated 321 Corporation	8690 Washington Blvd, Boston, US	US
S3_TRAIN_001342	6480 Pulse	Suite 713, 8743 Bay Street, The Hague - 25101	NL
S3_TRAIN_000269	Maven Data Science 2315 Pte. Ltd.	Singapore, 6061 Victoria Road, 82536	SG
S3_TRAIN_000360	CloudScale Systems 992 Pvt Ltd	New Delhi, 7141 Elm Street, 77256	IN
S3_TRAIN_000621	reliant-power-systems-6063	5345 MG Road, Singapore	SG
S3_TRAIN_002144	Vertex Engineering Unrelated 752 B.V.	9798 Main St, Utrecht, NL	NL
S3_TRAIN_001576	Southland Agriculture Unrelated 918 Co. Ltd.	6811 Church St, Glasgow, GB	GB
S3_TRAIN_000886	United Parcel Express 573	3344 Washington Blvd, San Francisco	US
S3_TRAIN_000797	7169 Peak	Birmingham, 755 Main St, 67135	GB
S3_TRAIN_000474	Veritas Legal Services 11	5738 Market St., Seattle, 47128, US	US
S3_TRAIN_000066	6143 Eagle	Toronto, 1624 Station Road, 95191	CA
S3_TRAIN_001454	sentient-ai-systems-7650	San Francisco, 5500 Broadway, 50403	US
S3_TRAIN_001364	Dynamo Retail 9162	Ottawa, 2629 Commercial Road, 51018	CA
S3_TRAIN_002000	Linear Motion Control Unrelated 247 G.K.	5681 Market Street, Tokyo, JP	JP
S3_TRAIN_001055	Optima Insurance 9541 SAS	2625 Friedrichstrasse, Marseille, 88829, FR	FR
S3_TRAIN_001329	PRIME AUTO GROUP 3478	8188 Main St, Hamburg, 75328, DE	DE
S3_TRAIN_000266	Oceanic Seafoods  919	Berlin, 1937 Bay Street, 37745	DE
S3_TRAIN_001804	Riverstone Capital Unrelated 423 Ltd.	8668 Commercial Road, Birmingham, GB	GB
S3_TRAIN_000147	9384 Sanctuary	Calgary, 1294 Queen Street, 61747	CA
S3_TRAIN_000051	Sunrise Bakery 3363	3395 Church St, Edinburgh, 86858	GB
S3_TRAIN_000960	Serenity Living 1269 Inc.	415 Church St, Atlanta, 19365	
S3_TRAIN_000768	Skyline Real Estate 9683	Utrecht, 9314 Elm Street, 24934	
S3_TRAIN_002058	Ultratech Industrial Unrelated 402 Private Limited	3834 Brigade Road, Singapore, SG	SG
S3_TRAIN_001039	Sanctuary Spa Group 9772	Bordeaux, 2211 Rue de Rivoli, 45748	FR
S3_TRAIN_001831	Latitude Geospatial Unrelated 309 Pty Ltd	8638 Park Avenue, Perth, AU	AU
S3_TRAIN_000725	TrueNorth Consulting 2354	4585 Brigade Road, Boston, 45405	US
S3_TRAIN_002167	Sapphire Healthcare Unrelated 135 Co. Ltd.	5903 George Street, Bristol, GB	GB
S3_TRAIN_001605	Apex Logistics Unrelated 934 SNC	6144 Rue de Rivoli, Paris, FR	FR
S3_TRAIN_001652	Infinity Robotics Unrelated 455 K.K.	5699 Elm Street, Nagoya, JP	JP
S3_TRAIN_001427	Threshold Interactive 9135 ULC	Ottawa, 8952 Washington Blvd, 55663	CA
S3_TRAIN_001865	Acme Global Unrelated 918 Pty Ltd	3557 Victoria Road, Sydney, AU	AU
S3_TRAIN_000888	Kodiak Tactical 8756 Corp.	Montreal, 8014 Main St, 20726	CA
S3_TRAIN_001049	Preciion Machining 6358	Amsterdam, 772 Broadway, 69596	NL
S3_TRAIN_000628	Kinetic Sports 9548	1321 Commercial Rd, Paris, 86229, FR	
S3_TRAIN_002068	Starlight Entertainment Unrelated 874 N.V.	8074 Station Road, The Hague, NL	NL
S3_TRAIN_002083	Fusion Power Dynamics Unrelated 647 Co. Ltd.	3971 Bay Street, Birmingham, GB	GB
S3_TRAIN_001853	Fusion Power Dynamics Unrelated 878 G.K.	8227 Rue de Rivoli, Fukuoka, JP	JP
S3_TRAIN_001922	Crestview Holdings Unrelated 637 LLP	8786 Church St, Singapore, SG	SG
S3_TRAIN_001274	eagle-eye-surveillance-4662	Suite 139, 3548 High Street, Singapore - 88629	SG
S3_TRAIN_002118	Milestone Education Unrelated 374 B.V.	6834 Park Avenue, Rotterdam, NL	NL
S3_TRAIN_002008	Jupiter Aerospace Unrelated 477 NL	8438 Market Street, Brisbane, AU	AU
S3_TRAIN_002102	Pacific Rim Trading Unrelated 155 PLC	4279 Oxford Street, Leeds, GB	GB
S3_TRAIN_000076	Snrise Bakery 675	San Francisco, 9450 High Street, 44688	US
S3_TRAIN_000897	Maven Data Science 8432	7501 Maple Ave, Nagoya, 86393	JP
S3_TRAIN_002095	TopTier Athletics Unrelated 908 Ltd	7162 Brigade Road, Adelaide, AU	AU
S3_TRAIN_000613	Rigel Marine Services 5422 Ltd.	921 Broadway, Glasgow	GB
S3_TRAIN_000610	terrafirma-landscaping-6845	3147 Oxford St., New Delhi, 77295, IN	IN
S3_TRAIN_000284	Golden Gate Trading 7007	200 Commercial Rd, Hamburg, 47309, DE	DE
S3_TRAIN_001722	WorldBridge Express Unrelated 915 Ltd.	6834 Queen Street, Singapore, SG	SG
S3_TRAIN_001111	Tndem Software 3531	Brisbane, 1196 Market Street, 27169	AU
S3_TRAIN_001890	Fusion Power Dynamics Unrelated 423 Pty Ltd	536 Orchard Road, Perth, AU	AU
S3_TRAIN_000200	Precision Machining 5786	3282 Elm Street, Singapore	SG
S3_TRAIN_001587	Xcel Precision Tools Unrelated 922 Proprietary Limited	1404 Industrial Boulevard, Adelaide, AU	AU
S3_TRAIN_000133	Latitude Geospatial 2467 Corp.	3818 Main St, Atlanta, 80981, US	US
S3_TRAIN_001816	Waveform Acoustic Unrelated 547 ULC	8255 Victoria Road, Calgary, CA	CA
S3_TRAIN_001690	CyberShield Defense Unrelated 921 Kabushiki Kaisha	9502 Commercial Road, Fukuoka, JP	JP
S3_TRAIN_001168	ironclad-construction-213	8090 George Street, Paris, 55620	
S3_TRAIN_000426	BlueSky Technologies 9885	Suite 911, 340 Bay Street, Leeds - 24422	GB
S3_TRAIN_000831	cinnabar-creative-7225	5017 MG Rd, Singapore, 89253, SG	SG
S3_TRAIN_001765	CloudScale Systems Unrelated 287 ULC	6987 Church St, Toronto, CA	CA
S3_TRAIN_001815	Talon Security Unrelated 477 Enterprises	5277 Victoria Road, Chennai, IN	IN
S3_TRAIN_001923	Cobalt Media Group Unrelated 801 K.K.	333 Industrial Boulevard, Yokohama, JP	JP
S3_TRAIN_001885	Halo Interactive Unrelated 117 Ltée	4100 Brigade Road, Calgary, CA	CA
S3_TRAIN_000490	venture-point-capital-2006	8908 Oxford Street, London	GB
S3_TRAIN_000486	Centurion Security 5539	Singapore, 5482 MG Road, 17784	SG
S3_TRAIN_001103	Heritage Distilliing 7716	Suite 175, 435 Market Street, Singapore - 85431	SG
S3_TRAIN_000241	Synthesis Data Labs 5435	4596 Market St., Berlin, 14085, DE	DE
S3_TRAIN_001359	Nova Medical Devices 5607	8540 George Street, Frankfurt	DE
S3_TRAIN_000237	TRANSNATIONAL LOGISTICS 954	8667 Harbor Drive, Glasgow	GB
S3_TRAIN_001883	Centurion Security Unrelated 822 K.K.	7182 Church St, Fukuoka, JP	JP
S3_TRAIN_001776	Harmonic Audio Unrelated 542 SARL	2804 Main St, Lyon, FR	FR
S3_TRAIN_000903	Cascade Capital 1992 Co. Ltd.	9577 Brigade Road, Glasgow, 20462	GB
S3_TRAIN_000224	Spire Global Solutions3472	Suite 779, 4238 Orchard Road, Ottawa - 81932	CA
S3_TRAIN_001628	Nebula Cloud Hosting Unrelated 845 Co.	1753 Washington Blvd, Chicago, US	US
S3_TRAIN_000499	WorldBridge Express 6850	843 Orchard Road, Tokyo	JP
S3_TRAIN_001631	Solaria Energy Systems Unrelated 421 Private Limited	894 Main St, Singapore, SG	SG
S3_TRAIN_001769	Rockwell Automation Systems Unrelated 741 Inc.	7908 Main St, Dallas, US	US
S3_TRAIN_000207	synthesis-data-labs-9436	Osaka, 5819 Queen Street, 52610	JP
S3_TRAIN_002190	Cedar Point Energy Unrelated 550 SA	3812 Main St, Paris, FR	FR
S3_TRAIN_001962	Sapphire Healthcare Unrelated 810 Limited	2353 Park Avenue, Chennai, IN	IN
S3_TRAIN_000231	TOPTIER ATHLETICS 9291	Rotterdam, 3805 Maple Ave, 40266	NL
S3_TRAIN_001441	4957 Ultratech	9827 Queen Street, Montreal, 88597	CA
S3_TRAIN_000457	Harbor Light Logistics 554	Nagoya, 6715 Elm Street, 48466	JP
S3_TRAIN_001548	Wayfarer Outdoors Unrelated 170 Corp.	9662 Harbor Drive, Boston, US	US
S3_TRAIN_000256	Meridian Wealth 4510 Pty Ltd	1828 Harbor Drive, Sydney, 89144	AU
S3_TRAIN_000830	6278 Clearwater	Calgary, 1379 Market Street, 84754	CA
S3_TRAIN_000611	victory-marine-4429	8399 Commercial Road, Singapore, 65641	SG
S3_TRAIN_001712	Eagle Eye Surveillance Unrelated 211 PLC	352 Orchard Road, Edinburgh, GB	GB
S3_TRAIN_000288	Unified Communications 7743 Ltd.	Bristol, 4714 King Street, 64677	GB
S3_TRAIN_002164	Starfire Gaming Unrelated 712 Corporation	9448 Church St, Dallas, US	US
S3_TRAIN_002011	Frontier Biotech Unrelated 645 ULC	5643 Harbor Drive, Ottawa, CA	CA
S3_TRAIN_000001	Zenith Broadcast Group 8936 Limited	Glasgow, 521 George Street, 13905	GB
S3_TRAIN_000676	Liberty Title Agency 6383	Suite 422, 7595 Rue de Rivoli, Kolkata - 96288	IN
S3_TRAIN_001214	Falcon Heavy Transport 6608 SA	Suite 767, 6993 Maple Ave, Bordeaux - 41140	FR
S3_TRAIN_000835	Ultratech Industrial 5497	7154 Brigade Road, Montreal, 58590	CA
S3_TRAIN_001319	Equinox Venture Partners 1438 LLP	9339 Church St, Singapore, 56746, SG	SG
S3_TRAIN_000052	Sandard Petroleum 4107	423 King St., Bengaluru, 27275, IN	IN
